 ,  ,number
Trend,%bugs,0.8055555555555556
Trend,%effort,0.6901408450704225
Trend,F1,0.7433952393408317
Trend,%bugs,1.0
Trend,%effort,0.4
Trend,F1,0.5714285714285715
Trend,%bugs,0.6595744680851063
Trend,%effort,0.7393483709273183
Trend,F1,0.6971868567507814
Trend,%bugs,0.9444444444444444
Trend,%effort,0.5039370078740157
Trend,F1,0.6572032618544246
Trend,%bugs,0.3333333333333333
Trend,%effort,0.8018018018018018
Trend,F1,0.4708994708994709
Trend,%bugs,0.9230769230769231
Trend,%effort,0.6056338028169015
Trend,F1,0.7313961729270022
Trend,%bugs,0.8148148148148148
Trend,%effort,0.5913043478260869
Trend,F1,0.685295464956482
Trend,%bugs,1.0
Trend,%effort,0.504424778761062
Trend,F1,0.6705882352941176
Trend,%bugs,0.5555555555555556
Trend,%effort,0.6818181818181819
Trend,F1,0.6122448979591837
Trend,%bugs,0.7647058823529411
Trend,%effort,0.5447154471544715
Trend,F1,0.6362308254200146
Trend,%bugs,1.0
Trend,%effort,0.275
Trend,F1,0.4313725490196079
Trend,%bugs,0.8148148148148148
Trend,%effort,0.695067264573991
Trend,F1,0.7501924980750191
Trend,%bugs,0.9583333333333334
Trend,%effort,0.5344827586206897
Trend,F1,0.6862367661212706
Trend,%bugs,0.6764705882352942
Trend,%effort,0.6397058823529411
Trend,F1,0.6575747617482748
Trend,%bugs,1.0
Trend,%effort,0.25210084033613445
Trend,F1,0.40268456375838924
Trend,%bugs,0.9375
Trend,%effort,0.5384615384615384
Trend,F1,0.6840390879478828
Trend,%bugs,0.95
Trend,%effort,0.5319148936170213
Trend,F1,0.6819813352476668
Trend,%bugs,0.8333333333333334
Trend,%effort,0.5185185185185186
Trend,F1,0.639269406392694
Trend,%bugs,0.5217391304347826
Trend,%effort,0.7861271676300579
Trend,F1,0.6272098385857032
Trend,%bugs,0.9444444444444444
Trend,%effort,0.4769230769230769
Trend,F1,0.6337943475646423
Trend,%bugs,1.0
Trend,%effort,0.43870967741935485
Trend,F1,0.6098654708520179
Trend,%bugs,0.5294117647058824
Trend,%effort,0.7603305785123967
Trend,F1,0.6241990199773841
Trend,%bugs,0.926829268292683
Trend,%effort,0.42771084337349397
Trend,F1,0.5853129406660159
Trend,%bugs,1.0
Trend,%effort,0.32278481012658233
Trend,F1,0.4880382775119618
Trend,%bugs,0.8181818181818182
Trend,%effort,0.5269461077844311
Trend,F1,0.6410360178065561
Trend,%bugs,1.0
Trend,%effort,0.4017094017094017
Trend,F1,0.5731707317073171
Trend,%bugs,1.0
Trend,%effort,0.25806451612903225
Trend,F1,0.41025641025641024
Trend,%bugs,0.9545454545454546
Trend,%effort,0.4493670886075949
Trend,F1,0.6110655737704918
Trend,%bugs,0.7428571428571429
Trend,%effort,0.7439446366782008
Trend,F1,0.743400492053993
Trend,%bugs,0.7317073170731707
Trend,%effort,0.7090909090909091
Trend,F1,0.7202216066481993
Trend,%bugs,0.7441860465116279
Trend,%effort,0.5784883720930232
Trend,F1,0.6509583439815998
Trend,%bugs,0.6666666666666666
Trend,%effort,0.7719298245614035
Trend,F1,0.7154471544715446
Trend,%bugs,0.6486486486486487
Trend,%effort,0.725552050473186
Trend,F1,0.6849485047772677
Trend,%bugs,0.9354838709677419
Trend,%effort,0.5114503816793894
Trend,F1,0.6613342409802587
Trend,%bugs,0.7631578947368421
Trend,%effort,0.7418300653594772
Trend,F1,0.7523428571428572
Trend,%bugs,0.7407407407407407
Trend,%effort,0.7384259259259259
Trend,F1,0.7395815220541355
Trend,%bugs,0.7192982456140351
Trend,%effort,0.7775377969762419
Trend,F1,0.7472850163278738
Trend,%bugs,1.0
Trend,%effort,0.39603960396039606
Trend,F1,0.5673758865248227
Trend,%bugs,1.0
Trend,%effort,0.36936936936936937
Trend,F1,0.5394736842105263
Trend,%bugs,0.8627450980392157
Trend,%effort,0.6370192307692308
Trend,F1,0.7328954398315471
Trend,%bugs,0.30952380952380953
Trend,%effort,0.9085545722713865
Trend,F1,0.46174248976532317
Trend,%bugs,0.30952380952380953
Trend,%effort,0.9085545722713865
Trend,F1,0.46174248976532317
Trend,%bugs,0.6226415094339622
Trend,%effort,0.7699530516431925
Trend,F1,0.6885058202404426
Trend,%bugs,0.6226415094339622
Trend,%effort,0.7699530516431925
Trend,F1,0.6885058202404426
Trend,%bugs,0.5357142857142857
Trend,%effort,0.790983606557377
Trend,F1,0.6387908208296558
Trend,%bugs,0.5357142857142857
Trend,%effort,0.790983606557377
Trend,F1,0.6387908208296558
Trend,%bugs,0.8260869565217391
Trend,%effort,0.64
Trend,F1,0.7212336892052194
Trend,%bugs,0.8260869565217391
Trend,%effort,0.64
Trend,F1,0.7212336892052194
Trend,%bugs,0.34782608695652173
Trend,%effort,0.9180035650623886
Trend,F1,0.504500091838609
Trend,%bugs,0.88
Trend,%effort,0.6390243902439025
Trend,F1,0.740398201669878
Trend,%bugs,0.88
Trend,%effort,0.6390243902439025
Trend,F1,0.740398201669878
Trend,%bugs,0.8913043478260869
Trend,%effort,0.6209677419354839
Trend,F1,0.7319731045675864
Trend,%bugs,0.8913043478260869
Trend,%effort,0.6209677419354839
Trend,F1,0.7319731045675864
Trend,%bugs,0.7142857142857143
Trend,%effort,0.47651006711409394
Trend,F1,0.571658615136876
Trend,%bugs,0.875
Trend,%effort,0.5801526717557253
Trend,F1,0.697704918032787
Trend,%bugs,0.875
Trend,%effort,0.5801526717557253
Trend,F1,0.697704918032787
Trend,%bugs,0.9615384615384616
Trend,%effort,0.4130434782608695
Trend,F1,0.5778588807785887
Trend,%bugs,0.9615384615384616
Trend,%effort,0.4130434782608695
Trend,F1,0.5778588807785887
Trend,%bugs,1.0
Trend,%effort,0.2931034482758621
Trend,F1,0.45333333333333337
Trend,%bugs,1.0
Trend,%effort,0.2931034482758621
Trend,F1,0.45333333333333337
Trend,%bugs,0.7
Trend,%effort,0.7552447552447552
Trend,F1,0.7265737626141278
Trend,%bugs,0.9130434782608695
Trend,%effort,0.42352941176470593
Trend,F1,0.5786452353616534
Trend,%bugs,0.9130434782608695
Trend,%effort,0.42352941176470593
Trend,F1,0.5786452353616534
Trend,%bugs,1.0
Trend,%effort,0.41081081081081083
Trend,F1,0.5823754789272031
Trend,%bugs,1.0
Trend,%effort,0.41081081081081083
Trend,F1,0.5823754789272031
Trend,%bugs,0.8823529411764706
Trend,%effort,0.4789915966386554
Trend,F1,0.6209150326797385
Trend,%bugs,0.8823529411764706
Trend,%effort,0.4789915966386554
Trend,F1,0.6209150326797385
Trend,%bugs,1.0
Trend,%effort,0.5954198473282443
Trend,F1,0.7464114832535885
Trend,%bugs,1.0
Trend,%effort,0.5954198473282443
Trend,F1,0.7464114832535885
Trend,%bugs,0.8571428571428571
Trend,%effort,0.4467005076142132
Trend,F1,0.5873192436040044
Trend,%bugs,0.8571428571428571
Trend,%effort,0.4467005076142132
Trend,F1,0.5873192436040044
Trend,%bugs,0.9
Trend,%effort,0.751937984496124
Trend,F1,0.8193336461755045
Trend,%bugs,0.9
Trend,%effort,0.751937984496124
Trend,F1,0.8193336461755045
Trend,%bugs,0.6666666666666666
Trend,%effort,0.7835497835497836
Trend,F1,0.7203980099502488
Trend,%bugs,0.6666666666666666
Trend,%effort,0.7835497835497836
Trend,F1,0.7203980099502488
Trend,%bugs,1.0
Trend,%effort,0.23529411764705888
Trend,F1,0.38095238095238104
Trend,%bugs,1.0
Trend,%effort,0.23529411764705888
Trend,F1,0.38095238095238104
Trend,%bugs,0.8695652173913043
Trend,%effort,0.34636871508379885
Trend,F1,0.49540551338393934
Trend,%bugs,0.3
Trend,%effort,0.8549019607843137
Trend,F1,0.4441426146010187
Trend,%bugs,0.6739130434782609
Trend,%effort,0.7567567567567568
Trend,F1,0.7129363449691991
Trend,%bugs,0.44
Trend,%effort,0.6051282051282052
Trend,F1,0.5095191364082434
Trend,%bugs,0.8666666666666667
Trend,%effort,0.5428571428571429
Trend,F1,0.6675675675675676
Trend,%bugs,0.5789473684210527
Trend,%effort,0.6119402985074627
Trend,F1,0.5949868073878628
Trend,%bugs,1.0
Trend,%effort,0.15909090909090906
Trend,F1,0.27450980392156854
Trend,%bugs,1.0
Trend,%effort,0.01980198019801982
Trend,F1,0.03883495145631071
Trend,%bugs,1.0
Trend,%effort,0.1071428571428571
Trend,F1,0.1935483870967741
Trend,%bugs,0.9
Trend,%effort,0.4184397163120568
Trend,F1,0.5712748789671867
Trend,%bugs,1.0
Trend,%effort,0.1476510067114094
Trend,F1,0.2573099415204679
Trend,%bugs,0.8636363636363636
Trend,%effort,0.3821656050955414
Trend,F1,0.5298628863583547
Trend,%bugs,1.0
Trend,%effort,0.06194690265486724
Trend,F1,0.11666666666666665
Trend,%bugs,1.0
Trend,%effort,0.2824427480916031
Trend,F1,0.4404761904761905
Trend,%bugs,1.0
Trend,%effort,0.4257425742574258
Trend,F1,0.5972222222222223
Trend,%bugs,1.0
Trend,%effort,0.4285714285714286
Trend,F1,0.6
Trend,%bugs,1.0
Trend,%effort,0.15533980582524276
Trend,F1,0.2689075630252102
Trend,%bugs,1.0
Trend,%effort,0.20149253731343286
Trend,F1,0.33540372670807456
Trend,%bugs,0.9583333333333334
Trend,%effort,0.15053763440860213
Trend,F1,0.26020202020202016
Trend,%bugs,1.0
Trend,%effort,0.12037037037037035
Trend,F1,0.21487603305785122
Trend,%bugs,0.875
Trend,%effort,0.3157894736842105
Trend,F1,0.4640883977900552
Trend,%bugs,1.0
Trend,%effort,0.46601941747572817
Trend,F1,0.6357615894039735
Trend,%bugs,0.8823529411764706
Trend,%effort,0.39344262295081966
Trend,F1,0.54421768707483
Trend,%bugs,1.0
Trend,%effort,0.4414414414414415
Trend,F1,0.6125
Trend,%bugs,1.0
Trend,%effort,0.41538461538461535
Trend,F1,0.5869565217391305
Trend,%bugs,0.9166666666666666
Trend,%effort,0.31818181818181823
Trend,F1,0.47239263803680986
Trend,%bugs,1.0
Trend,%effort,0.29600000000000004
Trend,F1,0.45679012345679015
Trend,%bugs,0.9444444444444444
Trend,%effort,0.6212121212121212
Trend,F1,0.7494623655913978
Trend,%bugs,1.0
Trend,%effort,0.07228915662650603
Trend,F1,0.13483146067415733
Trend,%bugs,0.9285714285714286
Trend,%effort,0.23275862068965514
Trend,F1,0.3722163308589608
Trend,%bugs,1.0
Trend,%effort,0.20499999999999996
Trend,F1,0.34024896265560156
Trend,%bugs,1.0
Trend,%effort,0.051724137931034475
Trend,F1,0.0983606557377049
Trend,%bugs,0.7777777777777778
Trend,%effort,0.6744186046511628
Trend,F1,0.7224199288256228
Trend,%bugs,1.0
Trend,%effort,0.0
Trend,F1,0.0
Trend,%bugs,0.5333333333333333
Trend,%effort,0.5098039215686274
Trend,F1,0.5213032581453635
Trend,%bugs,0.7857142857142857
Trend,%effort,0.5
Trend,F1,0.6111111111111112
M0,%bugs,0.8055555555555556
M0,%effort,0.6830985915492958
M0,F1,0.7392904073587385
M0,%bugs,1.0
M0,%effort,0.3793103448275862
M0,F1,0.5499999999999999
M0,%bugs,0.46808510638297873
M0,%effort,0.8345864661654135
M0,F1,0.5997789512464693
M0,%bugs,0.9444444444444444
M0,%effort,0.4803149606299213
M0,F1,0.6367823150138164
M0,%bugs,0.3333333333333333
M0,%effort,0.8108108108108107
M0,F1,0.47244094488188976
M0,%bugs,0.9230769230769231
M0,%effort,0.5915492957746479
M0,F1,0.721030042918455
M0,%bugs,0.8148148148148148
M0,%effort,0.5826086956521739
M0,F1,0.6794192210186679
M0,%bugs,1.0
M0,%effort,0.49557522123893805
M0,F1,0.6627218934911243
M0,%bugs,0.6111111111111112
M0,%effort,0.5454545454545454
M0,F1,0.5764192139737991
M0,%bugs,0.7647058823529411
M0,%effort,0.5365853658536586
M0,F1,0.6306504961411246
M0,%bugs,1.0
M0,%effort,0.275
M0,F1,0.4313725490196079
M0,%bugs,0.8148148148148148
M0,%effort,0.6905829596412556
M0,F1,0.7475728155339806
M0,%bugs,0.9583333333333334
M0,%effort,0.5172413793103448
M0,F1,0.6718597857838363
M0,%bugs,0.5882352941176471
M0,%effort,0.7463235294117647
M0,F1,0.6579160589855778
M0,%bugs,1.0
M0,%effort,0.24369747899159666
M0,F1,0.39189189189189194
M0,%bugs,0.9375
M0,%effort,0.5128205128205128
M0,F1,0.6629834254143646
M0,%bugs,1.0
M0,%effort,0.4042553191489362
M0,F1,0.5757575757575758
M0,%bugs,0.8333333333333334
M0,%effort,0.5061728395061729
M0,F1,0.629800307219662
M0,%bugs,0.5217391304347826
M0,%effort,0.7745664739884393
M0,F1,0.6234974796432725
M0,%bugs,0.9444444444444444
M0,%effort,0.46923076923076923
M0,F1,0.6269649334945587
M0,%bugs,1.0
M0,%effort,0.4193548387096774
M0,F1,0.5909090909090908
M0,%bugs,0.5294117647058824
M0,%effort,0.7768595041322314
M0,F1,0.6296985485671753
M0,%bugs,0.926829268292683
M0,%effort,0.42168674698795183
M0,F1,0.5796469819132709
M0,%bugs,0.7619047619047619
M0,%effort,0.620253164556962
M0,F1,0.6838203227213258
M0,%bugs,0.6363636363636364
M0,%effort,0.6946107784431137
M0,F1,0.6642126789366052
M0,%bugs,1.0
M0,%effort,0.3846153846153846
M0,F1,0.5555555555555555
M0,%bugs,1.0
M0,%effort,0.25
M0,F1,0.4
M0,%bugs,0.9545454545454546
M0,%effort,0.430379746835443
M0,F1,0.5932696302451184
M0,%bugs,0.7428571428571429
M0,%effort,0.740484429065744
M0,F1,0.7416688882964543
M0,%bugs,0.7560975609756098
M0,%effort,0.6545454545454545
M0,F1,0.7016661427224143
M0,%bugs,0.7441860465116279
M0,%effort,0.5726744186046512
M0,F1,0.6472611530366036
M0,%bugs,0.6666666666666666
M0,%effort,0.7894736842105263
M0,F1,0.7228915662650601
M0,%bugs,0.6486486486486487
M0,%effort,0.7160883280757098
M0,F1,0.6807021927906541
M0,%bugs,0.9354838709677419
M0,%effort,0.5076335877862596
M0,F1,0.6581349714188209
M0,%bugs,0.7631578947368421
M0,%effort,0.7352941176470589
M0,F1,0.7489669421487604
M0,%bugs,0.7407407407407407
M0,%effort,0.7361111111111112
M0,F1,0.7384186694531523
M0,%bugs,0.7192982456140351
M0,%effort,0.7732181425485961
M0,F1,0.7452842164055955
M0,%bugs,1.0
M0,%effort,0.37623762376237624
M0,F1,0.5467625899280576
M0,%bugs,1.0
M0,%effort,0.3513513513513513
M0,F1,0.5199999999999999
M0,%bugs,0.11764705882352941
M0,%effort,0.9495192307692307
M0,F1,0.20935471048098583
M0,%bugs,0.30952380952380953
M0,%effort,0.9026548672566371
M0,F1,0.4609768816269773
M0,%bugs,0.30952380952380953
M0,%effort,0.9026548672566371
M0,F1,0.4609768816269773
M0,%bugs,0.6226415094339622
M0,%effort,0.7676056338028169
M0,F1,0.687565707732008
M0,%bugs,0.6226415094339622
M0,%effort,0.7676056338028169
M0,F1,0.687565707732008
M0,%bugs,0.5357142857142857
M0,%effort,0.7786885245901639
M0,F1,0.6347438752783965
M0,%bugs,0.5357142857142857
M0,%effort,0.7786885245901639
M0,F1,0.6347438752783965
M0,%bugs,0.8260869565217391
M0,%effort,0.6228571428571428
M0,F1,0.7102194787379972
M0,%bugs,0.8260869565217391
M0,%effort,0.6228571428571428
M0,F1,0.7102194787379972
M0,%bugs,0.34782608695652173
M0,%effort,0.9197860962566845
M0,F1,0.5047688921496699
M0,%bugs,0.88
M0,%effort,0.6341463414634146
M0,F1,0.7371134020618557
M0,%bugs,0.88
M0,%effort,0.6341463414634146
M0,F1,0.7371134020618557
M0,%bugs,0.8913043478260869
M0,%effort,0.6129032258064516
M0,F1,0.7263403263403264
M0,%bugs,0.8913043478260869
M0,%effort,0.6129032258064516
M0,F1,0.7263403263403264
M0,%bugs,0.7142857142857143
M0,%effort,0.47651006711409394
M0,F1,0.571658615136876
M0,%bugs,0.875
M0,%effort,0.5763358778625954
M0,F1,0.6949375410913873
M0,%bugs,0.875
M0,%effort,0.5763358778625954
M0,F1,0.6949375410913873
M0,%bugs,0.9615384615384616
M0,%effort,0.3967391304347826
M0,F1,0.5617112957833179
M0,%bugs,0.9615384615384616
M0,%effort,0.3967391304347826
M0,F1,0.5617112957833179
M0,%bugs,1.0
M0,%effort,0.27586206896551724
M0,F1,0.4324324324324324
M0,%bugs,1.0
M0,%effort,0.27586206896551724
M0,F1,0.4324324324324324
M0,%bugs,0.7
M0,%effort,0.7482517482517482
M0,F1,0.7233220666344761
M0,%bugs,0.9130434782608695
M0,%effort,0.41764705882352937
M0,F1,0.5731308860272919
M0,%bugs,0.9130434782608695
M0,%effort,0.41764705882352937
M0,F1,0.5731308860272919
M0,%bugs,1.0
M0,%effort,0.4
M0,F1,0.5714285714285715
M0,%bugs,1.0
M0,%effort,0.4
M0,F1,0.5714285714285715
M0,%bugs,0.8823529411764706
M0,%effort,0.47058823529411764
M0,F1,0.6138107416879794
M0,%bugs,0.8823529411764706
M0,%effort,0.47058823529411764
M0,F1,0.6138107416879794
M0,%bugs,1.0
M0,%effort,0.5877862595419847
M0,F1,0.7403846153846154
M0,%bugs,1.0
M0,%effort,0.5877862595419847
M0,F1,0.7403846153846154
M0,%bugs,0.8571428571428571
M0,%effort,0.4365482233502538
M0,F1,0.57847533632287
M0,%bugs,0.8571428571428571
M0,%effort,0.4365482233502538
M0,F1,0.57847533632287
M0,%bugs,0.9
M0,%effort,0.7441860465116279
M0,F1,0.8147100424328148
M0,%bugs,0.9
M0,%effort,0.7441860465116279
M0,F1,0.8147100424328148
M0,%bugs,0.6666666666666666
M0,%effort,0.7792207792207793
M0,F1,0.7185628742514969
M0,%bugs,0.6666666666666666
M0,%effort,0.7792207792207793
M0,F1,0.7185628742514969
M0,%bugs,1.0
M0,%effort,0.20588235294117652
M0,F1,0.34146341463414637
M0,%bugs,1.0
M0,%effort,0.20588235294117652
M0,F1,0.34146341463414637
M0,%bugs,0.8695652173913043
M0,%effort,0.3296089385474861
M0,F1,0.4780230909459186
M0,%bugs,0.3
M0,%effort,0.8470588235294118
M0,F1,0.44307692307692303
M0,%bugs,0.8478260869565217
M0,%effort,0.6351351351351351
M0,F1,0.726228209191759
M0,%bugs,0.44
M0,%effort,0.6153846153846154
M0,F1,0.5131195335276968
M0,%bugs,0.8666666666666667
M0,%effort,0.5142857142857142
M0,F1,0.6455172413793103
M0,%bugs,0.5789473684210527
M0,%effort,0.5970149253731343
M0,F1,0.5878423513694054
M0,%bugs,1.0
M0,%effort,0.13636363636363635
M0,F1,0.24000000000000002
M0,%bugs,1.0
M0,%effort,0.01980198019801982
M0,F1,0.03883495145631071
M0,%bugs,1.0
M0,%effort,0.0892857142857143
M0,F1,0.1639344262295082
M0,%bugs,0.9
M0,%effort,0.4042553191489362
M0,F1,0.5579119086460034
M0,%bugs,1.0
M0,%effort,0.13422818791946312
M0,F1,0.23668639053254442
M0,%bugs,0.8636363636363636
M0,%effort,0.3694267515923567
M0,F1,0.5174923691007279
M0,%bugs,1.0
M0,%effort,0.04424778761061943
M0,F1,0.08474576271186433
M0,%bugs,1.0
M0,%effort,0.26717557251908397
M0,F1,0.4216867469879518
M0,%bugs,1.0
M0,%effort,0.40594059405940597
M0,F1,0.5774647887323945
M0,%bugs,1.0
M0,%effort,0.40476190476190477
M0,F1,0.576271186440678
M0,%bugs,1.0
M0,%effort,0.12621359223300976
M0,F1,0.22413793103448287
M0,%bugs,1.0
M0,%effort,0.19402985074626866
M0,F1,0.325
M0,%bugs,0.9583333333333334
M0,%effort,0.14516129032258063
M0,F1,0.25213154689403167
M0,%bugs,1.0
M0,%effort,0.11111111111111116
M0,F1,0.20000000000000007
M0,%bugs,1.0
M0,%effort,0.07894736842105265
M0,F1,0.1463414634146342
M0,%bugs,1.0
M0,%effort,0.44660194174757284
M0,F1,0.6174496644295302
M0,%bugs,0.8823529411764706
M0,%effort,0.38524590163934425
M0,F1,0.5363255990871053
M0,%bugs,1.0
M0,%effort,0.43243243243243246
M0,F1,0.6037735849056604
M0,%bugs,1.0
M0,%effort,0.4
M0,F1,0.5714285714285715
M0,%bugs,1.0
M0,%effort,0.19886363636363635
M0,F1,0.3317535545023697
M0,%bugs,1.0
M0,%effort,0.28
M0,F1,0.43750000000000006
M0,%bugs,0.9444444444444444
M0,%effort,0.6136363636363636
M0,F1,0.7439222042139385
M0,%bugs,1.0
M0,%effort,0.06024096385542166
M0,F1,0.1136363636363636
M0,%bugs,0.9285714285714286
M0,%effort,0.22413793103448276
M0,F1,0.3611111111111111
M0,%bugs,1.0
M0,%effort,0.18999999999999995
M0,F1,0.3193277310924369
M0,%bugs,1.0
M0,%effort,0.0431034482758621
M0,F1,0.08264462809917361
M0,%bugs,0.7777777777777778
M0,%effort,0.6511627906976745
M0,F1,0.7088607594936709
M0,%bugs,1.0
M0,%effort,0.01980198019801982
M0,F1,0.03883495145631071
M0,%bugs,0.5333333333333333
M0,%effort,0.5098039215686274
M0,F1,0.5213032581453635
M0,%bugs,0.7857142857142857
M0,%effort,0.4807692307692307
M0,F1,0.596529284164859
Knee,%bugs,0.9444444444444444
Knee,%effort,0.5176056338028169
Knee,F1,0.6687182231736688
Knee,%bugs,0.75
Knee,%effort,0.6482758620689655
Knee,F1,0.6954377311960542
Knee,%bugs,0.19148936170212766
Knee,%effort,0.93734335839599
Knee,F1,0.3180121876328594
Knee,%bugs,0.7222222222222222
Knee,%effort,0.7559055118110236
Knee,F1,0.7386800828647528
Knee,%bugs,0.3333333333333333
Knee,%effort,0.8648648648648649
Knee,F1,0.481203007518797
Knee,%bugs,0.5
Knee,%effort,0.8826291079812206
Knee,F1,0.6383701188455009
Knee,%bugs,0.18518518518518517
Knee,%effort,0.9608695652173913
Knee,F1,0.31052409723197977
Knee,%bugs,0.9375
Knee,%effort,0.6371681415929203
Knee,F1,0.7586933614330874
Knee,%bugs,0.5555555555555556
Knee,%effort,0.6893939393939394
Knee,F1,0.6152805949966194
Knee,%bugs,0.7647058823529411
Knee,%effort,0.5528455284552846
Knee,F1,0.6417422867513611
Knee,%bugs,0.5882352941176471
Knee,%effort,0.7666666666666666
Knee,F1,0.6657018813314037
Knee,%bugs,0.4074074074074074
Knee,%effort,0.8923766816143498
Knee,F1,0.5594173268591873
Knee,%bugs,0.7083333333333334
Knee,%effort,0.7873563218390804
Knee,F1,0.7457572846621839
Knee,%bugs,1.0
Knee,%effort,0.10661764705882348
Knee,F1,0.19269102990033218
Knee,%bugs,1.0
Knee,%effort,0.134453781512605
Knee,F1,0.237037037037037
Knee,%bugs,0.9375
Knee,%effort,0.5299145299145299
Knee,F1,0.6771022934109939
Knee,%bugs,0.9
Knee,%effort,0.6524822695035462
Knee,F1,0.7565098218364551
Knee,%bugs,1.0
Knee,%effort,0.19753086419753085
Knee,F1,0.32989690721649484
Knee,%bugs,0.5217391304347826
Knee,%effort,0.8208092485549133
Knee,F1,0.6379633096218644
Knee,%bugs,0.7777777777777778
Knee,%effort,0.6615384615384615
Knee,F1,0.7149643705463182
Knee,%bugs,0.7727272727272727
Knee,%effort,0.7354838709677419
Knee,F1,0.7536457320629982
Knee,%bugs,0.23529411764705882
Knee,%effort,0.9256198347107438
Knee,F1,0.37520938023450584
Knee,%bugs,1.0
Knee,%effort,0.1506024096385542
Knee,F1,0.26178010471204183
Knee,%bugs,1.0
Knee,%effort,0.2215189873417721
Knee,F1,0.36269430051813467
Knee,%bugs,0.45454545454545453
Knee,%effort,0.844311377245509
Knee,F1,0.5909471919530594
Knee,%bugs,1.0
Knee,%effort,0.3418803418803419
Knee,F1,0.5095541401273885
Knee,%bugs,1.0
Knee,%effort,0.16935483870967738
Knee,F1,0.289655172413793
Knee,%bugs,0.9090909090909091
Knee,%effort,0.5506329113924051
Knee,F1,0.6858494284588096
Knee,%bugs,0.7428571428571429
Knee,%effort,0.726643598615917
Knee,F1,0.7346609257265878
Knee,%bugs,0.43902439024390244
Knee,%effort,0.8787878787878788
Knee,F1,0.585530005608525
Knee,%bugs,0.09302325581395349
Knee,%effort,0.9273255813953488
Knee,F1,0.1690850062943086
Knee,%bugs,1.0
Knee,%effort,0.0
Knee,F1,0.0
Knee,%bugs,0.4864864864864865
Knee,%effort,0.7917981072555205
Knee,F1,0.6026812512505837
Knee,%bugs,1.0
Knee,%effort,0.36259541984732824
Knee,F1,0.5322128851540616
Knee,%bugs,0.5789473684210527
Knee,%effort,0.8562091503267975
Knee,F1,0.6907957813998084
Knee,%bugs,0.2962962962962963
Knee,%effort,0.9236111111111112
Knee,F1,0.4486611849040691
Knee,%bugs,0.22807017543859648
Knee,%effort,0.9546436285097192
Knee,F1,0.368179925031237
Knee,%bugs,1.0
Knee,%effort,0.36633663366336633
Knee,F1,0.5362318840579711
Knee,%bugs,1.0
Knee,%effort,0.36036036036036034
Knee,F1,0.5298013245033113
Knee,%bugs,0.11764705882352941
Knee,%effort,0.9639423076923077
Knee,F1,0.20970061445940644
Knee,%bugs,0.30952380952380953
Knee,%effort,0.9321533923303835
Knee,F1,0.464732168109056
Knee,%bugs,0.30952380952380953
Knee,%effort,0.9321533923303835
Knee,F1,0.464732168109056
Knee,%bugs,0.6226415094339622
Knee,%effort,0.7511737089201878
Knee,F1,0.6808949642143272
Knee,%bugs,0.6226415094339622
Knee,%effort,0.7511737089201878
Knee,F1,0.6808949642143272
Knee,%bugs,0.5357142857142857
Knee,%effort,0.790983606557377
Knee,F1,0.6387908208296558
Knee,%bugs,0.5357142857142857
Knee,%effort,0.790983606557377
Knee,F1,0.6387908208296558
Knee,%bugs,0.8260869565217391
Knee,%effort,0.64
Knee,F1,0.7212336892052194
Knee,%bugs,0.8260869565217391
Knee,%effort,0.64
Knee,F1,0.7212336892052194
Knee,%bugs,0.34782608695652173
Knee,%effort,0.9233511586452763
Knee,F1,0.5053042311913181
Knee,%bugs,0.92
Knee,%effort,0.5560975609756098
Knee,F1,0.6931923331130206
Knee,%bugs,0.92
Knee,%effort,0.5560975609756098
Knee,F1,0.6931923331130206
Knee,%bugs,0.34782608695652173
Knee,%effort,0.9247311827956989
Knee,F1,0.5055106539309332
Knee,%bugs,0.34782608695652173
Knee,%effort,0.9247311827956989
Knee,F1,0.5055106539309332
Knee,%bugs,1.0
Knee,%effort,0.0
Knee,F1,0.0
Knee,%bugs,0.875
Knee,%effort,0.5687022900763359
Knee,F1,0.6893588896232651
Knee,%bugs,0.875
Knee,%effort,0.5687022900763359
Knee,F1,0.6893588896232651
Knee,%bugs,1.0
Knee,%effort,0.19021739130434778
Knee,F1,0.319634703196347
Knee,%bugs,1.0
Knee,%effort,0.19021739130434778
Knee,F1,0.319634703196347
Knee,%bugs,1.0
Knee,%effort,0.1637931034482759
Knee,F1,0.28148148148148155
Knee,%bugs,1.0
Knee,%effort,0.1637931034482759
Knee,F1,0.28148148148148155
Knee,%bugs,0.7
Knee,%effort,0.8111888111888113
Knee,F1,0.7515039333641832
Knee,%bugs,0.4782608695652174
Knee,%effort,0.8294117647058823
Knee,F1,0.6066888323880304
Knee,%bugs,0.4782608695652174
Knee,%effort,0.8294117647058823
Knee,F1,0.6066888323880304
Knee,%bugs,0.68
Knee,%effort,0.8432432432432433
Knee,F1,0.7528743789921932
Knee,%bugs,0.68
Knee,%effort,0.8432432432432433
Knee,F1,0.7528743789921932
Knee,%bugs,0.8823529411764706
Knee,%effort,0.4453781512605042
Knee,F1,0.5919583023082651
Knee,%bugs,0.8823529411764706
Knee,%effort,0.4453781512605042
Knee,F1,0.5919583023082651
Knee,%bugs,1.0
Knee,%effort,0.6259541984732824
Knee,F1,0.7699530516431924
Knee,%bugs,1.0
Knee,%effort,0.6259541984732824
Knee,F1,0.7699530516431924
Knee,%bugs,0.25
Knee,%effort,0.9238578680203046
Knee,F1,0.39351351351351355
Knee,%bugs,0.25
Knee,%effort,0.9238578680203046
Knee,F1,0.39351351351351355
Knee,%bugs,0.9
Knee,%effort,0.7829457364341086
Knee,F1,0.8374021188392446
Knee,%bugs,0.9
Knee,%effort,0.7829457364341086
Knee,F1,0.8374021188392446
Knee,%bugs,0.5185185185185185
Knee,%effort,0.9047619047619048
Knee,F1,0.6592317224287484
Knee,%bugs,0.5185185185185185
Knee,%effort,0.9047619047619048
Knee,F1,0.6592317224287484
Knee,%bugs,1.0
Knee,%effort,0.21568627450980393
Knee,F1,0.3548387096774193
Knee,%bugs,1.0
Knee,%effort,0.21568627450980393
Knee,F1,0.3548387096774193
Knee,%bugs,1.0
Knee,%effort,0.0
Knee,F1,0.0
Knee,%bugs,0.3
Knee,%effort,0.8627450980392157
Knee,F1,0.4451939291736931
Knee,%bugs,0.9782608695652174
Knee,%effort,0.43513513513513513
Knee,F1,0.6023445294313269
Knee,%bugs,1.0
Knee,%effort,0.0871794871794872
Knee,F1,0.16037735849056606
Knee,%bugs,0.8666666666666667
Knee,%effort,0.6
Knee,F1,0.7090909090909091
Knee,%bugs,0.5789473684210527
Knee,%effort,0.6044776119402986
Knee,F1,0.5914371058745437
Knee,%bugs,1.0
Knee,%effort,0.037878787878787845
Knee,F1,0.07299270072992695
Knee,%bugs,1.0
Knee,%effort,0.0
Knee,F1,0.0
Knee,%bugs,1.0
Knee,%effort,0.0
Knee,F1,0.0
Knee,%bugs,1.0
Knee,%effort,0.19148936170212771
Knee,F1,0.3214285714285715
Knee,%bugs,1.0
Knee,%effort,0.046979865771812124
Knee,F1,0.08974358974358983
Knee,%bugs,1.0
Knee,%effort,0.02547770700636942
Knee,F1,0.04968944099378881
Knee,%bugs,1.0
Knee,%effort,0.0
Knee,F1,0.0
Knee,%bugs,1.0
Knee,%effort,0.2137404580152672
Knee,F1,0.3522012578616353
Knee,%bugs,1.0
Knee,%effort,0.4356435643564357
Knee,F1,0.606896551724138
Knee,%bugs,1.0
Knee,%effort,0.40476190476190477
Knee,F1,0.576271186440678
Knee,%bugs,1.0
Knee,%effort,0.08737864077669899
Knee,F1,0.16071428571428564
Knee,%bugs,1.0
Knee,%effort,0.09701492537313428
Knee,F1,0.17687074829931965
Knee,%bugs,1.0
Knee,%effort,0.0
Knee,F1,0.0
Knee,%bugs,1.0
Knee,%effort,0.0
Knee,F1,0.0
Knee,%bugs,1.0
Knee,%effort,0.0
Knee,F1,0.0
Knee,%bugs,1.0
Knee,%effort,0.4854368932038835
Knee,F1,0.6535947712418301
Knee,%bugs,0.8823529411764706
Knee,%effort,0.3770491803278688
Knee,F1,0.5283307810107197
Knee,%bugs,1.0
Knee,%effort,0.4054054054054054
Knee,F1,0.576923076923077
Knee,%bugs,0.8888888888888888
Knee,%effort,0.5923076923076923
Knee,F1,0.7109059434506636
Knee,%bugs,1.0
Knee,%effort,0.10227272727272729
Knee,F1,0.18556701030927839
Knee,%bugs,1.0
Knee,%effort,0.20799999999999996
Knee,F1,0.34437086092715224
Knee,%bugs,0.9444444444444444
Knee,%effort,0.6515151515151515
Knee,F1,0.771097046413502
Knee,%bugs,1.0
Knee,%effort,0.0
Knee,F1,0.0
Knee,%bugs,1.0
Knee,%effort,0.0
Knee,F1,0.0
Knee,%bugs,1.0
Knee,%effort,0.135
Knee,F1,0.2378854625550661
Knee,%bugs,1.0
Knee,%effort,0.0
Knee,F1,0.0
Knee,%bugs,0.7777777777777778
Knee,%effort,0.7364341085271318
Knee,F1,0.7565415244596132
Knee,%bugs,1.0
Knee,%effort,0.0
Knee,F1,0.0
Knee,%bugs,1.0
Knee,%effort,0.0
Knee,F1,0.0
Knee,%bugs,0.7857142857142857
Knee,%effort,0.5673076923076923
Knee,F1,0.6588832487309644
Arrival,%bugs,0.6388888888888888
Arrival,%effort,0.8380281690140845
Arrival,F1,0.7250331125827815
Arrival,%bugs,0.9
Arrival,%effort,0.5793103448275863
Arrival,F1,0.7048951048951049
Arrival,%bugs,0.851063829787234
Arrival,%effort,0.493734335839599
Arrival,F1,0.6249256512946588
Arrival,%bugs,1.0
Arrival,%effort,0.0
Arrival,F1,0.0
Arrival,%bugs,0.6666666666666666
Arrival,%effort,0.6486486486486487
Arrival,F1,0.6575342465753425
Arrival,%bugs,0.8076923076923077
Arrival,%effort,0.7370892018779343
Arrival,F1,0.7707773232028053
Arrival,%bugs,0.5555555555555556
Arrival,%effort,0.7608695652173914
Arrival,F1,0.6422018348623854
Arrival,%bugs,1.0
Arrival,%effort,0.0
Arrival,F1,0.0
Arrival,%bugs,0.7222222222222222
Arrival,%effort,0.4696969696969697
Arrival,F1,0.5692090395480226
Arrival,%bugs,0.7647058823529411
Arrival,%effort,0.6585365853658536
Arrival,F1,0.7076612903225806
Arrival,%bugs,0.9411764705882353
Arrival,%effort,0.5166666666666666
Arrival,F1,0.6671149966375252
Arrival,%bugs,0.7407407407407407
Arrival,%effort,0.8026905829596412
Arrival,F1,0.770472398579576
Arrival,%bugs,1.0
Arrival,%effort,0.0
Arrival,F1,0.0
Arrival,%bugs,0.5294117647058824
Arrival,%effort,0.8088235294117647
Arrival,F1,0.6399482870071105
Arrival,%bugs,0.8125
Arrival,%effort,0.6134453781512605
Arrival,F1,0.6990791896869245
Arrival,%bugs,1.0
Arrival,%effort,0.0
Arrival,F1,0.0
Arrival,%bugs,1.0
Arrival,%effort,0.0
Arrival,F1,0.0
Arrival,%bugs,0.5333333333333333
Arrival,%effort,0.7983539094650206
Arrival,F1,0.6394725999175938
Arrival,%bugs,0.8695652173913043
Arrival,%effort,0.4335260115606936
Arrival,F1,0.5785920925747348
Arrival,%bugs,1.0
Arrival,%effort,0.42307692307692313
Arrival,F1,0.5945945945945946
Arrival,%bugs,1.0
Arrival,%effort,0.0
Arrival,F1,0.0
Arrival,%bugs,0.8823529411764706
Arrival,%effort,0.4545454545454546
Arrival,F1,0.6000000000000001
Arrival,%bugs,0.8780487804878049
Arrival,%effort,0.5451807228915663
Arrival,F1,0.6726887936819285
Arrival,%bugs,0.8571428571428571
Arrival,%effort,0.5759493670886076
Arrival,F1,0.6889589905362775
Arrival,%bugs,0.7272727272727273
Arrival,%effort,0.6706586826347305
Arrival,F1,0.6978193146417445
Arrival,%bugs,1.0
Arrival,%effort,0.5213675213675213
Arrival,F1,0.6853932584269662
Arrival,%bugs,0.7647058823529411
Arrival,%effort,0.6209677419354839
Arrival,F1,0.6853817185895241
Arrival,%bugs,0.9090909090909091
Arrival,%effort,0.620253164556962
Arrival,F1,0.7373965387509406
Arrival,%bugs,0.6571428571428571
Arrival,%effort,0.8096885813148789
Arrival,F1,0.7254835883264812
Arrival,%bugs,0.6829268292682927
Arrival,%effort,0.796969696969697
Arrival,F1,0.7355541127703141
Arrival,%bugs,0.9767441860465116
Arrival,%effort,0.27616279069767447
Arrival,F1,0.4305832838720121
Arrival,%bugs,1.0
Arrival,%effort,0.6491228070175439
Arrival,F1,0.7872340425531915
Arrival,%bugs,0.918918918918919
Arrival,%effort,0.5299684542586751
Arrival,F1,0.6722372602094857
Arrival,%bugs,0.5806451612903226
Arrival,%effort,0.8282442748091603
Arrival,F1,0.6826881062658393
Arrival,%bugs,0.6842105263157895
Arrival,%effort,0.8137254901960784
Arrival,F1,0.743368928694454
Arrival,%bugs,0.48148148148148145
Arrival,%effort,0.837962962962963
Arrival,F1,0.611565951916829
Arrival,%bugs,0.49122807017543857
Arrival,%effort,0.8898488120950324
Arrival,F1,0.6330114135206321
Arrival,%bugs,1.0
Arrival,%effort,0.0
Arrival,F1,0.0
Arrival,%bugs,0.8
Arrival,%effort,0.6216216216216216
Arrival,F1,0.6996197718631179
Arrival,%bugs,1.0
Arrival,%effort,0.5096153846153846
Arrival,F1,0.6751592356687898
Arrival,%bugs,0.5
Arrival,%effort,0.8112094395280236
Arrival,F1,0.6186726659167604
Arrival,%bugs,0.5
Arrival,%effort,0.8112094395280236
Arrival,F1,0.6186726659167604
Arrival,%bugs,0.4716981132075472
Arrival,%effort,0.8544600938967136
Arrival,F1,0.6078418275332309
Arrival,%bugs,0.4716981132075472
Arrival,%effort,0.8544600938967136
Arrival,F1,0.6078418275332309
Arrival,%bugs,0.6428571428571429
Arrival,%effort,0.7459016393442623
Arrival,F1,0.6905564924114672
Arrival,%bugs,0.6428571428571429
Arrival,%effort,0.7459016393442623
Arrival,F1,0.6905564924114672
Arrival,%bugs,0.9130434782608695
Arrival,%effort,0.48
Arrival,F1,0.6292134831460674
Arrival,%bugs,0.9130434782608695
Arrival,%effort,0.48
Arrival,F1,0.6292134831460674
Arrival,%bugs,0.4782608695652174
Arrival,%effort,0.8591800356506238
Arrival,F1,0.6144752853914354
Arrival,%bugs,0.92
Arrival,%effort,0.6195121951219512
Arrival,F1,0.7404309252217998
Arrival,%bugs,0.92
Arrival,%effort,0.6195121951219512
Arrival,F1,0.7404309252217998
Arrival,%bugs,0.5652173913043478
Arrival,%effort,0.8494623655913979
Arrival,F1,0.6787838730998017
Arrival,%bugs,0.5652173913043478
Arrival,%effort,0.8494623655913979
Arrival,F1,0.6787838730998017
Arrival,%bugs,1.0
Arrival,%effort,0.0
Arrival,F1,0.0
Arrival,%bugs,0.5625
Arrival,%effort,0.7748091603053435
Arrival,F1,0.6518016410988227
Arrival,%bugs,0.5625
Arrival,%effort,0.7748091603053435
Arrival,F1,0.6518016410988227
Arrival,%bugs,0.6153846153846154
Arrival,%effort,0.7771739130434783
Arrival,F1,0.6868808165716002
Arrival,%bugs,0.6153846153846154
Arrival,%effort,0.7771739130434783
Arrival,F1,0.6868808165716002
Arrival,%bugs,0.8666666666666667
Arrival,%effort,0.5862068965517242
Arrival,F1,0.699367088607595
Arrival,%bugs,0.8666666666666667
Arrival,%effort,0.5862068965517242
Arrival,F1,0.699367088607595
Arrival,%bugs,1.0
Arrival,%effort,0.0
Arrival,F1,0.0
Arrival,%bugs,0.782608695652174
Arrival,%effort,0.6058823529411765
Arrival,F1,0.6829987106281085
Arrival,%bugs,0.782608695652174
Arrival,%effort,0.6058823529411765
Arrival,F1,0.6829987106281085
Arrival,%bugs,1.0
Arrival,%effort,0.0
Arrival,F1,0.0
Arrival,%bugs,1.0
Arrival,%effort,0.0
Arrival,F1,0.0
Arrival,%bugs,0.8823529411764706
Arrival,%effort,0.5966386554621849
Arrival,F1,0.711898395721925
Arrival,%bugs,0.8823529411764706
Arrival,%effort,0.5966386554621849
Arrival,F1,0.711898395721925
Arrival,%bugs,1.0
Arrival,%effort,0.0
Arrival,F1,0.0
Arrival,%bugs,1.0
Arrival,%effort,0.0
Arrival,F1,0.0
Arrival,%bugs,0.5357142857142857
Arrival,%effort,0.7563451776649746
Arrival,F1,0.6271923670548617
Arrival,%bugs,0.5357142857142857
Arrival,%effort,0.7563451776649746
Arrival,F1,0.6271923670548617
Arrival,%bugs,1.0
Arrival,%effort,0.0
Arrival,F1,0.0
Arrival,%bugs,1.0
Arrival,%effort,0.0
Arrival,F1,0.0
Arrival,%bugs,0.9259259259259259
Arrival,%effort,0.5627705627705628
Arrival,F1,0.7000538502961766
Arrival,%bugs,0.9259259259259259
Arrival,%effort,0.5627705627705628
Arrival,F1,0.7000538502961766
Arrival,%bugs,1.0
Arrival,%effort,0.0
Arrival,F1,0.0
Arrival,%bugs,1.0
Arrival,%effort,0.0
Arrival,F1,0.0
Arrival,%bugs,1.0
Arrival,%effort,0.0
Arrival,F1,0.0
Arrival,%bugs,0.5
Arrival,%effort,0.7254901960784313
Arrival,F1,0.592
Arrival,%bugs,0.5434782608695652
Arrival,%effort,0.8378378378378378
Arrival,F1,0.6592939174819225
Arrival,%bugs,1.0
Arrival,%effort,0.0
Arrival,F1,0.0
Arrival,%bugs,1.0
Arrival,%effort,0.0
Arrival,F1,0.0
Arrival,%bugs,0.6842105263157895
Arrival,%effort,0.5149253731343284
Arrival,F1,0.587618735669833
Arrival,%bugs,1.0
Arrival,%effort,0.0
Arrival,F1,0.0
Arrival,%bugs,1.0
Arrival,%effort,0.0
Arrival,F1,0.0
Arrival,%bugs,1.0
Arrival,%effort,0.0
Arrival,F1,0.0
Arrival,%bugs,1.0
Arrival,%effort,0.0
Arrival,F1,0.0
Arrival,%bugs,1.0
Arrival,%effort,0.0
Arrival,F1,0.0
Arrival,%bugs,1.0
Arrival,%effort,0.0
Arrival,F1,0.0
Arrival,%bugs,1.0
Arrival,%effort,0.0
Arrival,F1,0.0
Arrival,%bugs,1.0
Arrival,%effort,0.0
Arrival,F1,0.0
Arrival,%bugs,0.9285714285714286
Arrival,%effort,0.6237623762376238
Arrival,F1,0.74624145785877
Arrival,%bugs,1.0
Arrival,%effort,0.0
Arrival,F1,0.0
Arrival,%bugs,1.0
Arrival,%effort,0.0
Arrival,F1,0.0
Arrival,%bugs,1.0
Arrival,%effort,0.0
Arrival,F1,0.0
Arrival,%bugs,1.0
Arrival,%effort,0.0
Arrival,F1,0.0
Arrival,%bugs,1.0
Arrival,%effort,0.0
Arrival,F1,0.0
Arrival,%bugs,1.0
Arrival,%effort,0.0
Arrival,F1,0.0
Arrival,%bugs,1.0
Arrival,%effort,0.0
Arrival,F1,0.0
Arrival,%bugs,1.0
Arrival,%effort,0.0
Arrival,F1,0.0
Arrival,%bugs,1.0
Arrival,%effort,0.5675675675675675
Arrival,F1,0.7241379310344828
Arrival,%bugs,1.0
Arrival,%effort,0.0
Arrival,F1,0.0
Arrival,%bugs,1.0
Arrival,%effort,0.0
Arrival,F1,0.0
Arrival,%bugs,1.0
Arrival,%effort,0.0
Arrival,F1,0.0
Arrival,%bugs,1.0
Arrival,%effort,0.0
Arrival,F1,0.0
Arrival,%bugs,1.0
Arrival,%effort,0.0
Arrival,F1,0.0
Arrival,%bugs,1.0
Arrival,%effort,0.0
Arrival,F1,0.0
Arrival,%bugs,1.0
Arrival,%effort,0.0
Arrival,F1,0.0
Arrival,%bugs,1.0
Arrival,%effort,0.0
Arrival,F1,0.0
Arrival,%bugs,1.0
Arrival,%effort,0.0
Arrival,F1,0.0
Arrival,%bugs,1.0
Arrival,%effort,0.0
Arrival,F1,0.0
Arrival,%bugs,1.0
Arrival,%effort,0.0
Arrival,F1,0.0
Arrival,%bugs,1.0
Arrival,%effort,0.0
Arrival,F1,0.0
Mth,%bugs,0.19444444444444445
Mth,%effort,0.9154929577464789
Mth,F1,0.32076136764187524
Mth,%bugs,1.0
Mth,%effort,0.13103448275862073
Mth,F1,0.2317073170731708
Mth,%bugs,1.0
Mth,%effort,0.007518796992481258
Mth,F1,0.014925373134328467
Mth,%bugs,1.0
Mth,%effort,0.007874015748031482
Mth,F1,0.015624999999999972
Mth,%bugs,0.26666666666666666
Mth,%effort,0.7837837837837838
Mth,F1,0.39794168096054894
Mth,%bugs,0.9230769230769231
Mth,%effort,0.5211267605633803
Mth,F1,0.6661665416354088
Mth,%bugs,0.4074074074074074
Mth,%effort,0.7913043478260869
Mth,F1,0.5378828586781301
Mth,%bugs,0.9375
Mth,%effort,0.2566371681415929
Mth,F1,0.40296433534043535
Mth,%bugs,1.0
Mth,%effort,0.09090909090909094
Mth,F1,0.16666666666666674
Mth,%bugs,0.8823529411764706
Mth,%effort,0.41463414634146345
Mth,F1,0.5641592920353984
Mth,%bugs,0.7058823529411765
Mth,%effort,0.65
Mth,F1,0.6767895878524945
Mth,%bugs,0.9259259259259259
Mth,%effort,0.4618834080717489
Mth,F1,0.6163235998085208
Mth,%bugs,0.875
Mth,%effort,0.48275862068965514
Mth,F1,0.6222222222222221
Mth,%bugs,1.0
Mth,%effort,0.007352941176470562
Mth,F1,0.01459854014598535
Mth,%bugs,0.375
Mth,%effort,0.7478991596638656
Mth,F1,0.49953227315247895
Mth,%bugs,1.0
Mth,%effort,0.3846153846153846
Mth,F1,0.5555555555555555
Mth,%bugs,0.9
Mth,%effort,0.574468085106383
Mth,F1,0.7012987012987012
Mth,%bugs,1.0
Mth,%effort,0.16049382716049387
Mth,F1,0.27659574468085113
Mth,%bugs,0.6956521739130435
Mth,%effort,0.653179190751445
Mth,F1,0.6737469722377492
Mth,%bugs,0.9444444444444444
Mth,%effort,0.4461538461538461
Mth,F1,0.6060233558696988
Mth,%bugs,0.8181818181818182
Mth,%effort,0.5354838709677419
Mth,F1,0.647313691507799
Mth,%bugs,1.0
Mth,%effort,0.008264462809917328
Mth,F1,0.016393442622950765
Mth,%bugs,0.12195121951219512
Mth,%effort,0.927710843373494
Mth,F1,0.21556550951847703
Mth,%bugs,0.6190476190476191
Mth,%effort,0.620253164556962
Mth,F1,0.6196498054474707
Mth,%bugs,0.2727272727272727
Mth,%effort,0.8562874251497006
Mth,F1,0.4136933461909354
Mth,%bugs,0.875
Mth,%effort,0.4871794871794872
Mth,F1,0.6258823529411766
Mth,%bugs,0.8823529411764706
Mth,%effort,0.5161290322580645
Mth,F1,0.6512890094979648
Mth,%bugs,0.8636363636363636
Mth,%effort,0.5443037974683544
Mth,F1,0.6677564364527995
Mth,%bugs,1.0
Mth,%effort,0.04498269896193774
Mth,F1,0.08609271523178812
Mth,%bugs,1.0
Mth,%effort,0.2727272727272727
Mth,F1,0.42857142857142855
Mth,%bugs,0.9534883720930233
Mth,%effort,0.2325581395348837
Mth,F1,0.3739170086639307
Mth,%bugs,0.6666666666666666
Mth,%effort,0.631578947368421
Mth,F1,0.6486486486486486
Mth,%bugs,0.13513513513513514
Mth,%effort,0.9242902208201893
Mth,F1,0.23579591179784326
Mth,%bugs,0.9354838709677419
Mth,%effort,0.4732824427480916
Mth,F1,0.6285614403076385
Mth,%bugs,0.9473684210526315
Mth,%effort,0.4509803921568627
Mth,F1,0.611070110701107
Mth,%bugs,0.8703703703703703
Mth,%effort,0.5138888888888888
Mth,F1,0.6462281679672984
Mth,%bugs,0.9649122807017544
Mth,%effort,0.23542116630669552
Mth,F1,0.3784961171791149
Mth,%bugs,1.0
Mth,%effort,0.40594059405940597
Mth,F1,0.5774647887323945
Mth,%bugs,0.9333333333333333
Mth,%effort,0.29729729729729726
Mth,F1,0.4509516837481698
Mth,%bugs,1.0
Mth,%effort,0.25
Mth,F1,0.4
Mth,%bugs,0.14285714285714285
Mth,%effort,0.9292035398230089
Mth,F1,0.24764150943396224
Mth,%bugs,0.14285714285714285
Mth,%effort,0.9292035398230089
Mth,F1,0.24764150943396224
Mth,%bugs,1.0
Mth,%effort,0.014084507042253502
Mth,F1,0.02777777777777774
Mth,%bugs,1.0
Mth,%effort,0.014084507042253502
Mth,F1,0.02777777777777774
Mth,%bugs,0.7142857142857143
Mth,%effort,0.5573770491803278
Mth,F1,0.6261510128913444
Mth,%bugs,0.7142857142857143
Mth,%effort,0.5573770491803278
Mth,F1,0.6261510128913444
Mth,%bugs,0.7391304347826086
Mth,%effort,0.6571428571428571
Mth,F1,0.695729537366548
Mth,%bugs,0.7391304347826086
Mth,%effort,0.6571428571428571
Mth,F1,0.695729537366548
Mth,%bugs,1.0
Mth,%effort,0.005347593582887722
Mth,F1,0.010638297872340469
Mth,%bugs,0.96
Mth,%effort,0.4439024390243902
Mth,F1,0.607088255733148
Mth,%bugs,0.96
Mth,%effort,0.4439024390243902
Mth,F1,0.607088255733148
Mth,%bugs,1.0
Mth,%effort,0.24193548387096775
Mth,F1,0.38961038961038963
Mth,%bugs,1.0
Mth,%effort,0.24193548387096775
Mth,F1,0.38961038961038963
Mth,%bugs,0.9523809523809523
Mth,%effort,0.11409395973154357
Mth,F1,0.20377584656877426
Mth,%bugs,1.0
Mth,%effort,0.1984732824427481
Mth,F1,0.33121019108280253
Mth,%bugs,1.0
Mth,%effort,0.1984732824427481
Mth,F1,0.33121019108280253
Mth,%bugs,1.0
Mth,%effort,0.11956521739130432
Mth,F1,0.21359223300970873
Mth,%bugs,1.0
Mth,%effort,0.11956521739130432
Mth,F1,0.21359223300970873
Mth,%bugs,0.4666666666666667
Mth,%effort,0.7413793103448276
Mth,F1,0.5727878211227404
Mth,%bugs,0.4666666666666667
Mth,%effort,0.7413793103448276
Mth,F1,0.5727878211227404
Mth,%bugs,0.5
Mth,%effort,0.7482517482517482
Mth,F1,0.5994397759103641
Mth,%bugs,0.5217391304347826
Mth,%effort,0.6823529411764706
Mth,F1,0.5913338997451147
Mth,%bugs,0.5217391304347826
Mth,%effort,0.6823529411764706
Mth,F1,0.5913338997451147
Mth,%bugs,0.52
Mth,%effort,0.8054054054054054
Mth,F1,0.6319738988580751
Mth,%bugs,0.52
Mth,%effort,0.8054054054054054
Mth,F1,0.6319738988580751
Mth,%bugs,0.8235294117647058
Mth,%effort,0.5966386554621849
Mth,F1,0.691959624086321
Mth,%bugs,0.8235294117647058
Mth,%effort,0.5966386554621849
Mth,F1,0.691959624086321
Mth,%bugs,1.0
Mth,%effort,0.3587786259541985
Mth,F1,0.5280898876404495
Mth,%bugs,1.0
Mth,%effort,0.3587786259541985
Mth,F1,0.5280898876404495
Mth,%bugs,1.0
Mth,%effort,0.14720812182741116
Mth,F1,0.2566371681415929
Mth,%bugs,1.0
Mth,%effort,0.14720812182741116
Mth,F1,0.2566371681415929
Mth,%bugs,0.4
Mth,%effort,0.813953488372093
Mth,F1,0.5363984674329502
Mth,%bugs,0.4
Mth,%effort,0.813953488372093
Mth,F1,0.5363984674329502
Mth,%bugs,1.0
Mth,%effort,0.11688311688311692
Mth,F1,0.2093023255813954
Mth,%bugs,1.0
Mth,%effort,0.11688311688311692
Mth,F1,0.2093023255813954
Mth,%bugs,0.42857142857142855
Mth,%effort,0.7058823529411764
Mth,F1,0.5333333333333333
Mth,%bugs,0.42857142857142855
Mth,%effort,0.7058823529411764
Mth,F1,0.5333333333333333
Mth,%bugs,1.0
Mth,%effort,0.06145251396648044
Mth,F1,0.1157894736842105
Mth,%bugs,1.0
Mth,%effort,0.0117647058823529
Mth,F1,0.023255813953488292
Mth,%bugs,1.0
Mth,%effort,0.3189189189189189
Mth,F1,0.48360655737704916
Mth,%bugs,0.2
Mth,%effort,0.7230769230769231
Mth,F1,0.3133333333333333
Mth,%bugs,0.8
Mth,%effort,0.6
Mth,F1,0.6857142857142857
Mth,%bugs,1.0
Mth,%effort,0.014925373134328401
Mth,F1,0.029411764705882436
Mth,%bugs,1.0
Mth,%effort,0.18181818181818177
Mth,F1,0.30769230769230765
Mth,%bugs,1.0
Mth,%effort,0.04950495049504955
Mth,F1,0.09433962264150951
Mth,%bugs,0.875
Mth,%effort,0.3035714285714286
Mth,F1,0.45075757575757575
Mth,%bugs,1.0
Mth,%effort,0.276595744680851
Mth,F1,0.43333333333333324
Mth,%bugs,0.85
Mth,%effort,0.3557046979865772
Mth,F1,0.501530754244364
Mth,%bugs,0.7727272727272727
Mth,%effort,0.5031847133757962
Mth,F1,0.6094849103698662
Mth,%bugs,1.0
Mth,%effort,0.09734513274336287
Mth,F1,0.17741935483870977
Mth,%bugs,1.0
Mth,%effort,0.3587786259541985
Mth,F1,0.5280898876404495
Mth,%bugs,1.0
Mth,%effort,0.40594059405940597
Mth,F1,0.5774647887323945
Mth,%bugs,0.6111111111111112
Mth,%effort,0.6666666666666667
Mth,F1,0.6376811594202899
Mth,%bugs,1.0
Mth,%effort,0.009708737864077666
Mth,F1,0.01923076923076922
Mth,%bugs,1.0
Mth,%effort,0.28358208955223885
Mth,F1,0.4418604651162791
Mth,%bugs,1.0
Mth,%effort,0.032258064516129004
Mth,F1,0.062499999999999944
Mth,%bugs,0.8
Mth,%effort,0.4444444444444444
Mth,F1,0.5714285714285714
Mth,%bugs,0.8125
Mth,%effort,0.4736842105263158
Mth,F1,0.59846547314578
Mth,%bugs,1.0
Mth,%effort,0.41747572815533984
Mth,F1,0.589041095890411
Mth,%bugs,0.47058823529411764
Mth,%effort,0.7049180327868853
Mth,F1,0.5643970467596391
Mth,%bugs,0.9333333333333333
Mth,%effort,0.45945945945945943
Mth,F1,0.6157826649417852
Mth,%bugs,1.0
Mth,%effort,0.4
Mth,F1,0.5714285714285715
Mth,%bugs,1.0
Mth,%effort,0.07954545454545459
Mth,F1,0.14736842105263165
Mth,%bugs,1.0
Mth,%effort,0.08799999999999997
Mth,F1,0.16176470588235287
Mth,%bugs,0.7222222222222222
Mth,%effort,0.6363636363636364
Mth,F1,0.6765799256505576
Mth,%bugs,1.0
Mth,%effort,0.06024096385542166
Mth,F1,0.1136363636363636
Mth,%bugs,1.0
Mth,%effort,0.12068965517241381
Mth,F1,0.21538461538461542
Mth,%bugs,1.0
Mth,%effort,0.09999999999999998
Mth,F1,0.18181818181818177
Mth,%bugs,1.0
Mth,%effort,0.017241379310344862
Mth,F1,0.03389830508474583
Mth,%bugs,0.5
Mth,%effort,0.7674418604651163
Mth,F1,0.6055045871559633
Mth,%bugs,0.8333333333333334
Mth,%effort,0.28712871287128716
Mth,F1,0.427098674521355
Mth,%bugs,1.0
Mth,%effort,0.019607843137254943
Mth,F1,0.03846153846153855
Mth,%bugs,0.42857142857142855
Mth,%effort,0.7692307692307692
Mth,F1,0.5504587155963302
MhJK,%bugs,0.8611111111111112
MhJK,%effort,0.5246478873239437
MhJK,F1,0.6520327498588369
MhJK,%bugs,1.0
MhJK,%effort,0.4137931034482759
MhJK,F1,0.5853658536585367
MhJK,%bugs,0.5957446808510638
MhJK,%effort,0.736842105263158
MhJK,F1,0.6588235294117647
MhJK,%bugs,0.9444444444444444
MhJK,%effort,0.3307086614173228
MhJK,F1,0.4898799313893653
MhJK,%bugs,1.0
MhJK,%effort,0.05405405405405406
MhJK,F1,0.10256410256410257
MhJK,%bugs,1.0
MhJK,%effort,0.41314553990610325
MhJK,F1,0.5847176079734219
MhJK,%bugs,0.8888888888888888
MhJK,%effort,0.3695652173913043
MhJK,F1,0.5220729366602688
MhJK,%bugs,0.9375
MhJK,%effort,0.20353982300884954
MhJK,F1,0.3344643722733882
MhJK,%bugs,1.0
MhJK,%effort,0.015151515151515138
MhJK,F1,0.02985074626865669
MhJK,%bugs,1.0
MhJK,%effort,0.14634146341463417
MhJK,F1,0.2553191489361702
MhJK,%bugs,0.9411764705882353
MhJK,%effort,0.16666666666666663
MhJK,F1,0.28318584070796454
MhJK,%bugs,0.6296296296296297
MhJK,%effort,0.7085201793721974
MhJK,F1,0.66674941045054
MhJK,%bugs,1.0
MhJK,%effort,0.22413793103448276
MhJK,F1,0.36619718309859156
MhJK,%bugs,0.9705882352941176
MhJK,%effort,0.2647058823529411
MhJK,F1,0.41596638655462176
MhJK,%bugs,0.9375
MhJK,%effort,0.03361344537815125
MhJK,F1,0.06489994591671172
MhJK,%bugs,1.0
MhJK,%effort,0.18803418803418803
MhJK,F1,0.31654676258992803
MhJK,%bugs,1.0
MhJK,%effort,0.36170212765957444
MhJK,F1,0.53125
MhJK,%bugs,1.0
MhJK,%effort,0.32098765432098764
MhJK,F1,0.4859813084112149
MhJK,%bugs,0.782608695652174
MhJK,%effort,0.47976878612716767
MhJK,F1,0.594863627314354
MhJK,%bugs,0.8888888888888888
MhJK,%effort,0.2692307692307693
MhJK,F1,0.41328413284132853
MhJK,%bugs,0.8636363636363636
MhJK,%effort,0.3870967741935484
MhJK,F1,0.5345838218053927
MhJK,%bugs,0.8823529411764706
MhJK,%effort,0.2148760330578512
MhJK,F1,0.34559149313247667
MhJK,%bugs,0.5365853658536586
MhJK,%effort,0.7891566265060241
MhJK,F1,0.6388119250803502
MhJK,%bugs,0.9523809523809523
MhJK,%effort,0.240506329113924
MhJK,F1,0.38403233956543703
MhJK,%bugs,0.7727272727272727
MhJK,%effort,0.5508982035928144
MhJK,F1,0.6432243471108369
MhJK,%bugs,1.0
MhJK,%effort,0.3162393162393162
MhJK,F1,0.4805194805194805
MhJK,%bugs,1.0
MhJK,%effort,0.15322580645161288
MhJK,F1,0.2657342657342657
MhJK,%bugs,1.0
MhJK,%effort,0.2721518987341772
MhJK,F1,0.42786069651741293
MhJK,%bugs,0.6857142857142857
MhJK,%effort,0.6539792387543253
MhJK,F1,0.6694708877573611
MhJK,%bugs,0.8780487804878049
MhJK,%effort,0.5151515151515151
MhJK,F1,0.6493368700265253
MhJK,%bugs,0.627906976744186
MhJK,%effort,0.6656976744186047
MhJK,F1,0.6462503266266005
MhJK,%bugs,0.6666666666666666
MhJK,%effort,0.5614035087719298
MhJK,F1,0.6095238095238096
MhJK,%bugs,0.5675675675675675
MhJK,%effort,0.7160883280757098
MhJK,F1,0.6332359192348566
MhJK,%bugs,0.967741935483871
MhJK,%effort,0.40839694656488545
MhJK,F1,0.5743938445021025
MhJK,%bugs,0.7894736842105263
MhJK,%effort,0.6241830065359477
MhJK,F1,0.6971651052439469
MhJK,%bugs,0.8703703703703703
MhJK,%effort,0.5833333333333333
MhJK,F1,0.6985138004246283
MhJK,%bugs,0.5789473684210527
MhJK,%effort,0.7732181425485961
MhJK,F1,0.6621269440941573
MhJK,%bugs,0.9285714285714286
MhJK,%effort,0.25742574257425743
MhJK,F1,0.40310077519379844
MhJK,%bugs,1.0
MhJK,%effort,0.14414414414414412
MhJK,F1,0.25196850393700787
MhJK,%bugs,0.7254901960784313
MhJK,%effort,0.7115384615384616
MhJK,F1,0.7184466019417477
MhJK,%bugs,0.2619047619047619
MhJK,%effort,0.8525073746312685
MhJK,F1,0.4007058675237915
MhJK,%bugs,0.2619047619047619
MhJK,%effort,0.8525073746312685
MhJK,F1,0.4007058675237915
MhJK,%bugs,0.5094339622641509
MhJK,%effort,0.7652582159624413
MhJK,F1,0.6116747741487144
MhJK,%bugs,0.5094339622641509
MhJK,%effort,0.7652582159624413
MhJK,F1,0.6116747741487144
MhJK,%bugs,0.8214285714285714
MhJK,%effort,0.38524590163934425
MhJK,F1,0.5245026686074722
MhJK,%bugs,0.8214285714285714
MhJK,%effort,0.38524590163934425
MhJK,F1,0.5245026686074722
MhJK,%bugs,0.8695652173913043
MhJK,%effort,0.4285714285714286
MhJK,F1,0.5741626794258373
MhJK,%bugs,0.8695652173913043
MhJK,%effort,0.4285714285714286
MhJK,F1,0.5741626794258373
MhJK,%bugs,0.10144927536231885
MhJK,%effort,0.9197860962566845
MhJK,F1,0.1827426576610761
MhJK,%bugs,0.96
MhJK,%effort,0.36585365853658536
MhJK,F1,0.5298013245033113
MhJK,%bugs,0.96
MhJK,%effort,0.36585365853658536
MhJK,F1,0.5298013245033113
MhJK,%bugs,0.8043478260869565
MhJK,%effort,0.6774193548387097
MhJK,F1,0.7354472314245151
MhJK,%bugs,0.8043478260869565
MhJK,%effort,0.6774193548387097
MhJK,F1,0.7354472314245151
MhJK,%bugs,0.8095238095238095
MhJK,%effort,0.19463087248322153
MhJK,F1,0.3138128580521961
MhJK,%bugs,0.90625
MhJK,%effort,0.3893129770992366
MhJK,F1,0.5446510771496962
MhJK,%bugs,0.90625
MhJK,%effort,0.3893129770992366
MhJK,F1,0.5446510771496962
MhJK,%bugs,0.9615384615384616
MhJK,%effort,0.18478260869565222
MhJK,F1,0.3099927060539753
MhJK,%bugs,0.9615384615384616
MhJK,%effort,0.18478260869565222
MhJK,F1,0.3099927060539753
MhJK,%bugs,0.9333333333333333
MhJK,%effort,0.051724137931034475
MhJK,F1,0.09801633605600932
MhJK,%bugs,0.9333333333333333
MhJK,%effort,0.051724137931034475
MhJK,F1,0.09801633605600932
MhJK,%bugs,0.9
MhJK,%effort,0.4405594405594405
MhJK,F1,0.5915492957746479
MhJK,%bugs,1.0
MhJK,%effort,0.02941176470588236
MhJK,F1,0.05714285714285716
MhJK,%bugs,1.0
MhJK,%effort,0.02941176470588236
MhJK,F1,0.05714285714285716
MhJK,%bugs,1.0
MhJK,%effort,0.4054054054054054
MhJK,F1,0.576923076923077
MhJK,%bugs,1.0
MhJK,%effort,0.4054054054054054
MhJK,F1,0.576923076923077
MhJK,%bugs,0.8823529411764706
MhJK,%effort,0.4117647058823529
MhJK,F1,0.5614973262032086
MhJK,%bugs,0.8823529411764706
MhJK,%effort,0.4117647058823529
MhJK,F1,0.5614973262032086
MhJK,%bugs,0.8888888888888888
MhJK,%effort,0.3129770992366412
MhJK,F1,0.4629498941425546
MhJK,%bugs,0.8888888888888888
MhJK,%effort,0.3129770992366412
MhJK,F1,0.4629498941425546
MhJK,%bugs,0.7857142857142857
MhJK,%effort,0.5685279187817258
MhJK,F1,0.6597054886211513
MhJK,%bugs,0.7857142857142857
MhJK,%effort,0.5685279187817258
MhJK,F1,0.6597054886211513
MhJK,%bugs,0.5
MhJK,%effort,0.6124031007751938
MhJK,F1,0.5505226480836237
MhJK,%bugs,0.5
MhJK,%effort,0.6124031007751938
MhJK,F1,0.5505226480836237
MhJK,%bugs,0.7777777777777778
MhJK,%effort,0.5670995670995671
MhJK,F1,0.6559370529327612
MhJK,%bugs,0.7777777777777778
MhJK,%effort,0.5670995670995671
MhJK,F1,0.6559370529327612
MhJK,%bugs,0.9285714285714286
MhJK,%effort,0.11764705882352944
MhJK,F1,0.2088353413654619
MhJK,%bugs,0.9285714285714286
MhJK,%effort,0.11764705882352944
MhJK,F1,0.2088353413654619
MhJK,%bugs,0.782608695652174
MhJK,%effort,0.4692737430167597
MhJK,F1,0.5867287543655413
MhJK,%bugs,0.7333333333333333
MhJK,%effort,0.5490196078431373
MhJK,F1,0.6279306829765546
MhJK,%bugs,0.7608695652173914
MhJK,%effort,0.6891891891891893
MhJK,F1,0.7232576985413292
MhJK,%bugs,0.8
MhJK,%effort,0.41025641025641024
MhJK,F1,0.5423728813559321
MhJK,%bugs,0.9333333333333333
MhJK,%effort,0.2857142857142857
MhJK,F1,0.43749999999999994
MhJK,%bugs,1.0
MhJK,%effort,0.06716417910447758
MhJK,F1,0.12587412587412583
MhJK,%bugs,0.9411764705882353
MhJK,%effort,0.2803030303030303
MhJK,F1,0.4319591390003648
MhJK,%bugs,1.0
MhJK,%effort,0.00990099009900991
MhJK,F1,0.01960784313725492
MhJK,%bugs,1.0
MhJK,%effort,0.1071428571428571
MhJK,F1,0.1935483870967741
MhJK,%bugs,1.0
MhJK,%effort,0.07801418439716312
MhJK,F1,0.14473684210526316
MhJK,%bugs,1.0
MhJK,%effort,0.12751677852348997
MhJK,F1,0.22619047619047622
MhJK,%bugs,0.8636363636363636
MhJK,%effort,0.3312101910828026
MhJK,F1,0.4787981584686213
MhJK,%bugs,1.0
MhJK,%effort,0.026548672566371723
MhJK,F1,0.05172413793103456
MhJK,%bugs,0.7777777777777778
MhJK,%effort,0.5419847328244275
MhJK,F1,0.6388174807197943
MhJK,%bugs,1.0
MhJK,%effort,0.1089108910891089
MhJK,F1,0.1964285714285714
MhJK,%bugs,0.9444444444444444
MhJK,%effort,0.32539682539682535
MhJK,F1,0.4840277777777778
MhJK,%bugs,1.0
MhJK,%effort,0.029126213592232997
MhJK,F1,0.056603773584905634
MhJK,%bugs,1.0
MhJK,%effort,0.25373134328358204
MhJK,F1,0.40476190476190466
MhJK,%bugs,0.875
MhJK,%effort,0.32795698924731187
MhJK,F1,0.4770949720670391
MhJK,%bugs,1.0
MhJK,%effort,0.07407407407407407
MhJK,F1,0.13793103448275862
MhJK,%bugs,0.875
MhJK,%effort,0.4298245614035088
MhJK,F1,0.5764705882352942
MhJK,%bugs,1.0
MhJK,%effort,0.22330097087378642
MhJK,F1,0.3650793650793651
MhJK,%bugs,0.9411764705882353
MhJK,%effort,0.2213114754098361
MhJK,F1,0.35835752799668186
MhJK,%bugs,1.0
MhJK,%effort,0.09909909909909909
MhJK,F1,0.18032786885245902
MhJK,%bugs,0.9444444444444444
MhJK,%effort,0.34615384615384615
MhJK,F1,0.5066225165562914
MhJK,%bugs,1.0
MhJK,%effort,0.005681818181818232
MhJK,F1,0.011299435028248686
MhJK,%bugs,1.0
MhJK,%effort,0.24
MhJK,F1,0.3870967741935484
MhJK,%bugs,1.0
MhJK,%effort,0.015151515151515138
MhJK,F1,0.02985074626865669
MhJK,%bugs,0.6521739130434783
MhJK,%effort,0.4879518072289156
MhJK,F1,0.558235699517574
MhJK,%bugs,1.0
MhJK,%effort,0.008620689655172376
MhJK,F1,0.01709401709401702
MhJK,%bugs,1.0
MhJK,%effort,0.17500000000000004
MhJK,F1,0.29787234042553196
MhJK,%bugs,1.0
MhJK,%effort,0.051724137931034475
MhJK,F1,0.0983606557377049
MhJK,%bugs,1.0
MhJK,%effort,0.18604651162790697
MhJK,F1,0.3137254901960785
MhJK,%bugs,0.9166666666666666
MhJK,%effort,0.15841584158415845
MhJK,F1,0.2701458173445894
MhJK,%bugs,0.5333333333333333
MhJK,%effort,0.5098039215686274
MhJK,F1,0.5213032581453635
MhJK,%bugs,0.9285714285714286
MhJK,%effort,0.13461538461538458
MhJK,F1,0.23514211886304903
MhCH,%bugs,0.8888888888888888
MhCH,%effort,0.5422535211267605
MhCH,F1,0.6735921268452706
MhCH,%bugs,1.0
MhCH,%effort,0.31034482758620685
MhCH,F1,0.47368421052631576
MhCH,%bugs,1.0
MhCH,%effort,0.022556390977443663
MhCH,F1,0.044117647058823636
MhCH,%bugs,1.0
MhCH,%effort,0.13385826771653542
MhCH,F1,0.23611111111111108
MhCH,%bugs,0.6666666666666666
MhCH,%effort,0.5495495495495495
MhCH,F1,0.6024691358024691
MhCH,%bugs,0.8846153846153846
MhCH,%effort,0.6244131455399061
MhCH,F1,0.7320808902716287
MhCH,%bugs,0.9259259259259259
MhCH,%effort,0.26086956521739135
MhCH,F1,0.40705563093622804
MhCH,%bugs,1.0
MhCH,%effort,0.38053097345132747
MhCH,F1,0.5512820512820513
MhCH,%bugs,1.0
MhCH,%effort,0.09090909090909094
MhCH,F1,0.16666666666666674
MhCH,%bugs,0.6470588235294118
MhCH,%effort,0.5934959349593496
MhCH,F1,0.6191210485736314
MhCH,%bugs,0.9411764705882353
MhCH,%effort,0.41666666666666663
MhCH,F1,0.5776173285198555
MhCH,%bugs,0.9259259259259259
MhCH,%effort,0.4618834080717489
MhCH,F1,0.6163235998085208
MhCH,%bugs,0.7083333333333334
MhCH,%effort,0.6551724137931034
MhCH,F1,0.6807165437302425
MhCH,%bugs,1.0
MhCH,%effort,0.08088235294117652
MhCH,F1,0.1496598639455783
MhCH,%bugs,0.9375
MhCH,%effort,0.24369747899159666
MhCH,F1,0.3868385949310805
MhCH,%bugs,1.0
MhCH,%effort,0.23076923076923073
MhCH,F1,0.3749999999999999
MhCH,%bugs,1.0
MhCH,%effort,0.43262411347517726
MhCH,F1,0.6039603960396038
MhCH,%bugs,0.5333333333333333
MhCH,%effort,0.7530864197530864
MhCH,F1,0.6244401791426742
MhCH,%bugs,0.782608695652174
MhCH,%effort,0.47976878612716767
MhCH,F1,0.594863627314354
MhCH,%bugs,0.8333333333333334
MhCH,%effort,0.46153846153846156
MhCH,F1,0.594059405940594
MhCH,%bugs,0.6818181818181818
MhCH,%effort,0.6774193548387097
MhCH,F1,0.6796116504854369
MhCH,%bugs,1.0
MhCH,%effort,0.008264462809917328
MhCH,F1,0.016393442622950765
MhCH,%bugs,0.975609756097561
MhCH,%effort,0.3373493975903614
MhCH,F1,0.5013428827215757
MhCH,%bugs,0.9523809523809523
MhCH,%effort,0.11392405063291144
MhCH,F1,0.203504804974562
MhCH,%bugs,1.0
MhCH,%effort,0.16167664670658688
MhCH,F1,0.2783505154639176
MhCH,%bugs,0.9375
MhCH,%effort,0.4017094017094017
MhCH,F1,0.5624252094136418
MhCH,%bugs,0.8823529411764706
MhCH,%effort,0.4354838709677419
MhCH,F1,0.5831533477321814
MhCH,%bugs,0.8636363636363636
MhCH,%effort,0.5569620253164558
MhCH,F1,0.6771972458485218
MhCH,%bugs,0.9714285714285714
MhCH,%effort,0.03114186851211076
MhCH,F1,0.06034907800019729
MhCH,%bugs,0.24390243902439024
MhCH,%effort,0.8787878787878788
MhCH,F1,0.3818301514154049
MhCH,%bugs,0.9767441860465116
MhCH,%effort,0.04069767441860461
MhCH,F1,0.07813953488372084
MhCH,%bugs,1.0
MhCH,%effort,0.03508771929824561
MhCH,F1,0.06779661016949151
MhCH,%bugs,1.0
MhCH,%effort,0.305993690851735
MhCH,F1,0.46859903381642515
MhCH,%bugs,0.8709677419354839
MhCH,%effort,0.5801526717557253
MhCH,F1,0.6964194807398608
MhCH,%bugs,0.9736842105263158
MhCH,%effort,0.4444444444444444
MhCH,F1,0.6103092783505155
MhCH,%bugs,1.0
MhCH,%effort,0.35185185185185186
MhCH,F1,0.5205479452054794
MhCH,%bugs,0.8245614035087719
MhCH,%effort,0.4600431965442765
MhCH,F1,0.590584626275736
MhCH,%bugs,0.9285714285714286
MhCH,%effort,0.40594059405940597
MhCH,F1,0.5649178590355061
MhCH,%bugs,0.9333333333333333
MhCH,%effort,0.18918918918918914
MhCH,F1,0.31460674157303364
MhCH,%bugs,1.0
MhCH,%effort,0.23076923076923073
MhCH,F1,0.3749999999999999
MhCH,%bugs,0.3333333333333333
MhCH,%effort,0.8820058997050148
MhCH,F1,0.48381877022653713
MhCH,%bugs,0.3333333333333333
MhCH,%effort,0.8820058997050148
MhCH,F1,0.48381877022653713
MhCH,%bugs,1.0
MhCH,%effort,0.08450704225352113
MhCH,F1,0.15584415584415587
MhCH,%bugs,1.0
MhCH,%effort,0.08450704225352113
MhCH,F1,0.15584415584415587
MhCH,%bugs,0.5714285714285714
MhCH,%effort,0.7131147540983607
MhCH,F1,0.6344576116681859
MhCH,%bugs,0.5714285714285714
MhCH,%effort,0.7131147540983607
MhCH,F1,0.6344576116681859
MhCH,%bugs,0.6956521739130435
MhCH,%effort,0.6571428571428571
MhCH,F1,0.6758494031221305
MhCH,%bugs,0.6956521739130435
MhCH,%effort,0.6571428571428571
MhCH,F1,0.6758494031221305
MhCH,%bugs,1.0
MhCH,%effort,0.09090909090909094
MhCH,F1,0.16666666666666674
MhCH,%bugs,0.96
MhCH,%effort,0.41463414634146345
MhCH,F1,0.5791341376863024
MhCH,%bugs,0.96
MhCH,%effort,0.41463414634146345
MhCH,F1,0.5791341376863024
MhCH,%bugs,0.9347826086956522
MhCH,%effort,0.4354838709677419
MhCH,F1,0.5941658137154555
MhCH,%bugs,0.9347826086956522
MhCH,%effort,0.4354838709677419
MhCH,F1,0.5941658137154555
MhCH,%bugs,0.5238095238095238
MhCH,%effort,0.46308724832214765
MhCH,F1,0.491580310880829
MhCH,%bugs,0.875
MhCH,%effort,0.5038167938931297
MhCH,F1,0.639446366782007
MhCH,%bugs,0.875
MhCH,%effort,0.5038167938931297
MhCH,F1,0.639446366782007
MhCH,%bugs,0.9615384615384616
MhCH,%effort,0.13043478260869568
MhCH,F1,0.2297090352220521
MhCH,%bugs,0.9615384615384616
MhCH,%effort,0.13043478260869568
MhCH,F1,0.2297090352220521
MhCH,%bugs,0.8666666666666667
MhCH,%effort,0.48275862068965514
MhCH,F1,0.6201022146507665
MhCH,%bugs,0.8666666666666667
MhCH,%effort,0.48275862068965514
MhCH,F1,0.6201022146507665
MhCH,%bugs,1.0
MhCH,%effort,0.09090909090909094
MhCH,F1,0.16666666666666674
MhCH,%bugs,0.30434782608695654
MhCH,%effort,0.7647058823529411
MhCH,F1,0.43540669856459335
MhCH,%bugs,0.30434782608695654
MhCH,%effort,0.7647058823529411
MhCH,F1,0.43540669856459335
MhCH,%bugs,0.84
MhCH,%effort,0.6216216216216216
MhCH,F1,0.7144970414201184
MhCH,%bugs,0.84
MhCH,%effort,0.6216216216216216
MhCH,F1,0.7144970414201184
MhCH,%bugs,0.8823529411764706
MhCH,%effort,0.4957983193277311
MhCH,F1,0.6348637015781923
MhCH,%bugs,0.8823529411764706
MhCH,%effort,0.4957983193277311
MhCH,F1,0.6348637015781923
MhCH,%bugs,0.7777777777777778
MhCH,%effort,0.5419847328244275
MhCH,F1,0.6388174807197943
MhCH,%bugs,0.7777777777777778
MhCH,%effort,0.5419847328244275
MhCH,F1,0.6388174807197943
MhCH,%bugs,0.4642857142857143
MhCH,%effort,0.7461928934010152
MhCH,F1,0.5724127602216564
MhCH,%bugs,0.4642857142857143
MhCH,%effort,0.7461928934010152
MhCH,F1,0.5724127602216564
MhCH,%bugs,0.7
MhCH,%effort,0.06976744186046513
MhCH,F1,0.12688821752265864
MhCH,%bugs,0.7
MhCH,%effort,0.06976744186046513
MhCH,F1,0.12688821752265864
MhCH,%bugs,1.0
MhCH,%effort,0.1341991341991342
MhCH,F1,0.2366412213740458
MhCH,%bugs,1.0
MhCH,%effort,0.1341991341991342
MhCH,F1,0.2366412213740458
MhCH,%bugs,1.0
MhCH,%effort,0.21568627450980393
MhCH,F1,0.3548387096774193
MhCH,%bugs,1.0
MhCH,%effort,0.21568627450980393
MhCH,F1,0.3548387096774193
MhCH,%bugs,0.9565217391304348
MhCH,%effort,0.2178770949720671
MhCH,F1,0.3549120992761118
MhCH,%bugs,0.9666666666666667
MhCH,%effort,0.019607843137254943
MhCH,F1,0.03843605036447987
MhCH,%bugs,1.0
MhCH,%effort,0.027027027027026973
MhCH,F1,0.05263157894736832
MhCH,%bugs,0.08
MhCH,%effort,0.7948717948717949
MhCH,F1,0.14536928487690504
MhCH,%bugs,0.9333333333333333
MhCH,%effort,0.33333333333333337
MhCH,F1,0.49122807017543874
MhCH,%bugs,1.0
MhCH,%effort,0.02985074626865669
MhCH,F1,0.05797101449275357
MhCH,%bugs,1.0
MhCH,%effort,0.16666666666666663
MhCH,F1,0.2857142857142857
MhCH,%bugs,1.0
MhCH,%effort,0.00990099009900991
MhCH,F1,0.01960784313725492
MhCH,%bugs,1.0
MhCH,%effort,0.017857142857142905
MhCH,F1,0.03508771929824571
MhCH,%bugs,1.0
MhCH,%effort,0.21985815602836878
MhCH,F1,0.36046511627906974
MhCH,%bugs,0.85
MhCH,%effort,0.32885906040268453
MhCH,F1,0.4742385425562197
MhCH,%bugs,0.8181818181818182
MhCH,%effort,0.49044585987261147
MhCH,F1,0.6132743362831858
MhCH,%bugs,1.0
MhCH,%effort,0.026548672566371723
MhCH,F1,0.05172413793103456
MhCH,%bugs,1.0
MhCH,%effort,0.3129770992366412
MhCH,F1,0.4767441860465116
MhCH,%bugs,0.9285714285714286
MhCH,%effort,0.40594059405940597
MhCH,F1,0.5649178590355061
MhCH,%bugs,0.9444444444444444
MhCH,%effort,0.4444444444444444
MhCH,F1,0.6044444444444445
MhCH,%bugs,1.0
MhCH,%effort,0.029126213592232997
MhCH,F1,0.056603773584905634
MhCH,%bugs,1.0
MhCH,%effort,0.25373134328358204
MhCH,F1,0.40476190476190466
MhCH,%bugs,1.0
MhCH,%effort,0.032258064516129004
MhCH,F1,0.062499999999999944
MhCH,%bugs,0.6
MhCH,%effort,0.537037037037037
MhCH,F1,0.5667752442996743
MhCH,%bugs,0.625
MhCH,%effort,0.5614035087719298
MhCH,F1,0.5914972273567467
MhCH,%bugs,0.9285714285714286
MhCH,%effort,0.41747572815533984
MhCH,F1,0.5759917568263782
MhCH,%bugs,0.8823529411764706
MhCH,%effort,0.34426229508196726
MhCH,F1,0.49528301886792453
MhCH,%bugs,0.8666666666666667
MhCH,%effort,0.36936936936936937
MhCH,F1,0.5179786200194364
MhCH,%bugs,0.8888888888888888
MhCH,%effort,0.46153846153846156
MhCH,F1,0.6075949367088607
MhCH,%bugs,1.0
MhCH,%effort,0.09090909090909094
MhCH,F1,0.16666666666666674
MhCH,%bugs,1.0
MhCH,%effort,0.040000000000000036
MhCH,F1,0.07692307692307698
MhCH,%bugs,0.7777777777777778
MhCH,%effort,0.4696969696969697
MhCH,F1,0.5856950067476384
MhCH,%bugs,1.0
MhCH,%effort,0.03614457831325302
MhCH,F1,0.06976744186046513
MhCH,%bugs,1.0
MhCH,%effort,0.13793103448275867
MhCH,F1,0.24242424242424251
MhCH,%bugs,1.0
MhCH,%effort,0.09999999999999998
MhCH,F1,0.18181818181818177
MhCH,%bugs,1.0
MhCH,%effort,0.051724137931034475
MhCH,F1,0.0983606557377049
MhCH,%bugs,0.5
MhCH,%effort,0.689922480620155
MhCH,F1,0.5798045602605864
MhCH,%bugs,0.8333333333333334
MhCH,%effort,0.306930693069307
MhCH,F1,0.44862518089725045
MhCH,%bugs,1.0
MhCH,%effort,0.019607843137254943
MhCH,F1,0.03846153846153855
MhCH,%bugs,0.5714285714285714
MhCH,%effort,0.6153846153846154
MhCH,F1,0.5925925925925927
MtCH,%bugs,0.2222222222222222
MtCH,%effort,0.9154929577464789
MtCH,F1,0.3576341127922971
MtCH,%bugs,0.5
MtCH,%effort,0.7931034482758621
MtCH,F1,0.6133333333333334
MtCH,%bugs,1.0
MtCH,%effort,0.007518796992481258
MtCH,F1,0.014925373134328467
MtCH,%bugs,1.0
MtCH,%effort,0.19685039370078738
MtCH,F1,0.3289473684210526
MtCH,%bugs,0.8
MtCH,%effort,0.45945945945945943
MtCH,F1,0.5836909871244635
MtCH,%bugs,0.8846153846153846
MtCH,%effort,0.6056338028169015
MtCH,F1,0.7190112686295892
MtCH,%bugs,0.9629629629629629
MtCH,%effort,0.25652173913043474
MtCH,F1,0.4051234649412386
MtCH,%bugs,0.875
MtCH,%effort,0.5486725663716814
MtCH,F1,0.6744366744366744
MtCH,%bugs,0.6111111111111112
MtCH,%effort,0.6136363636363636
MtCH,F1,0.6123711340206186
MtCH,%bugs,0.6470588235294118
MtCH,%effort,0.5609756097560976
MtCH,F1,0.6009501187648457
MtCH,%bugs,0.7058823529411765
MtCH,%effort,0.6
MtCH,F1,0.6486486486486486
MtCH,%bugs,0.2222222222222222
MtCH,%effort,0.8923766816143498
MtCH,F1,0.35583370585605717
MtCH,%bugs,0.7916666666666666
MtCH,%effort,0.6724137931034483
MtCH,F1,0.7271835132482827
MtCH,%bugs,1.0
MtCH,%effort,0.007352941176470562
MtCH,F1,0.01459854014598535
MtCH,%bugs,1.0
MtCH,%effort,0.3445378151260504
MtCH,F1,0.5125
MtCH,%bugs,0.9375
MtCH,%effort,0.46153846153846156
MtCH,F1,0.6185567010309277
MtCH,%bugs,0.95
MtCH,%effort,0.5319148936170213
MtCH,F1,0.6819813352476668
MtCH,%bugs,0.2
MtCH,%effort,0.9012345679012346
MtCH,F1,0.3273542600896861
MtCH,%bugs,0.5217391304347826
MtCH,%effort,0.8092485549132948
MtCH,F1,0.6344410876132931
MtCH,%bugs,0.3888888888888889
MtCH,%effort,0.8153846153846154
MtCH,F1,0.5266146202980837
MtCH,%bugs,0.45454545454545453
MtCH,%effort,0.8064516129032258
MtCH,F1,0.5813953488372092
MtCH,%bugs,0.35294117647058826
MtCH,%effort,0.8512396694214877
MtCH,F1,0.4989907145740815
MtCH,%bugs,0.07317073170731707
MtCH,%effort,0.9457831325301205
MtCH,F1,0.13583273251622205
MtCH,%bugs,0.47619047619047616
MtCH,%effort,0.7911392405063291
MtCH,F1,0.5945303210463734
MtCH,%bugs,1.0
MtCH,%effort,0.2455089820359282
MtCH,F1,0.3942307692307693
MtCH,%bugs,0.875
MtCH,%effort,0.5897435897435898
MtCH,F1,0.7045951859956237
MtCH,%bugs,0.23529411764705882
MtCH,%effort,0.8306451612903226
MtCH,F1,0.36671117044948826
MtCH,%bugs,0.9090909090909091
MtCH,%effort,0.4493670886075949
MtCH,F1,0.6014400677678949
MtCH,%bugs,1.0
MtCH,%effort,0.0034602076124568004
MtCH,F1,0.006896551724138037
MtCH,%bugs,1.0
MtCH,%effort,0.26363636363636367
MtCH,F1,0.4172661870503597
MtCH,%bugs,0.09302325581395349
MtCH,%effort,0.9476744186046512
MtCH,F1,0.16941665583993762
MtCH,%bugs,0.3333333333333333
MtCH,%effort,0.8157894736842105
MtCH,F1,0.4732824427480915
MtCH,%bugs,0.05405405405405406
MtCH,%effort,0.943217665615142
MtCH,F1,0.10224843977088142
MtCH,%bugs,0.9032258064516129
MtCH,%effort,0.4961832061068703
MtCH,F1,0.6405067745908852
MtCH,%bugs,0.9736842105263158
MtCH,%effort,0.43137254901960786
MtCH,F1,0.59786999632758
MtCH,%bugs,0.8888888888888888
MtCH,%effort,0.5138888888888888
MtCH,F1,0.6512651265126512
MtCH,%bugs,0.9473684210526315
MtCH,%effort,0.40388768898488125
MtCH,F1,0.566332968789434
MtCH,%bugs,0.9285714285714286
MtCH,%effort,0.5544554455445545
MtCH,F1,0.6943252265140677
MtCH,%bugs,0.8
MtCH,%effort,0.5135135135135135
MtCH,F1,0.6255144032921811
MtCH,%bugs,0.0196078431372549
MtCH,%effort,0.9567307692307693
MtCH,F1,0.0384281162498793
MtCH,%bugs,0.9523809523809523
MtCH,%effort,0.3982300884955752
MtCH,F1,0.5616224648985959
MtCH,%bugs,0.9523809523809523
MtCH,%effort,0.3982300884955752
MtCH,F1,0.5616224648985959
MtCH,%bugs,1.0
MtCH,%effort,0.06338028169014087
MtCH,F1,0.11920529801324507
MtCH,%bugs,1.0
MtCH,%effort,0.06338028169014087
MtCH,F1,0.11920529801324507
MtCH,%bugs,0.5714285714285714
MtCH,%effort,0.7049180327868853
MtCH,F1,0.6311926605504588
MtCH,%bugs,0.5714285714285714
MtCH,%effort,0.7049180327868853
MtCH,F1,0.6311926605504588
MtCH,%bugs,0.782608695652174
MtCH,%effort,0.6571428571428571
MtCH,F1,0.7144089732528042
MtCH,%bugs,0.782608695652174
MtCH,%effort,0.6571428571428571
MtCH,F1,0.7144089732528042
MtCH,%bugs,1.0
MtCH,%effort,0.10160427807486627
MtCH,F1,0.18446601941747567
MtCH,%bugs,0.56
MtCH,%effort,0.7951219512195122
MtCH,F1,0.657163426925846
MtCH,%bugs,0.56
MtCH,%effort,0.7951219512195122
MtCH,F1,0.657163426925846
MtCH,%bugs,0.9565217391304348
MtCH,%effort,0.4193548387096774
MtCH,F1,0.5830784913353722
MtCH,%bugs,0.9565217391304348
MtCH,%effort,0.4193548387096774
MtCH,F1,0.5830784913353722
MtCH,%bugs,0.9523809523809523
MtCH,%effort,0.11409395973154357
MtCH,F1,0.20377584656877426
MtCH,%bugs,0.84375
MtCH,%effort,0.5190839694656488
MtCH,F1,0.6427446175389462
MtCH,%bugs,0.84375
MtCH,%effort,0.5190839694656488
MtCH,F1,0.6427446175389462
MtCH,%bugs,1.0
MtCH,%effort,0.13586956521739135
MtCH,F1,0.23923444976076563
MtCH,%bugs,1.0
MtCH,%effort,0.13586956521739135
MtCH,F1,0.23923444976076563
MtCH,%bugs,0.26666666666666666
MtCH,%effort,0.8448275862068966
MtCH,F1,0.40537745604963804
MtCH,%bugs,0.26666666666666666
MtCH,%effort,0.8448275862068966
MtCH,F1,0.40537745604963804
MtCH,%bugs,1.0
MtCH,%effort,0.1398601398601399
MtCH,F1,0.245398773006135
MtCH,%bugs,1.0
MtCH,%effort,0.1705882352941176
MtCH,F1,0.29145728643216073
MtCH,%bugs,1.0
MtCH,%effort,0.1705882352941176
MtCH,F1,0.29145728643216073
MtCH,%bugs,0.52
MtCH,%effort,0.8054054054054054
MtCH,F1,0.6319738988580751
MtCH,%bugs,0.52
MtCH,%effort,0.8054054054054054
MtCH,F1,0.6319738988580751
MtCH,%bugs,0.5294117647058824
MtCH,%effort,0.773109243697479
MtCH,F1,0.6284629981024669
MtCH,%bugs,0.5294117647058824
MtCH,%effort,0.773109243697479
MtCH,F1,0.6284629981024669
MtCH,%bugs,1.0
MtCH,%effort,0.38167938931297707
MtCH,F1,0.5524861878453038
MtCH,%bugs,1.0
MtCH,%effort,0.38167938931297707
MtCH,F1,0.5524861878453038
MtCH,%bugs,0.17857142857142858
MtCH,%effort,0.8934010152284264
MtCH,F1,0.2976492474209369
MtCH,%bugs,0.17857142857142858
MtCH,%effort,0.8934010152284264
MtCH,F1,0.2976492474209369
MtCH,%bugs,1.0
MtCH,%effort,0.023255813953488413
MtCH,F1,0.04545454545454553
MtCH,%bugs,1.0
MtCH,%effort,0.023255813953488413
MtCH,F1,0.04545454545454553
MtCH,%bugs,1.0
MtCH,%effort,0.1558441558441559
MtCH,F1,0.2696629213483147
MtCH,%bugs,1.0
MtCH,%effort,0.1558441558441559
MtCH,F1,0.2696629213483147
MtCH,%bugs,0.7142857142857143
MtCH,%effort,0.5294117647058824
MtCH,F1,0.6081081081081081
MtCH,%bugs,0.7142857142857143
MtCH,%effort,0.5294117647058824
MtCH,F1,0.6081081081081081
MtCH,%bugs,0.9565217391304348
MtCH,%effort,0.22905027932960897
MtCH,F1,0.3695963941815202
MtCH,%bugs,1.0
MtCH,%effort,0.0117647058823529
MtCH,F1,0.023255813953488292
MtCH,%bugs,0.08695652173913043
MtCH,%effort,0.9513513513513514
MtCH,F1,0.1593481213218651
MtCH,%bugs,0.16
MtCH,%effort,0.7538461538461538
MtCH,F1,0.26397306397306397
MtCH,%bugs,0.9333333333333333
MtCH,%effort,0.34285714285714286
MtCH,F1,0.5014925373134329
MtCH,%bugs,1.0
MtCH,%effort,0.014925373134328401
MtCH,F1,0.029411764705882436
MtCH,%bugs,1.0
MtCH,%effort,0.18181818181818177
MtCH,F1,0.30769230769230765
MtCH,%bugs,1.0
MtCH,%effort,0.01980198019801982
MtCH,F1,0.03883495145631071
MtCH,%bugs,1.0
MtCH,%effort,0.0357142857142857
MtCH,F1,0.06896551724137928
MtCH,%bugs,1.0
MtCH,%effort,0.21276595744680848
MtCH,F1,0.35087719298245607
MtCH,%bugs,0.85
MtCH,%effort,0.3557046979865772
MtCH,F1,0.501530754244364
MtCH,%bugs,0.7727272727272727
MtCH,%effort,0.5031847133757962
MtCH,F1,0.6094849103698662
MtCH,%bugs,1.0
MtCH,%effort,0.017699115044247815
MtCH,F1,0.03478260869565223
MtCH,%bugs,1.0
MtCH,%effort,0.33587786259541985
MtCH,F1,0.5028571428571428
MtCH,%bugs,1.0
MtCH,%effort,0.37623762376237624
MtCH,F1,0.5467625899280576
MtCH,%bugs,1.0
MtCH,%effort,0.4285714285714286
MtCH,F1,0.6
MtCH,%bugs,1.0
MtCH,%effort,0.009708737864077666
MtCH,F1,0.01923076923076922
MtCH,%bugs,1.0
MtCH,%effort,0.26119402985074625
MtCH,F1,0.4142011834319526
MtCH,%bugs,1.0
MtCH,%effort,0.048387096774193505
MtCH,F1,0.09230769230769223
MtCH,%bugs,0.6666666666666666
MtCH,%effort,0.5277777777777778
MtCH,F1,0.5891472868217055
MtCH,%bugs,0.875
MtCH,%effort,0.39473684210526316
MtCH,F1,0.544041450777202
MtCH,%bugs,0.7857142857142857
MtCH,%effort,0.6504854368932038
MtCH,F1,0.7117334620956058
MtCH,%bugs,0.47058823529411764
MtCH,%effort,0.7049180327868853
MtCH,F1,0.5643970467596391
MtCH,%bugs,1.0
MtCH,%effort,0.29729729729729726
MtCH,F1,0.45833333333333326
MtCH,%bugs,1.0
MtCH,%effort,0.4461538461538461
MtCH,F1,0.6170212765957447
MtCH,%bugs,1.0
MtCH,%effort,0.07954545454545459
MtCH,F1,0.14736842105263165
MtCH,%bugs,1.0
MtCH,%effort,0.08799999999999997
MtCH,F1,0.16176470588235287
MtCH,%bugs,0.9444444444444444
MtCH,%effort,0.34090909090909094
MtCH,F1,0.5009823182711198
MtCH,%bugs,1.0
MtCH,%effort,0.02409638554216864
MtCH,F1,0.04705882352941171
MtCH,%bugs,1.0
MtCH,%effort,0.14655172413793105
MtCH,F1,0.25563909774436094
MtCH,%bugs,1.0
MtCH,%effort,0.010000000000000009
MtCH,F1,0.01980198019801982
MtCH,%bugs,1.0
MtCH,%effort,0.017241379310344862
MtCH,F1,0.03389830508474583
MtCH,%bugs,1.0
MtCH,%effort,0.2325581395348837
MtCH,F1,0.3773584905660377
MtCH,%bugs,0.9166666666666666
MtCH,%effort,0.2277227722772277
MtCH,F1,0.3648161499639509
MtCH,%bugs,0.06666666666666667
MtCH,%effort,0.7647058823529411
MtCH,F1,0.12264150943396225
MtCH,%bugs,0.5714285714285714
MtCH,%effort,0.6826923076923077
MtCH,F1,0.6221248630887185
