1-284-∞Ÿ∂» ÷ª˙Œ¿ øπ¶ƒ‹ÃÂ—È_1463737109.csv,0.9444444444444444,0.9444444444444444,0.9722222222222222,0.9722222222222222,0.9722222222222222,0.397887323943662,0.397887323943662,0.397887323943662,0.47535211267605637,0.5035211267605634,0.5646773272415763,0.5646773272415763,0.5646773272415763,0.6324056213833013,0.6568495001350987,
101-120-ΩÒ»’ ±…–≤‚ ‘_1463737561.csv,1.0,1.0,1.0,1.0,1.0,0.17500000000000004,0.17500000000000004,0.17500000000000004,0.17500000000000004,0.17500000000000004,0.29787234042553196,0.29787234042553196,0.29787234042553196,0.29787234042553196,0.29787234042553196,
102-223-µœ–≈Õ®≤‚ ‘_1463737571.csv,0.8518518518518519,0.8518518518518519,0.8518518518518519,0.8518518518518519,0.8518518518518519,0.6278026905829597,0.6278026905829597,0.6278026905829597,0.6278026905829597,0.6278026905829597,0.7228645190257044,0.7228645190257044,0.7228645190257044,0.7228645190257044,0.7228645190257044,
106-103-ª˘ΩÀŸ¿¿2.3≤‚ ‘_1463737575.csv,0.8571428571428571,0.8571428571428571,0.8571428571428571,0.8571428571428571,0.8571428571428571,0.6310679611650485,0.6310679611650485,0.6310679611650485,0.6310679611650485,0.6310679611650485,0.7269338303821061,0.7269338303821061,0.7269338303821061,0.7269338303821061,0.7269338303821061,
107-174-”≤º˛±‡¬Î≤‚ ‘_1463737567.csv,0.7083333333333334,0.7083333333333334,0.7083333333333334,0.9583333333333334,0.9583333333333334,0.5402298850574713,0.5402298850574713,0.7873563218390804,0.7873563218390804,0.7873563218390804,0.6909555768616171,0.6909555768616171,0.7457572846621839,0.7457572846621839,0.7457572846621839,
108-272-”≈”≈ÀÕ“©≤‚ ‘_1463737584.csv,1.0,1.0,1.0,1.0,1.0,0.02941176470588236,0.02941176470588236,0.02941176470588236,0.0404411764705882,0.10661764705882348,0.05714285714285716,0.05714285714285716,0.05714285714285716,0.07773851590106,0.19269102990033218,
11-117-π„∏Ê‘∆Õ∆ÀÕµ˜—–≤‚ ‘_1463737325.csv,1.0,1.0,1.0,1.0,1.0,0.0,0.0,0.0,0.0,0.0,0.0,0.0,0.0,0.0,0.0,
111-241-µœ–≈Õ®≤‚ ‘∂˛_1463737590.csv,1.0,1.0,1.0,1.0,1.0,0.1410788381742739,0.1410788381742739,0.1410788381742739,0.1908713692946058,0.19502074688796678,0.24727272727272737,0.24727272727272737,0.24727272727272737,0.3205574912891986,0.32638888888888884,
112-119-ÀºŒ¨ºÚÕº≤‚ ‘_1463737602.csv,1.0,1.0,1.0,1.0,1.0,0.01680672268907568,0.01680672268907568,0.01680672268907568,0.01680672268907568,0.134453781512605,0.033057851239669526,0.033057851239669526,0.033057851239669526,0.033057851239669526,0.237037037037037,
113-177-Hark≤‚ ‘_1463737599.csv,0.6666666666666666,0.6666666666666666,0.6666666666666666,0.6666666666666666,0.6666666666666666,0.6045197740112994,0.6045197740112994,0.6045197740112994,0.6101694915254237,0.6440677966101696,0.6340740740740741,0.6340740740740741,0.6340740740740741,0.6371681415929202,0.6551724137931035,
114-119-æ©∂´Œ¢¡™≤‚ ‘_1463737617.csv,0.6470588235294118,0.6470588235294118,0.6470588235294118,0.6470588235294118,0.6470588235294118,0.6554621848739496,0.6554621848739496,0.6554621848739496,0.6554621848739496,0.6554621848739496,0.6512333965844402,0.6512333965844402,0.6512333965844402,0.6512333965844402,0.6512333965844402,
115-157-ÃÏÃÏ∫Ï∞¸≤‚ ‘_1463737606.csv,0.4117647058823529,1.0,1.0,1.0,1.0,0.05095541401273884,0.05095541401273884,0.05095541401273884,0.05095541401273884,0.8089171974522293,0.09696969696969696,0.09696969696969696,0.09696969696969696,0.09696969696969696,0.5457335788827502,
119-337-º±æ»øÏÕ®≤‚ ‘_1463737643.csv,0.9285714285714286,0.9761904761904762,0.9761904761904762,0.9761904761904762,0.9761904761904762,0.1572700296735905,0.1572700296735905,0.1572700296735905,0.20771513353115723,0.32640949554896137,0.2708969644081531,0.2708969644081531,0.2708969644081531,0.34254341469236727,0.48302651579125144,
122-138-π∫ŒÔøÒ≤‚ ‘_1463737645.csv,0.8888888888888888,0.8888888888888888,0.8888888888888888,0.8888888888888888,0.8888888888888888,0.5434782608695652,0.5434782608695652,0.5797101449275363,0.5797101449275363,0.5797101449275363,0.6745362563237773,0.6745362563237773,0.7017543859649122,0.7017543859649122,0.7017543859649122,
123-115-“∆∂Ø∑¢≤ºœµÕ≥Beta≤‚ ‘_1463737586.csv,1.0,1.0,1.0,1.0,1.0,0.0,0.0,0.0,0.0,0.0,0.0,0.0,0.0,0.0,0.0,
124-326-“¬≈˙≤‚ ‘_1463737628.csv,0.525,0.525,0.525,0.525,0.525,0.8650306748466258,0.8650306748466258,0.8742331288343559,0.8742331288343559,0.8742331288343559,0.6534260178748759,0.6534260178748759,0.6560341992765538,0.6560341992765538,0.6560341992765538,
125-117-ª∞∑—÷ß∏∂Demo≤‚ ‘_1463737673.csv,0.9375,0.9375,0.9375,0.9375,0.9375,0.4786324786324786,0.4786324786324786,0.4786324786324786,0.5299145299145299,0.5299145299145299,0.6337231233496793,0.6337231233496793,0.6337231233496793,0.6771022934109939,0.6771022934109939,
127-271-365Ã‘∑ø≤‚ ‘_1463737634.csv,0.96875,1.0,1.0,1.0,1.0,0.0,0.0,0.0,0.0,0.1439114391143912,0.0,0.0,0.0,0.0,0.25059591667530323,
128-115-µ∞µ∞◊¨≤‚ ‘_1463737676.csv,0.9285714285714286,0.9285714285714286,1.0,1.0,1.0,0.0,0.0,0.0,0.19999999999999996,0.19999999999999996,0.0,0.0,0.0,0.3291139240506329,0.3291139240506329,
130-136-÷’º´ ÷µÁÕ≤≤‚ ‘_1463737660.csv,0.9473684210526315,0.9473684210526315,0.9473684210526315,0.9473684210526315,0.9473684210526315,0.4632352941176471,0.4632352941176471,0.4632352941176471,0.4632352941176471,0.4632352941176471,0.6222222222222222,0.6222222222222222,0.6222222222222222,0.6222222222222222,0.6222222222222222,
133-141-ª√æ∂≤‚ ‘_1463737686.csv,0.9,0.9,0.95,0.95,0.95,0.5319148936170213,0.5319148936170213,0.5319148936170213,0.6524822695035462,0.6524822695035462,0.6819813352476668,0.6819813352476668,0.6819813352476668,0.7565098218364551,0.7565098218364551,
134-221-¬Ú≥µ¥Ô»À≤‚ ‘_1463737670.csv,0.875,0.875,0.875,0.875,0.875,0.5746606334841629,0.5746606334841629,0.5746606334841629,0.6108597285067874,0.6108597285067874,0.6937182988685134,0.6937182988685134,0.6937182988685134,0.7194518462124097,0.7194518462124097,
135-243-–«¡™app≤‚ ‘_1463737684.csv,1.0,1.0,1.0,1.0,1.0,0.020576131687242816,0.020576131687242816,0.020576131687242816,0.09053497942386834,0.15637860082304522,0.040322580645161324,0.040322580645161324,0.040322580645161324,0.16603773584905665,0.2704626334519572,
136-215-ºÚ√˜ÃÏ∆¯≤‚ ‘_1463737693.csv,0.9166666666666666,1.0,1.0,1.0,1.0,0.023255813953488413,0.023255813953488413,0.023255813953488413,0.08837209302325577,0.32558139534883723,0.04545454545454553,0.04545454545454553,0.04545454545454553,0.16239316239316232,0.4804992199687988,
141-173-æ€¥¥≤‚ ‘_1463737689.csv,0.5217391304347826,0.5217391304347826,0.5217391304347826,0.5217391304347826,0.5217391304347826,0.7976878612716762,0.7976878612716762,0.7976878612716762,0.7976878612716762,0.7976878612716762,0.6308571428571429,0.6308571428571429,0.6308571428571429,0.6308571428571429,0.6308571428571429,
142-130-hjdn≤‚ ‘_1463737703.csv,1.0,1.0,1.0,1.0,1.0,0.2692307692307693,0.2692307692307693,0.2692307692307693,0.3076923076923077,0.32307692307692304,0.4242424242424243,0.4242424242424243,0.4242424242424243,0.47058823529411764,0.4883720930232558,
143-127-¿Û÷¶FM≤‚ ‘_1463737709.csv,0.5555555555555556,0.5555555555555556,0.5555555555555556,0.5555555555555556,0.5555555555555556,0.7559055118110236,0.7559055118110236,0.7874015748031495,0.7874015748031495,0.7874015748031495,0.6404269513008672,0.6404269513008672,0.6514657980456026,0.6514657980456026,0.6514657980456026,
145-155- ÷µÁÕ≤≤‚ ‘_1463737698.csv,0.7727272727272727,0.7727272727272727,0.7727272727272727,0.7727272727272727,0.7727272727272727,0.7096774193548387,0.7096774193548387,0.7096774193548387,0.7096774193548387,0.7096774193548387,0.7398615232443126,0.7398615232443126,0.7398615232443126,0.7398615232443126,0.7398615232443126,
146-252-ƒÒ»À≤‚ ‘_1463737707.csv,0.45161290322580644,0.45161290322580644,0.45161290322580644,0.45161290322580644,0.45161290322580644,0.8015873015873016,0.8015873015873016,0.8015873015873016,0.8095238095238095,0.8095238095238095,0.577732379979571,0.577732379979571,0.577732379979571,0.5797807551766139,0.5797807551766139,
149-121-œ≤¬Ì¿≠—≈FM≤‚ ‘_1463737711.csv,0.23529411764705882,0.23529411764705882,0.23529411764705882,0.23529411764705882,0.23529411764705882,0.9173553719008265,0.9173553719008265,0.9173553719008265,0.9256198347107438,0.9256198347107438,0.3745255166596373,0.3745255166596373,0.3745255166596373,0.37520938023450584,0.37520938023450584,
150-275- Ø¡ÒÕ¯APP≤‚ ‘_1463737733.csv,0.29411764705882354,0.29411764705882354,1.0,1.0,1.0,0.0,0.0,0.0,0.9236363636363636,0.9236363636363636,0.0,0.0,0.0,0.4461619532759529,0.4461619532759529,
151-332-µ¿µ¿‘∆º›–£≤‚ ‘_1463737724.csv,1.0,1.0,1.0,1.0,1.0,0.11144578313253017,0.11144578313253017,0.11144578313253017,0.11144578313253017,0.1506024096385542,0.2005420054200543,0.2005420054200543,0.2005420054200543,0.2005420054200543,0.26178010471204183,
154-186-BCHMS≤‚ ‘_1463737680.csv,0.6538461538461539,0.6538461538461539,0.6538461538461539,1.0,1.0,0.0,0.0,0.6666666666666667,0.6666666666666667,0.6666666666666667,0.0,0.0,0.6601941747572816,0.6601941747572816,0.6601941747572816,
157-161-»Œ“‚«Ú≤‚ ‘_1463737744.csv,0.8260869565217391,0.8260869565217391,0.8260869565217391,0.8260869565217391,0.8260869565217391,0.6024844720496895,0.6024844720496895,0.6024844720496895,0.6273291925465838,0.6273291925465838,0.6967863894139887,0.6967863894139887,0.6967863894139887,0.7131178000743219,0.7131178000743219,
158-278-≥« –»¸≥µ ÷≤‚ ‘_1463737738.csv,0.696969696969697,0.696969696969697,0.696969696969697,0.696969696969697,0.696969696969697,0.7014388489208634,0.7014388489208634,0.7014388489208634,0.7014388489208634,0.7014388489208634,0.6991971314989477,0.6991971314989477,0.6991971314989477,0.6991971314989477,0.6991971314989477,
159-158-ª˘Ω«˙œﬂÀŸ¿¿≤‚ ‘_1463737717.csv,1.0,1.0,1.0,1.0,1.0,0.08860759493670889,0.08860759493670889,0.08860759493670889,0.10759493670886078,0.2215189873417721,0.16279069767441864,0.16279069767441864,0.16279069767441864,0.19428571428571428,0.36269430051813467,
161-270-∑ÔªÀ ”∆µbeta∞Ê_1463737748.csv,0.8387096774193549,0.8387096774193549,0.8387096774193549,0.8387096774193549,0.8387096774193549,0.537037037037037,0.537037037037037,0.537037037037037,0.537037037037037,0.5629629629629629,0.6547980894485455,0.6547980894485455,0.6547980894485455,0.6547980894485455,0.6737129219229457,
162-412-Õ¯…œ∂©≤Õ»Ìº˛≤‚ ‘_1463737768.csv,0.2549019607843137,0.2549019607843137,0.2549019607843137,0.2549019607843137,0.2549019607843137,0.9223300970873787,0.9223300970873787,0.9223300970873787,0.9320388349514563,0.9320388349514563,0.39941785252263906,0.39941785252263906,0.39941785252263906,0.4003207698476343,0.4003207698476343,
163-180-æ÷¡Ïµº≤‚ ‘_1463737771.csv,0.30434782608695654,0.30434782608695654,0.30434782608695654,0.30434782608695654,0.30434782608695654,0.8833333333333333,0.8833333333333333,0.8833333333333333,0.8888888888888888,0.8888888888888888,0.45271507016473456,0.45271507016473456,0.45271507016473456,0.4534412955465587,0.4534412955465587,
164-326-«—◊”“Ω…˙≤‚ ‘_1463737777.csv,0.9,0.975,0.975,0.975,0.975,0.23926380368098155,0.23926380368098155,0.23926380368098155,0.3067484662576687,0.47239263803680986,0.38423645320197036,0.38423645320197036,0.38423645320197036,0.46667464401100867,0.6195797943674565,
167-284-–”¡÷Ã‚ø‚≤‚ ‘_1463737790.csv,0.5428571428571428,0.5428571428571428,0.9428571428571428,0.9428571428571428,0.9428571428571428,0.38732394366197187,0.38732394366197187,0.38732394366197187,0.869718309859155,0.869718309859155,0.5490848585690516,0.5490848585690516,0.5490848585690516,0.6684709066305818,0.6684709066305818,
168-124-µÁÃ®≤‚ ‘_1463737792.csv,0.8125,0.8125,0.8125,0.8125,0.8125,0.47580645161290325,0.47580645161290325,0.47580645161290325,0.4838709677419355,0.4838709677419355,0.6001564945226917,0.6001564945226917,0.6001564945226917,0.6065318818040436,0.6065318818040436,
170-149-Domino≤‚ ‘_1463737794.csv,0.8571428571428571,0.8571428571428571,0.8571428571428571,0.8571428571428571,0.8571428571428571,0.49664429530201337,0.49664429530201337,0.5,0.5033557046979866,0.5369127516778524,0.6288951841359772,0.6288951841359772,0.6315723277973755,0.6342494714587738,0.6602475928473177,
171-290-∞ŸŒ ∞Ÿ¥≤‚ ‘_1463737762.csv,0.9705882352941176,0.9705882352941176,0.9705882352941176,0.9705882352941176,0.9705882352941176,0.19655172413793098,0.19655172413793098,0.19655172413793098,0.22758620689655173,0.22758620689655173,0.3269030239833159,0.3269030239833159,0.3269030239833159,0.36871508379888274,0.36871508379888274,
174-330-“◊ ‘º›≤‚ ‘_1463737832.csv,0.717948717948718,0.717948717948718,0.717948717948718,0.717948717948718,0.717948717948718,0.7121212121212122,0.7121212121212122,0.7121212121212122,0.7121212121212122,0.7121212121212122,0.715023091551209,0.715023091551209,0.715023091551209,0.715023091551209,0.715023091551209,
175-167-»¸π˚≤ªµπµ∞≤‚ ‘_1463737842.csv,0.45454545454545453,1.0,1.0,1.0,1.0,0.04790419161676651,0.04790419161676651,0.04790419161676651,0.05988023952095811,0.8323353293413174,0.09142857142857153,0.09142857142857153,0.09142857142857153,0.11299435028248593,0.5879864636209814,
179-117-Ωµ∞¿Ì≤∆≤‚ ‘_1463737851.csv,1.0,1.0,1.0,1.0,1.0,0.2991452991452992,0.2991452991452992,0.2991452991452992,0.2991452991452992,0.3418803418803419,0.46052631578947373,0.46052631578947373,0.46052631578947373,0.46052631578947373,0.5095541401273885,
181-271-Õ¯¿÷ª›≤‚ ‘_1463737849.csv,0.9696969696969697,0.9696969696969697,0.9696969696969697,0.9696969696969697,0.9696969696969697,0.18450184501845024,0.18450184501845024,0.18450184501845024,0.18450184501845024,0.24723247232472323,0.3100174384809146,0.3100174384809146,0.3100174384809146,0.3100174384809146,0.3940090048699807,
183-124-œ≤¬Ì¿≠—≈FM≤‚ ‘_1463737863.csv,1.0,1.0,1.0,1.0,1.0,0.016129032258064502,0.016129032258064502,0.016129032258064502,0.056451612903225756,0.056451612903225756,0.031746031746031717,0.031746031746031717,0.031746031746031717,0.1068702290076335,0.1068702290076335,
184-158-∂£∂£¥Ó≥µ≤‚ ‘_1463737804.csv,0.9545454545454546,0.9545454545454546,1.0,1.0,1.0,0.3481012658227848,0.3481012658227848,0.3481012658227848,0.43670886075949367,0.4810126582278481,0.516431924882629,0.516431924882629,0.516431924882629,0.5992555831265508,0.639679358717435,
187-289-ƒÒ»À≤‚ ‘_1463737869.csv,0.7428571428571429,0.7428571428571429,0.7428571428571429,0.7428571428571429,0.7428571428571429,0.726643598615917,0.726643598615917,0.726643598615917,0.726643598615917,0.726643598615917,0.7346609257265878,0.7346609257265878,0.7346609257265878,0.7346609257265878,0.7346609257265878,
189-216-≈‹≈‹≤‚ ‘_1463737615.csv,0.96,0.96,0.96,0.96,0.96,0.3287037037037037,0.3287037037037037,0.3287037037037037,0.4120370370370371,0.4212962962962963,0.4897255352780572,0.4897255352780572,0.4897255352780572,0.5765960318531516,0.5856012870357957,
190-330-’∆…œPC∞Â≤‚ ‘_1463737880.csv,0.43902439024390244,0.7560975609756098,0.7560975609756098,0.7560975609756098,0.7560975609756098,0.6787878787878787,0.6787878787878787,0.6787878787878787,0.6787878787878787,0.8787878787878788,0.585530005608525,0.7153600494488513,0.7153600494488513,0.7153600494488513,0.7153600494488513,
192-344-ÃœÃœ—≈Àºø⁄”Ô≤‚ ‘_1463737898.csv,0.09302325581395349,0.09302325581395349,0.09302325581395349,0.09302325581395349,0.09302325581395349,0.9186046511627907,0.9186046511627907,0.9186046511627907,0.9244186046511628,0.9273255813953488,0.16893878642074311,0.16893878642074311,0.16893878642074311,0.16903654485049832,0.1690850062943086,
193-114-∞Ÿ∂»Õº∆¨App4.1.3.1≤‚ ‘_1463737882.csv,1.0,1.0,1.0,1.0,1.0,0.0,0.0,0.0,0.0,0.0,0.0,0.0,0.0,0.0,0.0,
194-317-÷Ò∂µ”˝∂˘≤‚ ‘_1463737902.csv,0.6486486486486487,0.6486486486486487,0.6486486486486487,1.0,1.0,0.17665615141955837,0.17665615141955837,0.7160883280757098,0.7160883280757098,0.7160883280757098,0.30026809651474534,0.30026809651474534,0.6807021927906541,0.6807021927906541,0.6807021927906541,
196-262-–°Qø∆∆’≤‚ ‘_1463737916.csv,1.0,1.0,1.0,1.0,1.0,0.2442748091603053,0.2442748091603053,0.2442748091603053,0.2709923664122137,0.30916030534351147,0.3926380368098159,0.3926380368098159,0.3926380368098159,0.4264264264264264,0.47230320699708456,
197-306-”∞ ”¬€Ã≥Ai≤‚ ‘_1463737921.csv,0.9210526315789473,0.9210526315789473,1.0,1.0,1.0,0.3758169934640523,0.3758169934640523,0.3758169934640523,0.5326797385620915,0.5326797385620915,0.5463182897862233,0.5463182897862233,0.5463182897862233,0.674988168480833,0.674988168480833,
199-295-98œ…”Œ≤‚ ‘_1463737840.csv,0.8888888888888888,0.9166666666666666,0.9166666666666666,0.9166666666666666,0.9166666666666666,0.3627118644067797,0.3627118644067797,0.3627118644067797,0.36610169491525424,0.4610169491525423,0.5197615367630823,0.5197615367630823,0.5197615367630823,0.5232327681127505,0.6071428571428571,
2-471-∞Ÿ∂»‰Ø¿¿∆˜T7≥¢œ ÃÂ—È_1463737142.csv,0.8620689655172413,0.8620689655172413,0.8620689655172413,0.8793103448275862,0.8793103448275862,0.5753715498938429,0.5753715498938429,0.6199575371549894,0.6199575371549894,0.6305732484076434,0.6955887163743425,0.6955887163743425,0.7212369708047225,0.7212369708047225,0.7283696291936433,
200-429-º”º”‘À∂Ø≤‚ ‘_1463737892.csv,0.08333333333333333,0.08333333333333333,0.125,0.125,0.125,0.9417249417249417,0.9417249417249417,0.9417249417249417,0.9790209790209791,0.9790209790209791,0.15359297860669224,0.15359297860669224,0.2207047254848402,0.2207047254848402,0.2207047254848402,
202-432-ŒﬁœﬂœÂ—Ù≤‚ ‘_1463737927.csv,0.2962962962962963,0.2962962962962963,0.2962962962962963,0.7407407407407407,0.7407407407407407,0.7199074074074074,0.7199074074074074,0.9189814814814815,0.9189814814814815,0.9189814814814815,0.44811287477954154,0.44811287477954154,0.44811287477954154,0.7301755003815225,0.7301755003815225,
203-463-◊‘”…¿Ì≤∆ ¶≤‚ ‘_1463737936.csv,0.7192982456140351,0.7192982456140351,0.8245614035087719,0.8245614035087719,0.8245614035087719,0.6069114470842333,0.6069114470842333,0.6069114470842333,0.7321814254859611,0.7451403887688985,0.6991900047646779,0.6991900047646779,0.6991900047646779,0.7256826606797891,0.7319913061477954,
204-101-Œƒº˛π‹¿Ì≤‚ ‘_1463737945.csv,1.0,1.0,1.0,1.0,1.0,0.306930693069307,0.306930693069307,0.306930693069307,0.36633663366336633,0.36633663366336633,0.4696969696969698,0.4696969696969698,0.4696969696969698,0.5362318840579711,0.5362318840579711,
205-111-bugŒƒº˛π‹¿Ì≤‚ ‘_1470654534.csv,1.0,1.0,1.0,1.0,1.0,0.23423423423423428,0.23423423423423428,0.23423423423423428,0.3063063063063063,0.3063063063063063,0.37956204379562053,0.37956204379562053,0.37956204379562053,0.4689655172413793,0.4689655172413793,
212-404-æ≠≥£÷±≤•ƒ⁄≤‚∞Ê≤‚ ‘_1463737964.csv,0.54,0.54,0.54,0.54,0.54,0.8935643564356436,0.8935643564356436,0.8935643564356436,0.8935643564356436,0.8985148514851485,0.6731818495752468,0.6731818495752468,0.6731818495752468,0.6731818495752468,0.6745818707412761,
213-416-bugæ≠≥£÷±≤•ƒ⁄≤‚∞Ê≤‚ ‘_1470654528.csv,0.11764705882352941,0.11764705882352941,0.11764705882352941,0.11764705882352941,0.11764705882352941,0.9591346153846154,0.9591346153846154,0.9591346153846154,0.9591346153846154,0.9591346153846154,0.20958634274458304,0.20958634274458304,0.20958634274458304,0.20958634274458304,0.20958634274458304,
214-339-bug–„…´≤‚ ‘_1470654525.csv,0.30952380952380953,0.30952380952380953,0.30952380952380953,0.30952380952380953,0.30952380952380953,0.9262536873156342,0.9262536873156342,0.9262536873156342,0.9262536873156342,0.9262536873156342,0.4639954532537653,0.4639954532537653,0.4639954532537653,0.4639954532537653,0.4639954532537653,
215-339-–„…´≤‚ ‘_1463737968.csv,0.30952380952380953,0.30952380952380953,0.30952380952380953,0.30952380952380953,0.30952380952380953,0.9262536873156342,0.9262536873156342,0.9262536873156342,0.9262536873156342,0.9262536873156342,0.4639954532537653,0.4639954532537653,0.4639954532537653,0.4639954532537653,0.4639954532537653,
216-283-¥Û∞Ôª„≤‚ ‘_1463737957.csv,0.8529411764705882,0.8529411764705882,0.9117647058823529,0.9411764705882353,0.9411764705882353,0.4664310954063604,0.4664310954063604,0.519434628975265,0.6148409893992932,0.6148409893992932,0.6237448316597756,0.6237448316597756,0.65906487189504,0.7145790554414783,0.7145790554414783,
217-288-bug¥Û∞Ôª„≤‚ ‘_1470654530.csv,0.9722222222222222,0.9722222222222222,0.9722222222222222,0.9722222222222222,0.9722222222222222,0.30208333333333337,0.30208333333333337,0.30208333333333337,0.33333333333333337,0.3680555555555556,0.46094459582198005,0.46094459582198005,0.46094459582198005,0.4964539007092199,0.5339666090961428,
218-103-bug∂Ò¡˙π´÷˜°™ƒÊÀ˛∑¿≤‚ ‘_1470654523.csv,0.8571428571428571,0.8571428571428571,0.8571428571428571,0.8571428571428571,0.8571428571428571,0.6019417475728155,0.6019417475728155,0.6019417475728155,0.6019417475728155,0.6019417475728155,0.7072243346007604,0.7072243346007604,0.7072243346007604,0.7072243346007604,0.7072243346007604,
219-103-∂Ò¡˙π´÷˜°™ƒÊÀ˛∑¿≤‚ ‘_1463737972.csv,0.8571428571428571,0.8571428571428571,0.8571428571428571,0.8571428571428571,0.8571428571428571,0.6019417475728155,0.6019417475728155,0.6019417475728155,0.6019417475728155,0.6019417475728155,0.7072243346007604,0.7072243346007604,0.7072243346007604,0.7072243346007604,0.7072243346007604,
220-798-≈©ø∆÷˙ ÷≤‚ ‘_1463737988.csv,0.3333333333333333,0.8888888888888888,0.98989898989899,0.98989898989899,0.98989898989899,0.3320802005012531,0.3320802005012531,0.3320802005012531,0.4949874686716792,0.9323308270676691,0.49108910891089114,0.4973237966659964,0.4973237966659964,0.6358788610524196,0.6358788610524196,
222-304-œ≤¬Ì¿≠—≈FM≤‚ ‘_1463737999.csv,0.4117647058823529,0.4117647058823529,0.4117647058823529,0.4117647058823529,0.4117647058823529,0.875,0.875,0.875,0.8881578947368421,0.8881578947368421,0.56,0.56,0.56,0.5626674605537362,0.5626674605537362,
223-395-bugœ≤¬Ì¿≠—≈FM≤‚ ‘_1470654512.csv,0.3333333333333333,0.3333333333333333,0.3333333333333333,0.3333333333333333,0.3333333333333333,0.9113924050632911,0.9113924050632911,0.9113924050632911,0.9139240506329114,0.9139240506329114,0.48813559322033895,0.48813559322033895,0.48813559322033895,0.4884979702300406,0.4884979702300406,
224-426-÷«ª€ΩÃ”˝≤‚ ‘_1463737994.csv,0.6226415094339622,0.6226415094339622,0.6226415094339622,0.6226415094339622,0.6226415094339622,0.7488262910798122,0.7488262910798122,0.7488262910798122,0.7511737089201878,0.7511737089201878,0.6799289520426288,0.6799289520426288,0.6799289520426288,0.6808949642143272,0.6808949642143272,
225-426-bug÷«ª€ΩÃ”˝≤‚ ‘_1470654514.csv,0.6226415094339622,0.6226415094339622,0.6226415094339622,0.6226415094339622,0.6226415094339622,0.7488262910798122,0.7488262910798122,0.7511737089201878,0.7511737089201878,0.7511737089201878,0.6799289520426288,0.6799289520426288,0.6808949642143272,0.6808949642143272,0.6808949642143272,
226-325-÷£÷›µÿÃ˙∂˛Œ¨¬Îπ∫∆±≤‚ ‘_1463738008.csv,0.8974358974358975,0.8974358974358975,0.8974358974358975,0.8974358974358975,0.8974358974358975,0.4738461538461538,0.4738461538461538,0.4738461538461538,0.5107692307692308,0.5446153846153846,0.6202174788562222,0.6202174788562222,0.6202174788562222,0.6510168636898426,0.6778640989167305,
227-325-bug÷£÷›µÿÃ˙∂˛Œ¨¬Îπ∫∆±≤‚ ‘_1470654508.csv,0.8974358974358975,0.8974358974358975,0.8974358974358975,0.8974358974358975,0.8974358974358975,0.4738461538461538,0.4738461538461538,0.4738461538461538,0.5107692307692308,0.5446153846153846,0.6202174788562222,0.6202174788562222,0.6202174788562222,0.6510168636898426,0.6778640989167305,
228-244-–°∑π◊¿≤‚ ‘_1463737976.csv,0.5357142857142857,0.5357142857142857,0.5357142857142857,1.0,1.0,0.0,0.0,0.790983606557377,0.790983606557377,0.790983606557377,0.0,0.0,0.6387908208296558,0.6387908208296558,0.6387908208296558,
229-244-bug–°∑π◊¿≤‚ ‘_1470654522.csv,0.5357142857142857,0.5357142857142857,0.5357142857142857,1.0,1.0,0.0,0.0,0.790983606557377,0.790983606557377,0.790983606557377,0.0,0.0,0.6387908208296558,0.6387908208296558,0.6387908208296558,
230-217-bug“◊‘º∞Æ≤‚ ‘_1470654510.csv,0.8518518518518519,0.8518518518518519,0.8518518518518519,0.8518518518518519,0.8518518518518519,0.5714285714285714,0.5714285714285714,0.5714285714285714,0.599078341013825,0.6036866359447004,0.6840148698884758,0.6840148698884758,0.6840148698884758,0.7034466533349019,0.7066135084427767,
231-217-“◊‘º∞Æ≤‚ ‘_1463738003.csv,0.8518518518518519,0.8518518518518519,0.8518518518518519,0.8518518518518519,0.8518518518518519,0.5714285714285714,0.5714285714285714,0.5852534562211982,0.599078341013825,0.6036866359447004,0.6840148698884758,0.6840148698884758,0.6938242280285036,0.7034466533349019,0.7066135084427767,
234-175-bugJiuJiu≤‚ ‘_1470654480.csv,0.8695652173913043,0.8695652173913043,0.8695652173913043,0.8695652173913043,0.8695652173913043,0.5371428571428571,0.5371428571428571,0.5371428571428571,0.5371428571428571,0.5828571428571429,0.66407629812787,0.66407629812787,0.66407629812787,0.66407629812787,0.6979131029763942,
235-175-JiuJiu≤‚ ‘_1463738027.csv,0.8695652173913043,0.8695652173913043,0.8695652173913043,0.8695652173913043,0.8695652173913043,0.5371428571428571,0.5371428571428571,0.5371428571428571,0.5371428571428571,0.5828571428571429,0.66407629812787,0.66407629812787,0.66407629812787,0.66407629812787,0.6979131029763942,
236-561-Œ“√«“ªº“≤‚ ‘_1463738018.csv,0.34782608695652173,0.34782608695652173,0.34782608695652173,0.34782608695652173,0.34782608695652173,0.9090909090909091,0.9090909090909091,0.9090909090909091,0.9180035650623886,0.9215686274509804,0.5031446540880504,0.5031446540880504,0.5031446540880504,0.504500091838609,0.5050369375419744,
237-562-bugŒ“√«“ªº“≤‚ ‘_1470654506.csv,0.34782608695652173,0.34782608695652173,0.34782608695652173,0.34782608695652173,0.34782608695652173,0.9270462633451957,0.9270462633451957,0.9270462633451957,0.9270462633451957,0.9270462633451957,0.505855937860307,0.505855937860307,0.505855937860307,0.505855937860307,0.505855937860307,
239-132-∫£µ∑Õ¯≤‚ ‘_1463738033.csv,0.9444444444444444,0.9444444444444444,0.9444444444444444,0.9444444444444444,0.9444444444444444,0.6287878787878788,0.6287878787878788,0.6287878787878788,0.6590909090909092,0.6590909090909092,0.7549491706795078,0.7549491706795078,0.7549491706795078,0.7763779527559055,0.7763779527559055,
240-132-bug∫£µ∑Õ¯≤‚ ‘_1470654473.csv,0.9444444444444444,0.9444444444444444,0.9444444444444444,0.9444444444444444,0.9444444444444444,0.6287878787878788,0.6287878787878788,0.6287878787878788,0.6287878787878788,0.6666666666666667,0.7549491706795078,0.7549491706795078,0.7549491706795078,0.7549491706795078,0.7816091954022989,
243-250-bugmalimalihome≤‚ ‘_1470654477.csv,0.8709677419354839,0.9032258064516129,0.9032258064516129,0.9032258064516129,0.9032258064516129,0.648,0.648,0.648,0.6679999999999999,0.712,0.754616536350025,0.754616536350025,0.754616536350025,0.7680052558101338,0.7835017932833388,
244-250-malimalihome≤‚ ‘_1463738030.csv,0.9032258064516129,0.9032258064516129,0.9032258064516129,0.9032258064516129,0.9032258064516129,0.648,0.648,0.648,0.6639999999999999,0.6679999999999999,0.754616536350025,0.754616536350025,0.754616536350025,0.7653548493331138,0.7680052558101338,
249-222-æ¡–≈¥˚≤‚ ‘_1463738047.csv,0.9629629629629629,0.9629629629629629,0.9629629629629629,0.9629629629629629,0.9629629629629629,0.545045045045045,0.545045045045045,0.545045045045045,0.5585585585585586,0.5810810810810811,0.6960947007412325,0.6960947007412325,0.6960947007412325,0.7070175438596493,0.7247974068071313,
250-222-bugæ¡–≈¥˚≤‚ ‘_1470654468.csv,0.9629629629629629,0.9629629629629629,0.9629629629629629,0.9629629629629629,0.9629629629629629,0.545045045045045,0.545045045045045,0.545045045045045,0.5495495495495495,0.5810810810810811,0.6960947007412325,0.6960947007412325,0.6960947007412325,0.699757335098169,0.7247974068071313,
251-205-aiqianbang≤‚ ‘_1463738035.csv,0.92,0.92,0.92,0.92,0.92,0.5463414634146342,0.5463414634146342,0.5463414634146342,0.551219512195122,0.5560975609756098,0.6855622089155025,0.6855622089155025,0.6855622089155025,0.6893899204244034,0.6931923331130206,
252-205-bugaiqianbang≤‚ ‘_1470654472.csv,0.92,0.92,0.92,0.92,0.92,0.5463414634146342,0.5463414634146342,0.5463414634146342,0.551219512195122,0.5560975609756098,0.6855622089155025,0.6855622089155025,0.6855622089155025,0.6893899204244034,0.6931923331130206,
253-372-bug∂£∂£µº”Œ≤‚ ‘_1470654471.csv,0.34782608695652173,0.34782608695652173,0.34782608695652173,0.34782608695652173,0.34782608695652173,0.9139784946236559,0.9139784946236559,0.9193548387096774,0.9193548387096774,0.9193548387096774,0.5038903297517598,0.5038903297517598,0.5047039291643609,0.5047039291643609,0.5047039291643609,
254-372-∂£∂£µº”Œ≤‚ ‘_1463738040.csv,0.34782608695652173,0.34782608695652173,0.34782608695652173,0.34782608695652173,0.34782608695652173,0.9139784946236559,0.9139784946236559,0.9193548387096774,0.9193548387096774,0.9193548387096774,0.5038903297517598,0.5038903297517598,0.5047039291643609,0.5047039291643609,0.5047039291643609,
257-133-bugø⁄¥¸π  ¬≤‚ ‘_1470654466.csv,0.8947368421052632,0.8947368421052632,0.8947368421052632,0.8947368421052632,0.8947368421052632,0.4736842105263158,0.4736842105263158,0.5112781954887218,0.5112781954887218,0.5112781954887218,0.6194331983805668,0.6194331983805668,0.6507177033492823,0.6507177033492823,0.6507177033492823,
258-133-ø⁄¥¸π  ¬≤‚ ‘_1463738051.csv,0.8947368421052632,0.8947368421052632,0.8947368421052632,0.8947368421052632,0.8947368421052632,0.4736842105263158,0.4736842105263158,0.5112781954887218,0.5112781954887218,0.5112781954887218,0.6194331983805668,0.6194331983805668,0.6507177033492823,0.6507177033492823,0.6507177033492823,
261-195-–°µ∂ª„≤‚ ‘_1463738056.csv,0.5555555555555556,0.5555555555555556,0.7592592592592593,0.9629629629629629,0.9629629629629629,0.3025641025641026,0.3025641025641026,0.558974358974359,0.8153846153846154,0.8153846153846154,0.46045324928710785,0.46045324928710785,0.5606505647931799,0.6608478802992519,0.6608478802992519,
262-197-bug–°µ∂ª„≤‚ ‘_1470654465.csv,0.9642857142857143,0.9642857142857143,0.9642857142857143,0.9642857142857143,0.9642857142857143,0.31979695431472077,0.31979695431472077,0.31979695431472077,0.36548223350253806,0.36548223350253806,0.48030495552731883,0.48030495552731883,0.48030495552731883,0.5300613496932516,0.5300613496932516,
263-212-bugÿ¬∏‚≤‚ ‘_1470654464.csv,0.2692307692307692,0.9615384615384616,0.9615384615384616,0.9615384615384616,0.9615384615384616,0.4386792452830188,0.4386792452830188,0.4386792452830188,0.4764150943396226,0.9292452830188679,0.41749924311232206,0.6024876911116869,0.6024876911116869,0.6371435780974009,0.6455251942842818,
264-212-ÿ¬∏‚≤‚ ‘_1463738058.csv,0.2692307692307692,0.9615384615384616,0.9615384615384616,0.9615384615384616,0.9615384615384616,0.4386792452830188,0.4386792452830188,0.4386792452830188,0.48584905660377353,0.9292452830188679,0.41749924311232206,0.6024876911116869,0.6024876911116869,0.6455251942842818,0.6455251942842818,
267-194-bug≥µ∞¢∏Á£®”√ªß∂À£©≤‚ ‘_1470654466.csv,0.5925925925925926,0.5925925925925926,0.5925925925925926,0.5925925925925926,0.5925925925925926,0.8505154639175257,0.8505154639175257,0.8505154639175257,0.8505154639175257,0.8505154639175257,0.698505093266305,0.698505093266305,0.698505093266305,0.698505093266305,0.698505093266305,
268-194-≥µ∞¢∏Á£®”√ªß∂À£©≤‚ ‘_1463738053.csv,0.5925925925925926,0.5925925925925926,0.5925925925925926,0.5925925925925926,0.5925925925925926,0.8505154639175257,0.8505154639175257,0.8505154639175257,0.8505154639175257,0.8505154639175257,0.698505093266305,0.698505093266305,0.698505093266305,0.698505093266305,0.698505093266305,
273-146-ª∆πœ≤‚ ‘_1463738063.csv,0.7,0.7,1.0,1.0,1.0,0.0,0.0,0.0,0.5,0.5,0.0,0.0,0.0,0.5833333333333334,0.5833333333333334,
274-149-bugª∆πœ≤‚ ‘_1470654456.csv,1.0,1.0,1.0,1.0,1.0,0.0,0.0,0.0,0.0,0.0,0.0,0.0,0.0,0.0,0.0,
275-261-bugÃ‘∂˛ ÷≤‚ ‘_1470654455.csv,0.6875,0.6875,0.6875,0.6875,0.6875,0.7394636015325671,0.7394636015325671,0.7547892720306514,0.7547892720306514,0.7547892720306514,0.7125356603456956,0.7125356603456956,0.719574962643201,0.719574962643201,0.719574962643201,
276-261-Ã‘∂˛ ÷≤‚ ‘_1463738066.csv,0.6875,0.6875,0.6875,0.6875,0.6875,0.7394636015325671,0.7394636015325671,0.7471264367816093,0.7547892720306514,0.7547892720306514,0.7125356603456956,0.7125356603456956,0.7160553114944483,0.719574962643201,0.719574962643201,
277-262-3Dsousou≤‚ ‘_1463738072.csv,0.875,0.875,0.875,0.875,0.875,0.5458015267175573,0.5458015267175573,0.549618320610687,0.549618320610687,0.5687022900763359,0.6722632639355273,0.6722632639355273,0.6751507032819826,0.6751507032819826,0.6893588896232651,
278-262-bug3Dsousou≤‚ ‘_1470654452.csv,0.875,0.875,0.875,0.875,0.875,0.5458015267175573,0.5458015267175573,0.5458015267175573,0.549618320610687,0.5687022900763359,0.6722632639355273,0.6722632639355273,0.6722632639355273,0.6751507032819826,0.6893588896232651,
283-184-∫£µ∑Õ¯≤‚ ‘_1463738074.csv,1.0,1.0,1.0,1.0,1.0,0.1684782608695652,0.1684782608695652,0.1684782608695652,0.19021739130434778,0.19021739130434778,0.2883720930232558,0.2883720930232558,0.2883720930232558,0.319634703196347,0.319634703196347,
284-184-bug∫£µ∑Õ¯≤‚ ‘_1470654451.csv,1.0,1.0,1.0,1.0,1.0,0.1684782608695652,0.1684782608695652,0.1684782608695652,0.19021739130434778,0.19021739130434778,0.2883720930232558,0.2883720930232558,0.2883720930232558,0.319634703196347,0.319634703196347,
285-116-bug÷©÷ÎÕ¯app≤‚ ‘_1470654446.csv,1.0,1.0,1.0,1.0,1.0,0.06034482758620685,0.06034482758620685,0.06034482758620685,0.11206896551724133,0.1637931034482759,0.11382113821138203,0.11382113821138203,0.11382113821138203,0.20155038759689914,0.28148148148148155,
286-116-÷©÷ÎÕ¯app≤‚ ‘_1463738077.csv,1.0,1.0,1.0,1.0,1.0,0.06034482758620685,0.06034482758620685,0.10344827586206895,0.11206896551724133,0.1637931034482759,0.11382113821138203,0.11382113821138203,0.18749999999999997,0.20155038759689914,0.28148148148148155,
29-150-–°∞◊”√≥µ_1463737383.csv,1.0,1.0,1.0,1.0,1.0,0.0,0.0,0.0,0.0,0.0,0.0,0.0,0.0,0.0,0.0,
293-143-bug“ª∂»√€≤‚ ‘_1470654434.csv,0.7,0.7,0.7,0.7,0.7,0.7902097902097902,0.7902097902097902,0.7902097902097902,0.7902097902097902,0.7902097902097902,0.7423744720788361,0.7423744720788361,0.7423744720788361,0.7423744720788361,0.7423744720788361,
294-143-“ª∂»√€≤‚ ‘_1463738084.csv,0.7,0.7,0.7,0.7,0.7,0.7902097902097902,0.7902097902097902,0.7902097902097902,0.7902097902097902,0.7902097902097902,0.7423744720788361,0.7423744720788361,0.7423744720788361,0.7423744720788361,0.7423744720788361,
295-128-bug≥µµ‰APP≤‚ ‘_1470654436.csv,0.7333333333333333,0.7333333333333333,0.7333333333333333,0.7333333333333333,0.7333333333333333,0.6171875,0.6171875,0.6171875,0.6171875,0.6171875,0.6702661010412648,0.6702661010412648,0.6702661010412648,0.6702661010412648,0.6702661010412648,
296-128-≥µµ‰APP≤‚ ‘_1463738082.csv,0.7333333333333333,0.7333333333333333,0.7333333333333333,0.7333333333333333,0.7333333333333333,0.6171875,0.6171875,0.6171875,0.6171875,0.6171875,0.6702661010412648,0.6702661010412648,0.6702661010412648,0.6702661010412648,0.6702661010412648,
299-197-bug√øøÃºÊ÷∞≤‚ ‘_1470654441.csv,0.8214285714285714,0.8214285714285714,0.8214285714285714,0.8214285714285714,0.8214285714285714,0.6903553299492386,0.6903553299492386,0.6903553299492386,0.6903553299492386,0.6954314720812182,0.750209857297038,0.750209857297038,0.750209857297038,0.750209857297038,0.7531970837815226,
3-145- ÷ª˙Œ¿ ø∂Ã–≈π¶ƒ‹_1463737156.csv,0.75,0.75,1.0,1.0,1.0,0.2827586206896552,0.2827586206896552,0.2827586206896552,0.6482758620689655,0.6482758620689655,0.4408602150537635,0.4408602150537635,0.4408602150537635,0.6954377311960542,0.6954377311960542,
300-197-√øøÃºÊ÷∞≤‚ ‘_1463738080.csv,0.8214285714285714,0.8214285714285714,0.8214285714285714,0.8214285714285714,0.8214285714285714,0.6903553299492386,0.6903553299492386,0.6903553299492386,0.6903553299492386,0.6903553299492386,0.750209857297038,0.750209857297038,0.750209857297038,0.750209857297038,0.750209857297038,
307-137-UONE_1463738088.csv,0.2222222222222222,0.2222222222222222,0.2222222222222222,0.2222222222222222,0.2222222222222222,0.8613138686131387,0.8613138686131387,0.8613138686131387,0.8686131386861313,0.8759124087591241,0.35329341317365265,0.35329341317365265,0.35329341317365265,0.353903345724907,0.35450516986706054,
308-137-bugUONE_1470654431.csv,0.2222222222222222,0.2222222222222222,0.2222222222222222,0.2222222222222222,0.2222222222222222,0.8613138686131387,0.8613138686131387,0.8686131386861313,0.8686131386861313,0.8759124087591241,0.35329341317365265,0.35329341317365265,0.353903345724907,0.353903345724907,0.35450516986706054,
309-170-ÀΩ»À∑…––≤‚ ‘_1463738093.csv,0.5217391304347826,0.5217391304347826,0.5217391304347826,0.5217391304347826,0.5217391304347826,0.7470588235294118,0.7470588235294118,0.7470588235294118,0.7470588235294118,0.7470588235294118,0.6143922596250756,0.6143922596250756,0.6143922596250756,0.6143922596250756,0.6143922596250756,
310-170-bugÀΩ»À∑…––≤‚ ‘_1470654421.csv,0.5217391304347826,0.5217391304347826,0.5217391304347826,0.5217391304347826,0.5217391304347826,0.7470588235294118,0.7470588235294118,0.7470588235294118,0.7470588235294118,0.7470588235294118,0.6143922596250756,0.6143922596250756,0.6143922596250756,0.6143922596250756,0.6143922596250756,
311-185-bug…Á«¯ª€…˙ªÓ≤‚ ‘_1470654424.csv,0.68,0.68,0.72,0.72,0.72,0.7945945945945946,0.7945945945945946,0.7945945945945946,0.8324324324324324,0.8324324324324324,0.7485346676197283,0.7485346676197283,0.7554603854389721,0.7554603854389721,0.7554603854389721,
312-185-…Á«¯ª€…˙ªÓ≤‚ ‘_1463738091.csv,0.68,0.68,0.68,0.72,0.72,0.7945945945945946,0.7945945945945946,0.8324324324324324,0.8324324324324324,0.8324324324324324,0.7485346676197283,0.7485346676197283,0.7485346676197283,0.7554603854389721,0.7554603854389721,
315-119-√»≥Ë¥Ô»À≤‚ ‘_1463738095.csv,0.8823529411764706,0.8823529411764706,0.8823529411764706,0.8823529411764706,0.8823529411764706,0.38655462184873945,0.38655462184873945,0.38655462184873945,0.4453781512605042,0.4453781512605042,0.5375925204518893,0.5375925204518893,0.5375925204518893,0.5919583023082651,0.5919583023082651,
316-119-bug√»≥Ë¥Ô»À≤‚ ‘_1470654419.csv,0.8823529411764706,0.8823529411764706,0.8823529411764706,0.8823529411764706,0.8823529411764706,0.38655462184873945,0.38655462184873945,0.38655462184873945,0.4453781512605042,0.4453781512605042,0.5375925204518893,0.5375925204518893,0.5375925204518893,0.5919583023082651,0.5919583023082651,
317-131-ª™∆Û∞Ô≤‚ ‘_1463738098.csv,1.0,1.0,1.0,1.0,1.0,0.5954198473282443,0.5954198473282443,0.5954198473282443,0.5954198473282443,0.6259541984732824,0.7464114832535885,0.7464114832535885,0.7464114832535885,0.7464114832535885,0.7699530516431924,
318-131-bugª™∆Û∞Ô≤‚ ‘_1470654417.csv,1.0,1.0,1.0,1.0,1.0,0.5954198473282443,0.5954198473282443,0.5954198473282443,0.5954198473282443,0.6259541984732824,0.7464114832535885,0.7464114832535885,0.7464114832535885,0.7464114832535885,0.7699530516431924,
319-197-∞Ÿ“∂–°≥…≤‚ ‘_1463738097.csv,0.25,0.25,0.25,0.25,0.25,0.9238578680203046,0.9238578680203046,0.9238578680203046,0.9238578680203046,0.9238578680203046,0.39351351351351355,0.39351351351351355,0.39351351351351355,0.39351351351351355,0.39351351351351355,
320-197-bug∞Ÿ“∂–°≥…≤‚ ‘_1470654418.csv,0.25,0.25,0.25,0.25,0.25,0.9238578680203046,0.9238578680203046,0.9238578680203046,0.9238578680203046,0.9238578680203046,0.39351351351351355,0.39351351351351355,0.39351351351351355,0.39351351351351355,0.39351351351351355,
321-129-”––ΩøÏ∑√≤‚ ‘_1463738103.csv,0.9,0.9,0.9,0.9,0.9,0.7441860465116279,0.7441860465116279,0.7441860465116279,0.7829457364341086,0.7829457364341086,0.8147100424328148,0.8147100424328148,0.8147100424328148,0.8374021188392446,0.8374021188392446,
322-129-bug”––ΩøÏ∑√≤‚ ‘_1470654415.csv,0.9,0.9,0.9,0.9,0.9,0.7441860465116279,0.7441860465116279,0.7441860465116279,0.7829457364341086,0.7829457364341086,0.8147100424328148,0.8147100424328148,0.8147100424328148,0.8374021188392446,0.8374021188392446,
325-231- ˝”¢≤‚ ‘_1463738102.csv,0.5185185185185185,0.5185185185185185,0.5185185185185185,0.6666666666666666,0.6666666666666666,0.7748917748917749,0.7748917748917749,0.8961038961038961,0.8961038961038961,0.8961038961038961,0.6569194151649098,0.6569194151649098,0.6569194151649098,0.7167167167167167,0.7167167167167167,
326-231-bug ˝”¢≤‚ ‘_1470654415.csv,0.5185185185185185,0.5185185185185185,0.5185185185185185,0.6666666666666666,0.6666666666666666,0.7748917748917749,0.7748917748917749,0.8961038961038961,0.8961038961038961,0.8961038961038961,0.6569194151649098,0.6569194151649098,0.6569194151649098,0.7167167167167167,0.7167167167167167,
327-239-∂Ø∆¿¥≤‚ ‘_1463738068.csv,0.7241379310344828,0.7241379310344828,0.7241379310344828,0.7241379310344828,0.7241379310344828,0.6778242677824268,0.6778242677824268,0.6778242677824268,0.698744769874477,0.698744769874477,0.7002161160852115,0.7002161160852115,0.7002161160852115,0.7112147637396066,0.7112147637396066,
328-239-bug∂Ø∆¿¥≤‚ ‘_1470654454.csv,0.7241379310344828,0.7241379310344828,0.7241379310344828,0.7241379310344828,0.7241379310344828,0.6778242677824268,0.6778242677824268,0.698744769874477,0.698744769874477,0.698744769874477,0.7002161160852115,0.7002161160852115,0.7112147637396066,0.7112147637396066,0.7112147637396066,
329-102-bug–°Àµ‘ƒ∂¡Õ¯V1.0.8≤‚ ‘_1470654414.csv,1.0,1.0,1.0,1.0,1.0,0.02941176470588236,0.02941176470588236,0.08823529411764708,0.1470588235294118,0.20588235294117652,0.05714285714285716,0.05714285714285716,0.15677655677655683,0.2564102564102565,0.34146341463414637,
330-102-–°Àµ‘ƒ∂¡Õ¯V1.0.8≤‚ ‘_1463738106.csv,1.0,1.0,1.0,1.0,1.0,0.02941176470588236,0.02941176470588236,0.02941176470588236,0.1470588235294118,0.20588235294117652,0.05714285714285716,0.05714285714285716,0.05714285714285716,0.2564102564102565,0.34146341463414637,
336-179-bugRulane SportV1.2.8≤‚ ‘_1470654410.csv,1.0,1.0,1.0,1.0,1.0,0.0,0.0,0.0,0.0,0.0,0.0,0.0,0.0,0.0,0.0,
337-255-bug4399”Œœ∑∫–V3.3≤‚ ‘_1470654412.csv,0.3,0.3,0.3,0.3,0.3,0.8352941176470589,0.8352941176470589,0.8352941176470589,0.8588235294117648,0.8588235294117648,0.4414507772020726,0.4414507772020726,0.4414507772020726,0.44467005076142124,0.44467005076142124,
338-315-bug¡⁄¡⁄V1.3.4 build≤‚ ‘_1470654409.csv,0.7297297297297297,0.7297297297297297,0.7297297297297297,0.7297297297297297,0.7297297297297297,0.7238095238095238,0.7238095238095238,0.7238095238095238,0.7238095238095238,0.7238095238095238,0.7267575703913582,0.7267575703913582,0.7267575703913582,0.7267575703913582,0.7267575703913582,
339-308-bugWhatchAppV1.0≤‚ ‘_1470654408.csv,0.5,0.5,0.5,0.5,0.5,0.8571428571428572,0.8571428571428572,0.8571428571428572,0.8668831168831169,0.8668831168831169,0.631578947368421,0.631578947368421,0.631578947368421,0.6342042755344418,0.6342042755344418,
340-266-bug∞¸Õ∑”≈…˙ªÓV1.20.160426≤‚ ‘_1470654405.csv,1.0,1.0,1.0,1.0,1.0,0.0,0.0,0.0,0.0,0.0,0.0,0.0,0.0,0.0,0.0,
343-115-bug100◊¨V1.4≤‚ ‘_1470654401.csv,0.5,0.5,0.9375,0.9375,0.9375,0.33913043478260874,0.33913043478260874,0.33913043478260874,0.8521739130434782,0.8521739130434782,0.4980842911877395,0.4980842911877395,0.4980842911877395,0.6302250803858521,0.6302250803858521,
346-214-bug–ÏÀÆ»¶V1.0.160419≤‚ ‘_1470654402.csv,0.6,0.88,0.88,0.88,0.88,0.5046728971962617,0.5046728971962617,0.5046728971962617,0.5046728971962617,0.7616822429906542,0.6414686825053996,0.6414686825053996,0.6414686825053996,0.6414686825053996,0.67124227865477,
347-370-bug÷∏º‚¥Û—ß≤‚ ‘_1470654404.csv,1.0,1.0,1.0,1.0,1.0,0.327027027027027,0.327027027027027,0.327027027027027,0.3675675675675676,0.3810810810810811,0.49287169042769857,0.49287169042769857,0.49287169042769857,0.5375494071146245,0.5518590998043054,
348-467-bug”—∑˛…Ã≥«V1.0≤‚ ‘_1470654398.csv,0.9310344827586207,0.9310344827586207,0.9310344827586207,0.9310344827586207,0.9310344827586207,0.3683083511777302,0.3683083511777302,0.3683083511777302,0.3683083511777302,0.39400428265524623,0.5278172415752685,0.5278172415752685,0.5278172415752685,0.5278172415752685,0.553691836166063,
349-195-bug”≈”∆–£‘∞V2.1.0.2628≤‚ ‘_1470654399.csv,1.0,1.0,1.0,1.0,1.0,0.03076923076923077,0.03076923076923077,0.03076923076923077,0.03076923076923077,0.03076923076923077,0.059701492537313446,0.059701492537313446,0.059701492537313446,0.059701492537313446,0.059701492537313446,
350-324-bugdr.wineV3.1.2≤‚ ‘_1470654390.csv,1.0,1.0,1.0,1.0,1.0,0.06172839506172845,0.06172839506172845,0.06172839506172845,0.06172839506172845,0.06172839506172845,0.11627906976744196,0.11627906976744196,0.11627906976744196,0.11627906976744196,0.11627906976744196,
351-123-bugFolderExplorerV1.0≤‚ ‘_1470654387.csv,0.8823529411764706,1.0,1.0,1.0,1.0,0.0,0.0,0.0,0.1382113821138211,0.36585365853658536,0.0,0.0,0.0,0.24285714285714283,0.5172413793103449,
356-105-bug–“‘À‘∆π∫V0.1.0≤‚ ‘_1470654372.csv,0.8666666666666667,0.8666666666666667,0.8666666666666667,0.8666666666666667,0.8666666666666667,0.5428571428571429,0.5428571428571429,0.5428571428571429,0.5523809523809524,0.5523809523809524,0.6675675675675676,0.6675675675675676,0.6675675675675676,0.6747203579418345,0.6747203579418345,
357-134-bug÷˛“ΩÃ®V1.2≤‚ ‘_1470654365.csv,1.0,1.0,1.0,1.0,1.0,0.03731343283582089,0.03731343283582089,0.03731343283582089,0.03731343283582089,0.03731343283582089,0.07194244604316546,0.07194244604316546,0.07194244604316546,0.07194244604316546,0.07194244604316546,
360-277-bug—∞µΩ±¶V1.0.0≤‚ ‘_1470654368.csv,0.9117647058823529,0.9117647058823529,0.9411764705882353,0.9411764705882353,0.9411764705882353,0.4476534296028881,0.4476534296028881,0.4476534296028881,0.4729241877256317,0.5018050541516246,0.6067278287461775,0.6067278287461775,0.6067278287461775,0.6228049996165937,0.6473371892135508,
361-155-bugµ¬≥…¥˚V1.0≤‚ ‘_1470654375.csv,0.36363636363636365,0.36363636363636365,1.0,1.0,1.0,0.0,0.0,0.0,0.8580645161290322,0.8580645161290322,0.0,0.0,0.0,0.5108017282765243,0.5108017282765243,
362-172-bug“ª±»∑÷V1.1.0≤‚ ‘_1470654365.csv,0.6956521739130435,0.6956521739130435,0.6956521739130435,0.7391304347826086,0.7391304347826086,0.5406976744186047,0.5406976744186047,0.6395348837209303,0.6395348837209303,0.6395348837209303,0.6245309105273554,0.6245309105273554,0.6664142370314275,0.6664142370314275,0.6664142370314275,
366-206-bugÕ®¡…±Ãπ‘∞V2.07.160526≤‚ ‘_1470654364.csv,0.16666666666666666,0.16666666666666666,0.25,0.3333333333333333,0.3333333333333333,0.7621359223300971,0.7621359223300971,0.8470873786407767,0.9320388349514563,0.9320388349514563,0.2827687776141384,0.2827687776141384,0.3732898540951046,0.46381093057607087,0.46381093057607087,
377-132-bug ¿ºÕø™‘™V1.0≤‚ ‘_1470654361.csv,1.0,1.0,1.0,1.0,1.0,0.0,0.0,0.0,0.037878787878787845,0.037878787878787845,0.0,0.0,0.0,0.07299270072992695,0.07299270072992695,
382-101-bug≥ˆ”Œ±¶V0.9.2≤‚ ‘_1470654358.csv,1.0,1.0,1.0,1.0,1.0,0.0,0.0,0.0,0.0,0.0,0.0,0.0,0.0,0.0,0.0,
383-112-bug––÷™±¶V1.6.6≤‚ ‘_1470654355.csv,1.0,1.0,1.0,1.0,1.0,0.0,0.0,0.0,0.0,0.0,0.0,0.0,0.0,0.0,0.0,
389-141-bug∫√…∆¿÷π∫V2.1.0≤‚ ‘_1470654354.csv,1.0,1.0,1.0,1.0,1.0,0.028368794326241176,0.028368794326241176,0.028368794326241176,0.11347517730496459,0.12056737588652477,0.055172413793103524,0.055172413793103524,0.055172413793103524,0.20382165605095548,0.21518987341772142,
397-149-bug∆Ê∫√‘∆±¶V1.0.0≤‚ ‘_1470654352.csv,1.0,1.0,1.0,1.0,1.0,0.0,0.0,0.0,0.046979865771812124,0.046979865771812124,0.0,0.0,0.0,0.08974358974358983,0.08974358974358983,
4-399-∞Ÿ∂»‰Ø¿¿∆˜T7≥¢œ ∞Êµ⁄∂˛¬÷≤‚ ‘¿¥œÆ_1463737217.csv,0.19148936170212766,0.19148936170212766,1.0,1.0,1.0,0.11528822055137844,0.11528822055137844,0.11528822055137844,0.93734335839599,0.93734335839599,0.20674157303370783,0.20674157303370783,0.20674157303370783,0.3180121876328594,0.3180121876328594,
403-197-bugµ„∞Ô∞Ô≤‚ ‘_1470654349.csv,1.0,1.0,1.0,1.0,1.0,0.0,0.0,0.0,0.0,0.0,0.0,0.0,0.0,0.0,0.0,
404-270-bug√≈’Ô¥ÛÃ¸V2.6.5≤‚ ‘_1470654351.csv,0.9696969696969697,0.9696969696969697,0.9696969696969697,0.9696969696969697,0.9696969696969697,0.3037037037037037,0.3037037037037037,0.3037037037037037,0.3296296296296296,0.3296296296296296,0.4625418649744403,0.4625418649744403,0.4625418649744403,0.4920100198669777,0.4920100198669777,
42-129-”≈∑ø”≈≈…≤‚ ‘_1463737427.csv,0.7777777777777778,0.7777777777777778,0.7777777777777778,0.7777777777777778,0.7777777777777778,0.6666666666666667,0.6666666666666667,0.686046511627907,0.7054263565891472,0.7131782945736433,0.717948717948718,0.717948717948718,0.7288930581613509,0.7398373983739838,0.7440785673021375,
426-122-bug∂˛æ∆Õ¯V1.0≤‚ ‘_1470654340.csv,1.0,1.0,1.0,1.0,1.0,0.0,0.0,0.0,0.0,0.0,0.0,0.0,0.0,0.0,0.0,
427-157-bug∆ﬂ≤ ¿÷æ”V1.1≤‚ ‘_1470654346.csv,1.0,1.0,1.0,1.0,1.0,0.0,0.0,0.0,0.0,0.0,0.0,0.0,0.0,0.0,0.0,
441-113-bug‘∆∞Èƒ∏”§V3.6.0≤‚ ‘_1470654337.csv,1.0,1.0,1.0,1.0,1.0,0.0,0.0,0.0,0.0,0.0,0.0,0.0,0.0,0.0,0.0,
442-124-bug…œ∫£»˝≈©»»œﬂV1.0≤‚ ‘_1470654332.csv,0.875,0.875,0.875,0.875,0.875,0.4354838709677419,0.4354838709677419,0.4354838709677419,0.4516129032258065,0.4516129032258065,0.5815384615384614,0.5815384615384614,0.5815384615384614,0.5957446808510639,0.5957446808510639,
443-131-bugÓ¯º◊÷˙ ÷V1.0≤‚ ‘_1470654323.csv,1.0,1.0,1.0,1.0,1.0,0.15267175572519087,0.15267175572519087,0.15267175572519087,0.15267175572519087,0.15267175572519087,0.2649006622516557,0.2649006622516557,0.2649006622516557,0.2649006622516557,0.2649006622516557,
449-101-bugœÊ√Œπ∫…Ãº“V1.1.1≤‚ ‘_1470654326.csv,1.0,1.0,1.0,1.0,1.0,0.37623762376237624,0.37623762376237624,0.37623762376237624,0.38613861386138615,0.38613861386138615,0.5467625899280576,0.5467625899280576,0.5467625899280576,0.5571428571428572,0.5571428571428572,
450-101-bugÃÏ”ÚÃÏ∆¯V1.0≤‚ ‘_1470654313.csv,1.0,1.0,1.0,1.0,1.0,0.0,0.0,0.0,0.0,0.0,0.0,0.0,0.0,0.0,0.0,
451-109-bug’∆…œ110V1.0.0≤‚ ‘_1470654321.csv,0.9333333333333333,0.9333333333333333,1.0,1.0,1.0,0.0,0.0,0.0,0.1834862385321101,0.19266055045871555,0.0,0.0,0.0,0.30668127053669225,0.31939163498098855,
452-126-bug‡À…˘V1.3.0≤‚ ‘_1470654315.csv,1.0,1.0,1.0,1.0,1.0,0.3571428571428571,0.3571428571428571,0.3571428571428571,0.40476190476190477,0.40476190476190477,0.5263157894736841,0.5263157894736841,0.5263157894736841,0.576271186440678,0.576271186440678,
456-103-bug¥¥ª›“◊π∫V0.0.2≤‚ ‘_1470654304.csv,1.0,1.0,1.0,1.0,1.0,0.0,0.0,0.0,0.0,0.0,0.0,0.0,0.0,0.0,0.0,
457-134-bug∫Õ“◊…˙ªÓV2.0.4≤‚ ‘_1470654307.csv,1.0,1.0,1.0,1.0,1.0,0.03731343283582089,0.03731343283582089,0.03731343283582089,0.03731343283582089,0.03731343283582089,0.07194244604316546,0.07194244604316546,0.07194244604316546,0.07194244604316546,0.07194244604316546,
464-186-bug—€◊®º“V1.3≤‚ ‘_1470654302.csv,1.0,1.0,1.0,1.0,1.0,0.0,0.0,0.0,0.0,0.0,0.0,0.0,0.0,0.0,0.0,
471-108-bugŒÔÕ®≈‰ªı–≈œ¢≤øV1.2.0≤‚ ‘_1470654300.csv,1.0,1.0,1.0,1.0,1.0,0.0,0.0,0.0,0.0,0.0,0.0,0.0,0.0,0.0,0.0,
472-114-bug∞€÷∞Õ¯V1.2.1≤‚ ‘_1470654299.csv,1.0,1.0,1.0,1.0,1.0,0.0,0.0,0.0,0.0,0.0,0.0,0.0,0.0,0.0,0.0,
478-103-bugITCV0.0.0≤‚ ‘_1470654295.csv,1.0,1.0,1.0,1.0,1.0,0.41747572815533984,0.41747572815533984,0.41747572815533984,0.4368932038834952,0.4368932038834952,0.589041095890411,0.589041095890411,0.589041095890411,0.6081081081081081,0.6081081081081081,
479-122-bug”–∏ˆ–‘V1.0.3≤‚ ‘_1470654296.csv,0.9411764705882353,1.0,1.0,1.0,1.0,0.0,0.0,0.0,0.0,0.20491803278688525,0.0,0.0,0.0,0.0,0.3365586874211191,
48-118-∞Ÿ∂»≈¥√◊6.0.2≤‚ ‘_1463737445.csv,0.9230769230769231,0.9230769230769231,0.9230769230769231,0.9230769230769231,0.9230769230769231,0.6355932203389831,0.6355932203389831,0.6355932203389831,0.6355932203389831,0.6355932203389831,0.752823086574655,0.752823086574655,0.752823086574655,0.752823086574655,0.752823086574655,
487-111-bugº¯∂®±¶V1.0≤‚ ‘_1470654296.csv,1.0,1.0,1.0,1.0,1.0,0.3423423423423423,0.3423423423423423,0.3423423423423423,0.4054054054054054,0.4054054054054054,0.5100671140939597,0.5100671140939597,0.5100671140939597,0.576923076923077,0.576923076923077,
488-132-bug“◊√ÎŒ¢≈‰øÕªß∂ÀV1.0.0≤‚ ‘_1470654297.csv,0.8333333333333334,0.8333333333333334,0.8333333333333334,0.8333333333333334,0.8333333333333334,0.6287878787878788,0.6287878787878788,0.6287878787878788,0.6515151515151515,0.6515151515151515,0.7167530224525043,0.7167530224525043,0.7167530224525043,0.7312925170068028,0.7312925170068028,
499-130-bugÃ’ ¿ΩÁV1.0.1≤‚ ‘_1470654291.csv,0.8888888888888888,0.8888888888888888,1.0,1.0,1.0,0.39230769230769236,0.39230769230769236,0.39230769230769236,0.5923076923076923,0.5923076923076923,0.5635359116022101,0.5635359116022101,0.5635359116022101,0.7109059434506636,0.7109059434506636,
508-159-bug∫√‘∞«¯VV1.0.5≤‚ ‘_1470654289.csv,0.8636363636363636,0.8636363636363636,1.0,1.0,1.0,0.08176100628930816,0.08176100628930816,0.08176100628930816,0.42138364779874216,0.42138364779874216,0.15116279069767438,0.15116279069767438,0.15116279069767438,0.5664071190211346,0.5664071190211346,
509-176-bug∫Ï–…–…V1.2≤‚ ‘_1470654287.csv,1.0,1.0,1.0,1.0,1.0,0.10227272727272729,0.10227272727272729,0.10227272727272729,0.10227272727272729,0.10227272727272729,0.18556701030927839,0.18556701030927839,0.18556701030927839,0.18556701030927839,0.18556701030927839,
521-125-bug≥« –»»œﬂV4.2≤‚ ‘_1470654282.csv,1.0,1.0,1.0,1.0,1.0,0.136,0.136,0.136,0.20799999999999996,0.20799999999999996,0.23943661971830985,0.23943661971830985,0.23943661971830985,0.34437086092715224,0.34437086092715224,
527-132-bugæ£÷›–¬Œ≈V2.3.1≤‚ ‘_1470654284.csv,0.9444444444444444,0.9444444444444444,1.0,1.0,1.0,0.5454545454545454,0.5454545454545454,0.5454545454545454,0.6363636363636364,0.6363636363636364,0.7058823529411764,0.7058823529411764,0.7058823529411764,0.7603833865814696,0.7603833865814696,
533-166-bug÷™”Ê±¶V1.3.0≤‚ ‘_1470654279.csv,1.0,1.0,1.0,1.0,1.0,0.0,0.0,0.0,0.0,0.0,0.0,0.0,0.0,0.0,0.0,
541-116-bug≈”÷–ª™ È∑®V1.0≤‚ ‘_1470654277.csv,1.0,1.0,1.0,1.0,1.0,0.0,0.0,0.0,0.0,0.0,0.0,0.0,0.0,0.0,0.0,
543-117-bugª™ ˝œÌø¥V2.1.0≤‚ ‘_1470654279.csv,0.9285714285714286,0.9285714285714286,1.0,1.0,1.0,0.0,0.0,0.0,0.15384615384615385,0.15384615384615385,0.0,0.0,0.0,0.2639593908629442,0.2639593908629442,
544-200-bug‘¡Õ®ø®V3.0.3≤‚ ‘_1470654280.csv,1.0,1.0,1.0,1.0,1.0,0.08999999999999997,0.08999999999999997,0.08999999999999997,0.08999999999999997,0.08999999999999997,0.16513761467889904,0.16513761467889904,0.16513761467889904,0.16513761467889904,0.16513761467889904,
557-106-bug≥…∂ºª˘≤„∆ΩÃ®V0.2.6≤‚ ‘_1470654272.csv,1.0,1.0,1.0,1.0,1.0,0.047169811320754707,0.047169811320754707,0.047169811320754707,0.047169811320754707,0.047169811320754707,0.09009009009009006,0.09009009009009006,0.09009009009009006,0.09009009009009006,0.09009009009009006,
559-116-bug∂´Œ˜ÀµV1.0≤‚ ‘_1470654273.csv,1.0,1.0,1.0,1.0,1.0,0.0,0.0,0.0,0.0,0.0,0.0,0.0,0.0,0.0,0.0,
6-144-∞Ÿ∂»ÃÏ—€≤‚ ‘∑¥¿°_1463737257.csv,1.0,1.0,1.0,1.0,1.0,0.0,0.0,0.0,0.0,0.0,0.0,0.0,0.0,0.0,0.0,
65-111-∂·±¶√®≤‚ ‘_1463737499.csv,0.3333333333333333,0.3333333333333333,0.3333333333333333,0.3333333333333333,0.3333333333333333,0.8108108108108107,0.8108108108108107,0.8108108108108107,0.8108108108108107,0.8108108108108107,0.47244094488188976,0.47244094488188976,0.47244094488188976,0.47244094488188976,0.47244094488188976,
67-138-∑®¬…“◊≤È≤‚ ‘_1463737508.csv,0.7777777777777778,0.7777777777777778,0.7777777777777778,0.7777777777777778,0.7777777777777778,0.6594202898550725,0.6594202898550725,0.6594202898550725,0.6594202898550725,0.6956521739130435,0.7137254901960784,0.7137254901960784,0.7137254901960784,0.7137254901960784,0.7344262295081967,
7-127-∞Ÿ∂» ÷ª˙Œ¿ ø∞≤»´∂Ã–≈π¶ƒ‹≤‚ ‘_1463737282.csv,0.9444444444444444,0.9444444444444444,0.9444444444444444,0.9444444444444444,0.9444444444444444,0.5039370078740157,0.5039370078740157,0.5039370078740157,0.5039370078740157,0.5039370078740157,0.6572032618544246,0.6572032618544246,0.6572032618544246,0.6572032618544246,0.6572032618544246,
72-213-ª®”—≤‚ ‘_1463737504.csv,0.5,0.5,0.5,0.5,0.5,0.8685446009389671,0.8685446009389671,0.8685446009389671,0.8685446009389671,0.8685446009389671,0.6346483704974272,0.6346483704974272,0.6346483704974272,0.6346483704974272,0.6346483704974272,
74-230-Õ®–«∑€≤‚ ‘_1463737520.csv,0.2962962962962963,0.2962962962962963,1.0,1.0,1.0,0.14347826086956517,0.14347826086956517,0.14347826086956517,0.8956521739130435,0.9043478260869565,0.25095057034220525,0.25095057034220525,0.25095057034220525,0.4452850580924074,0.670466441782017,
76-113-≤ÈøÏµ›≤‚ ‘_1463737513.csv,0.9375,0.9375,1.0,1.0,1.0,0.5221238938053097,0.5221238938053097,0.5221238938053097,0.6371681415929203,0.6371681415929203,0.6860465116279069,0.6860465116279069,0.6860465116279069,0.7586933614330874,0.7586933614330874,
81-153-worker≤‚ ‘_1463737532.csv,1.0,1.0,1.0,1.0,1.0,0.0,0.0,0.0,0.0,0.0,0.0,0.0,0.0,0.0,0.0,
83-132-«—◊”“Ω…˙≤‚ ‘_1463737528.csv,0.6111111111111112,0.6111111111111112,0.6111111111111112,0.6111111111111112,0.6111111111111112,0.5303030303030303,0.5303030303030303,0.5303030303030303,0.5303030303030303,0.5303030303030303,0.5678466076696165,0.5678466076696165,0.5678466076696165,0.5678466076696165,0.5678466076696165,
87-123-Ã˝ ¿ΩÁÃ˝ È≤‚ ‘_1463737540.csv,1.0,1.0,1.0,1.0,1.0,0.11382113821138207,0.11382113821138207,0.11382113821138207,0.11382113821138207,0.1869918699186992,0.20437956204379554,0.20437956204379554,0.20437956204379554,0.20437956204379554,0.31506849315068497,
89-120-“ª∆∑…≤‚ ‘_1463737536.csv,0.9411764705882353,0.9411764705882353,0.9411764705882353,0.9411764705882353,0.9411764705882353,0.4,0.4,0.4,0.4,0.43333333333333335,0.5614035087719298,0.5614035087719298,0.5614035087719298,0.5614035087719298,0.5934379457917262,
92-133-ﬂ˜∂ﬂ¿≤≤‚ ‘_1463737548.csv,0.42105263157894735,0.42105263157894735,0.6842105263157895,0.6842105263157895,0.6842105263157895,0.6541353383458647,0.6541353383458647,0.6541353383458647,0.8646616541353384,0.8796992481203008,0.5663281009541398,0.5663281009541398,0.6688350088704909,0.6688350088704909,0.6688350088704909,
93-104-ΩÒ»’≥« –≤‚ ‘_1463737550.csv,0.7857142857142857,0.7857142857142857,1.0,1.0,1.0,0.05769230769230771,0.05769230769230771,0.05769230769230771,0.5576923076923077,0.5576923076923077,0.10909090909090913,0.10909090909090913,0.10909090909090913,0.6523517382413088,0.6523517382413088,
95-106-∞Æ≈„ª§≤‚ ‘_1463737556.csv,0.8571428571428571,0.8571428571428571,0.8571428571428571,0.8571428571428571,0.8571428571428571,0.5566037735849056,0.5566037735849056,0.5566037735849056,0.5566037735849056,0.5566037735849056,0.674928503336511,0.674928503336511,0.674928503336511,0.674928503336511,0.674928503336511,
97-107-Ã‘Ãÿª›≤‚ ‘_1463737552.csv,1.0,1.0,1.0,1.0,1.0,0.0,0.0,0.0,0.09345794392523366,0.09345794392523366,0.0,0.0,0.0,0.17094017094017097,0.17094017094017097,
98-117-øÏ¿÷¬˙“‚≈ƒ≤‚ ‘_1463737558.csv,1.0,1.0,1.0,1.0,1.0,0.2991452991452992,0.2991452991452992,0.2991452991452992,0.2991452991452992,0.36752136752136755,0.46052631578947373,0.46052631578947373,0.46052631578947373,0.46052631578947373,0.5375,
99-156-—≈Àºæ˝≤‚ ‘_1463737564.csv,0.8636363636363636,0.8636363636363636,0.8636363636363636,0.8636363636363636,0.8636363636363636,0.6987179487179487,0.6987179487179487,0.6987179487179487,0.7115384615384616,0.7115384615384616,0.7724729578515479,0.7724729578515479,0.7724729578515479,0.7802441731409546,0.7802441731409546,
