1-284-∞Ÿ∂» ÷ª˙Œ¿ øπ¶ƒ‹ÃÂ—È_1463737109.csv,0.9444444444444444,0.9444444444444444,0.9444444444444444,0.9444444444444444,0.9444444444444444,0.5070422535211268,0.5211267605633803,0.5211267605633803,0.5246478873239437,0.5316901408450705,0.6598382749326145,0.6716497597437265,0.6716497597437265,0.6745672436750999,0.68036045587066,
101-120-ΩÒ»’ ±…–≤‚ ‘_1463737561.csv,1.0,1.0,1.0,1.0,1.0,0.16666666666666663,0.17500000000000004,0.17500000000000004,0.19999999999999996,0.19999999999999996,0.2857142857142857,0.29787234042553196,0.29787234042553196,0.33333333333333326,0.33333333333333326,
102-223-µœ–≈Õ®≤‚ ‘_1463737571.csv,0.8148148148148148,0.8518518518518519,0.8518518518518519,1.0,1.0,0.32735426008968604,0.3542600896860987,0.6053811659192825,0.6053811659192825,0.6860986547085202,0.4932432432432432,0.52317880794702,0.707772965580123,0.707772965580123,0.7449374792519641,
106-103-ª˘ΩÀŸ¿¿2.3≤‚ ‘_1463737575.csv,0.8571428571428571,0.8571428571428571,0.8571428571428571,0.8571428571428571,1.0,0.12621359223300976,0.5339805825242718,0.5339805825242718,0.5631067961165048,0.5631067961165048,0.22413793103448287,0.6580259222333001,0.6580259222333001,0.6796875,0.6796875,
107-174-”≤º˛±‡¬Î≤‚ ‘_1463737567.csv,0.9583333333333334,0.9583333333333334,0.9583333333333334,0.9583333333333334,0.9583333333333334,0.48275862068965514,0.48275862068965514,0.48275862068965514,0.49425287356321834,0.49425287356321834,0.6420737786640079,0.6420737786640079,0.6420737786640079,0.6521595779756016,0.6521595779756016,
108-272-”≈”≈ÀÕ“©≤‚ ‘_1463737584.csv,0.6764705882352942,0.6764705882352942,0.6764705882352942,0.9705882352941176,0.9705882352941176,0.2647058823529411,0.2720588235294118,0.6176470588235294,0.6176470588235294,0.6397058823529411,0.41596638655462176,0.42499129829446575,0.6457219251336899,0.6457219251336899,0.6575747617482748,
11-117-π„∏Ê‘∆Õ∆ÀÕµ˜—–≤‚ ‘_1463737325.csv,0.3333333333333333,0.3333333333333333,0.3333333333333333,0.3333333333333333,0.4444444444444444,0.6581196581196581,0.7692307692307692,0.7948717948717949,0.7948717948717949,0.8205128205128205,0.46511627906976744,0.46511627906976744,0.4696969696969697,0.4696969696969697,0.5305770887166235,
111-241-µœ–≈Õ®≤‚ ‘∂˛_1463737590.csv,0.9,0.9,0.9,0.9,0.9,0.41908713692946054,0.43568464730290457,0.43983402489626555,0.43983402489626555,0.43983402489626555,0.5718779490405788,0.5871388630009319,0.590895013936203,0.590895013936203,0.590895013936203,
112-119-ÀºŒ¨ºÚÕº≤‚ ‘_1463737602.csv,1.0,1.0,1.0,1.0,1.0,0.15966386554621848,0.16806722689075626,0.16806722689075626,0.19327731092436973,0.19327731092436973,0.2753623188405797,0.28776978417266186,0.28776978417266186,0.32394366197183094,0.32394366197183094,
113-177-Hark≤‚ ‘_1463737599.csv,0.6666666666666666,0.9166666666666666,0.9166666666666666,0.9166666666666666,0.9166666666666666,0.3220338983050848,0.3220338983050848,0.3389830508474576,0.3389830508474576,0.6440677966101696,0.4766248574686432,0.4766248574686432,0.4949381327334083,0.4949381327334083,0.6551724137931035,
114-119-æ©∂´Œ¢¡™≤‚ ‘_1463737617.csv,0.6470588235294118,0.6470588235294118,0.6470588235294118,0.6470588235294118,0.6470588235294118,0.5798319327731092,0.5966386554621849,0.5966386554621849,0.6218487394957983,0.6470588235294117,0.6116035455278,0.6208267090620032,0.6208267090620032,0.634203350214258,0.6470588235294118,
115-157-ÃÏÃÏ∫Ï∞¸≤‚ ‘_1463737606.csv,0.4117647058823529,0.4117647058823529,0.8823529411764706,0.8823529411764706,0.8823529411764706,0.4267515923566879,0.4267515923566879,0.445859872611465,0.7961783439490446,0.7961783439490446,0.542803970223325,0.542803970223325,0.5752718946765883,0.5752718946765883,0.6090100111234705,
119-337-º±æ»øÏÕ®≤‚ ‘_1463737643.csv,0.7857142857142857,0.7857142857142857,0.7857142857142857,0.7857142857142857,0.9047619047619048,0.43620178041543023,0.5964391691394659,0.5964391691394659,0.599406528189911,0.6053412462908012,0.5886195995785036,0.6781168532433676,0.6781168532433676,0.6800306044376436,0.6838336126771294,
122-138-π∫ŒÔøÒ≤‚ ‘_1463737645.csv,0.8888888888888888,0.8888888888888888,0.8888888888888888,0.8888888888888888,0.8888888888888888,0.49275362318840576,0.536231884057971,0.536231884057971,0.5434782608695652,0.5434782608695652,0.634032634032634,0.6689265536723162,0.6689265536723162,0.6745362563237773,0.6745362563237773,
123-115-“∆∂Ø∑¢≤ºœµÕ≥Beta≤‚ ‘_1463737586.csv,0.4,0.4,0.4,0.4,0.4,0.7391304347826086,0.7652173913043478,0.7913043478260869,0.7913043478260869,0.7913043478260869,0.5190839694656488,0.5253731343283583,0.5313868613138686,0.5313868613138686,0.5313868613138686,
124-326-“¬≈˙≤‚ ‘_1463737628.csv,0.85,0.875,0.875,0.875,0.975,0.38650306748466257,0.5030674846625767,0.50920245398773,0.50920245398773,0.5705521472392638,0.5535653937140925,0.6388425153032833,0.6437673130193905,0.6437673130193905,0.6827898941913194,
125-117-ª∞∑—÷ß∏∂Demo≤‚ ‘_1463737673.csv,0.9375,0.9375,0.9375,0.9375,0.9375,0.46153846153846156,0.46153846153846156,0.4871794871794872,0.5213675213675213,0.5213675213675213,0.6185567010309277,0.6185567010309277,0.641169853768279,0.6700842182350787,0.6700842182350787,
127-271-365Ã‘∑ø≤‚ ‘_1463737634.csv,0.84375,0.84375,0.84375,0.90625,0.90625,0.33579335793357934,0.36900369003690037,0.46863468634686345,0.46863468634686345,0.46863468634686345,0.4900194967969548,0.5244597160683606,0.6025832527897372,0.6025832527897372,0.6025832527897372,
128-115-µ∞µ∞◊¨≤‚ ‘_1463737676.csv,0.5,0.5,0.9285714285714286,0.9285714285714286,0.9285714285714286,0.30434782608695654,0.30434782608695654,0.30434782608695654,0.6869565217391305,0.6869565217391305,0.4584382871536524,0.4584382871536524,0.4584382871536524,0.5787545787545788,0.5787545787545788,
130-136-÷’º´ ÷µÁÕ≤≤‚ ‘_1463737660.csv,0.9473684210526315,0.9473684210526315,0.9473684210526315,0.9473684210526315,0.9473684210526315,0.4117647058823529,0.47058823529411764,0.47058823529411764,0.47058823529411764,0.4852941176470589,0.5740318906605922,0.62882096069869,0.62882096069869,0.62882096069869,0.6418152350081038,
133-141-ª√æ∂≤‚ ‘_1463737686.csv,1.0,1.0,1.0,1.0,1.0,0.36170212765957444,0.36170212765957444,0.375886524822695,0.375886524822695,0.4042553191489362,0.53125,0.53125,0.5463917525773195,0.5463917525773195,0.5757575757575758,
134-221-¬Ú≥µ¥Ô»À≤‚ ‘_1463737670.csv,0.7916666666666666,0.875,0.875,0.875,0.875,0.5927601809954751,0.5927601809954751,0.6018099547511313,0.6018099547511313,0.746606334841629,0.7067437379576108,0.7067437379576108,0.7131367292225202,0.7131367292225202,0.7684765289863955,
135-243-–«¡™app≤‚ ‘_1463737684.csv,0.8333333333333334,0.8333333333333334,0.8333333333333334,1.0,1.0,0.2592592592592593,0.2962962962962963,0.5061728395061729,0.5061728395061729,0.5102880658436214,0.411764705882353,0.45714285714285713,0.629800307219662,0.629800307219662,0.6329760081674324,
136-215-ºÚ√˜ÃÏ∆¯≤‚ ‘_1463737693.csv,0.9166666666666666,0.9166666666666666,0.9166666666666666,0.9166666666666666,0.9166666666666666,0.39534883720930236,0.4046511627906977,0.4046511627906977,0.413953488372093,0.413953488372093,0.552437223042836,0.5614549721325902,0.5614549721325902,0.5703466355956889,0.5703466355956889,
141-173-æ€¥¥≤‚ ‘_1463737689.csv,0.5217391304347826,0.5217391304347826,0.5217391304347826,0.782608695652174,1.0,0.07514450867052025,0.5317919075144508,0.7687861271676301,0.7687861271676301,0.7687861271676301,0.13978494623655918,0.6216163583252191,0.6216163583252191,0.6332695984703632,0.6493799323562569,
142-130-hjdn≤‚ ‘_1463737703.csv,0.9444444444444444,0.9444444444444444,0.9444444444444444,0.9444444444444444,1.0,0.23076923076923073,0.4461538461538461,0.4461538461538461,0.4461538461538461,0.4461538461538461,0.3749999999999999,0.6060233558696988,0.6060233558696988,0.6060233558696988,0.6060233558696988,
143-127-¿Û÷¶FM≤‚ ‘_1463737709.csv,0.5555555555555556,0.8333333333333334,0.8333333333333334,0.8333333333333334,0.8333333333333334,0.2913385826771654,0.2913385826771654,0.3700787401574803,0.3700787401574803,0.7244094488188977,0.4317386231038507,0.4317386231038507,0.5125408942202836,0.5125408942202836,0.6288448393711552,
145-155- ÷µÁÕ≤≤‚ ‘_1463737698.csv,1.0,1.0,1.0,1.0,1.0,0.3548387096774194,0.3612903225806452,0.38064516129032255,0.38064516129032255,0.41290322580645167,0.5238095238095238,0.5308056872037915,0.5514018691588785,0.5514018691588785,0.5844748858447488,
146-252-ƒÒ»À≤‚ ‘_1463737707.csv,0.45161290322580644,0.45161290322580644,0.45161290322580644,0.45161290322580644,0.5161290322580645,0.6428571428571428,0.7857142857142857,0.8095238095238095,0.8095238095238095,0.8095238095238095,0.5725646123260437,0.5735567970204841,0.5797807551766139,0.5797807551766139,0.5797807551766139,
149-121-œ≤¬Ì¿≠—≈FM≤‚ ‘_1463737711.csv,0.5294117647058824,0.5294117647058824,0.5294117647058824,1.0,1.0,0.18181818181818177,0.18181818181818177,0.7355371900826446,0.7355371900826446,0.7520661157024793,0.30769230769230765,0.30769230769230765,0.6156802459646427,0.6156802459646427,0.6213960546282247,
150-275- Ø¡ÒÕ¯APP≤‚ ‘_1463737733.csv,0.7352941176470589,0.7352941176470589,0.7352941176470589,0.9705882352941176,0.9705882352941176,0.23636363636363633,0.28,0.5927272727272728,0.5927272727272728,0.5927272727272728,0.38015064244572433,0.4346190028222014,0.6563582185713136,0.6563582185713136,0.6563582185713136,
151-332-µ¿µ¿‘∆º›–£≤‚ ‘_1463737724.csv,0.926829268292683,0.926829268292683,0.926829268292683,0.926829268292683,0.926829268292683,0.3975903614457831,0.4036144578313253,0.42168674698795183,0.42168674698795183,0.42168674698795183,0.5564677168848458,0.5623412479293208,0.5796469819132709,0.5796469819132709,0.5796469819132709,
154-186-BCHMS≤‚ ‘_1463737680.csv,0.6538461538461539,0.6538461538461539,0.6538461538461539,0.8846153846153846,0.8846153846153846,0.3548387096774194,0.3709677419354839,0.6559139784946236,0.6559139784946236,0.6612903225806452,0.5065065065065065,0.5227272727272727,0.6548784338490685,0.6548784338490685,0.6575471698113208,
157-161-»Œ“‚«Ú≤‚ ‘_1463737744.csv,0.8260869565217391,0.8260869565217391,0.8260869565217391,0.8260869565217391,0.8260869565217391,0.6086956521739131,0.6086956521739131,0.6273291925465838,0.6521739130434783,0.6521739130434783,0.7009222661396574,0.7009222661396574,0.7131178000743219,0.7289002557544758,0.7289002557544758,
158-278-≥« –»¸≥µ ÷≤‚ ‘_1463737738.csv,0.696969696969697,0.696969696969697,0.696969696969697,0.696969696969697,0.696969696969697,0.7086330935251799,0.7086330935251799,0.7122302158273381,0.7122302158273381,0.7230215827338129,0.7027530050407135,0.7027530050407135,0.7045173267326733,0.7045173267326733,0.709756659246181,
159-158-ª˘Ω«˙œﬂÀŸ¿¿≤‚ ‘_1463737717.csv,0.7619047619047619,0.7619047619047619,0.7619047619047619,1.0,1.0,0.259493670886076,0.259493670886076,0.6455696202531646,0.6455696202531646,0.6455696202531646,0.41206030150753775,0.41206030150753775,0.6989293361884369,0.6989293361884369,0.6989293361884369,
161-270-∑ÔªÀ ”∆µbeta∞Ê_1463737748.csv,0.8064516129032258,0.8064516129032258,0.8064516129032258,0.8064516129032258,0.8064516129032258,0.5925925925925926,0.6,0.6,0.6148148148148148,0.6148148148148148,0.6831767719897524,0.6880733944954128,0.6880733944954128,0.6977135171486213,0.6977135171486213,
162-412-Õ¯…œ∂©≤Õ»Ìº˛≤‚ ‘_1463737768.csv,0.8431372549019608,0.8431372549019608,0.9019607843137255,0.9019607843137255,0.9019607843137255,0.49029126213592233,0.49514563106796117,0.49514563106796117,0.5849514563106797,0.5849514563106797,0.6352635537020579,0.6393241586047145,0.6393241586047145,0.6907055020495217,0.6907055020495217,
163-180-æ÷¡Ïµº≤‚ ‘_1463737771.csv,0.30434782608695654,0.30434782608695654,0.30434782608695654,0.30434782608695654,1.0,0.05555555555555558,0.8,0.8222222222222222,0.8222222222222222,0.8444444444444444,0.10526315789473689,0.44094488188976383,0.444253859348199,0.444253859348199,0.44743481917577793,
164-326-«—◊”“Ω…˙≤‚ ‘_1463737777.csv,0.9,0.9,0.9,0.9,0.9,0.4785276073619632,0.5030674846625767,0.50920245398773,0.50920245398773,0.50920245398773,0.6248331108144193,0.6453869698294709,0.650413582934262,0.650413582934262,0.650413582934262,
167-284-–”¡÷Ã‚ø‚≤‚ ‘_1463737790.csv,0.7714285714285715,0.9142857142857143,0.9142857142857143,0.9142857142857143,0.9142857142857143,0.5070422535211268,0.5246478873239437,0.5246478873239437,0.5492957746478873,0.6795774647887324,0.6523216308040769,0.6667132769349088,0.6667132769349088,0.6862799010173218,0.7225958538445538,
168-124-µÁÃ®≤‚ ‘_1463737792.csv,0.8125,0.8125,0.8125,0.8125,0.8125,0.4354838709677419,0.4838709677419355,0.4838709677419355,0.49193548387096775,0.5483870967741935,0.5670436187399029,0.6065318818040436,0.6065318818040436,0.6128284389489954,0.6548148148148148,
170-149-Domino≤‚ ‘_1463737794.csv,0.8571428571428571,0.9047619047619048,0.9047619047619048,0.9047619047619048,0.9047619047619048,0.32885906040268453,0.3355704697986577,0.3355704697986577,0.3557046979865772,0.4832214765100671,0.4823834196891192,0.48956454522030396,0.48956454522030396,0.5106490872210954,0.6180257510729613,
171-290-∞ŸŒ ∞Ÿ¥≤‚ ‘_1463737762.csv,0.4411764705882353,0.9411764705882353,0.9411764705882353,0.9705882352941176,0.9705882352941176,0.2827586206896552,0.2827586206896552,0.34827586206896555,0.34827586206896555,0.7103448275862069,0.4379349409289529,0.4379349409289529,0.5084159194588643,0.5084159194588643,0.5443015677294345,
174-330-“◊ ‘º›≤‚ ‘_1463737832.csv,0.717948717948718,0.717948717948718,0.717948717948718,0.717948717948718,0.717948717948718,0.696969696969697,0.7,0.7090909090909091,0.7090909090909091,0.7090909090909091,0.7073036792970897,0.708860759493671,0.7134923227703366,0.7134923227703366,0.7134923227703366,
175-167-»¸π˚≤ªµπµ∞≤‚ ‘_1463737842.csv,0.8181818181818182,1.0,1.0,1.0,1.0,0.13772455089820357,0.13772455089820357,0.16167664670658688,0.18562874251497008,0.4970059880239521,0.2421052631578947,0.2421052631578947,0.2783505154639176,0.31313131313131315,0.6183774834437086,
179-117-Ωµ∞¿Ì≤∆≤‚ ‘_1463737851.csv,1.0,1.0,1.0,1.0,1.0,0.3076923076923077,0.3076923076923077,0.3846153846153846,0.3846153846153846,0.4017094017094017,0.47058823529411764,0.47058823529411764,0.5555555555555555,0.5555555555555555,0.5731707317073171,
181-271-Õ¯¿÷ª›≤‚ ‘_1463737849.csv,0.696969696969697,0.8787878787878788,0.8787878787878788,0.8787878787878788,0.8787878787878788,0.4833948339483395,0.4981549815498155,0.4981549815498155,0.5018450184501845,0.6900369003690037,0.6237071088491217,0.6358616209192789,0.6358616209192789,0.638859642018304,0.6934859722670107,
183-124-œ≤¬Ì¿≠—≈FM≤‚ ‘_1463737863.csv,1.0,1.0,1.0,1.0,1.0,0.19354838709677424,0.2016129032258065,0.2016129032258065,0.22580645161290325,0.22580645161290325,0.3243243243243244,0.3355704697986578,0.3355704697986578,0.368421052631579,0.368421052631579,
184-158-∂£∂£¥Ó≥µ≤‚ ‘_1463737804.csv,1.0,1.0,1.0,1.0,1.0,0.240506329113924,0.259493670886076,0.259493670886076,0.2911392405063291,0.2911392405063291,0.38775510204081626,0.41206030150753775,0.41206030150753775,0.45098039215686275,0.45098039215686275,
187-289-ƒÒ»À≤‚ ‘_1463737869.csv,0.5714285714285714,0.7428571428571429,0.7428571428571429,0.7714285714285715,0.7714285714285715,0.6574394463667821,0.6574394463667821,0.7231833910034602,0.7231833910034602,0.8304498269896194,0.6770098730606489,0.7098872206462326,0.7328882594915369,0.7328882594915369,0.7328882594915369,
189-216-≈‹≈‹≤‚ ‘_1463737615.csv,0.96,0.96,0.96,0.96,0.96,0.4444444444444444,0.45833333333333337,0.4814814814814815,0.4814814814814815,0.4814814814814815,0.6075949367088608,0.6204465334900117,0.6413155190133608,0.6413155190133608,0.6413155190133608,
190-330-’∆…œPC∞Â≤‚ ‘_1463737880.csv,0.7317073170731707,0.926829268292683,0.926829268292683,0.926829268292683,0.926829268292683,0.4818181818181818,0.4818181818181818,0.4818181818181818,0.49090909090909096,0.703030303030303,0.6340311663780891,0.6340311663780891,0.6340311663780891,0.6418517360025023,0.7170822171852463,
192-344-ÃœÃœ—≈Àºø⁄”Ô≤‚ ‘_1463737898.csv,0.09302325581395349,0.8372093023255814,0.8372093023255814,1.0,1.0,0.15697674418604646,0.16279069767441856,0.4651162790697675,0.4651162790697675,0.9186046511627907,0.16893878642074311,0.27999999999999997,0.27999999999999997,0.5980066445182725,0.5980066445182725,
193-114-∞Ÿ∂»Õº∆¨App4.1.3.1≤‚ ‘_1463737882.csv,0.6666666666666666,0.6666666666666666,0.6666666666666666,0.6666666666666666,0.6666666666666666,0.736842105263158,0.7631578947368421,0.7894736842105263,0.7894736842105263,0.8157894736842105,0.7000000000000001,0.7116564417177914,0.7228915662650601,0.7228915662650601,0.7337278106508874,
194-317-÷Ò∂µ”˝∂˘≤‚ ‘_1463737902.csv,0.1891891891891892,0.1891891891891892,0.5945945945945946,1.0,1.0,0.4006309148264984,0.4037854889589906,0.6514195583596214,0.8990536277602523,0.8990536277602523,0.31259793168285804,0.31259793168285804,0.442335001877465,0.5752808988764045,0.5752808988764045,
196-262-–°Qø∆∆’≤‚ ‘_1463737916.csv,0.9354838709677419,0.9354838709677419,0.9354838709677419,0.9354838709677419,1.0,0.35114503816793896,0.48091603053435117,0.48091603053435117,0.4847328244274809,0.49236641221374045,0.5197740112994351,0.6352573018080667,0.6352573018080667,0.6385782401387082,0.645166853496594,
197-306-”∞ ”¬€Ã≥Ai≤‚ ‘_1463737921.csv,0.7631578947368421,1.0,1.0,1.0,1.0,0.3464052287581699,0.37254901960784315,0.37254901960784315,0.38235294117647056,0.7254901960784313,0.5145631067961165,0.5428571428571428,0.5428571428571428,0.5531914893617021,0.7438474870017331,
199-295-98œ…”Œ≤‚ ‘_1463737840.csv,0.75,0.75,0.75,0.75,0.75,0.6610169491525424,0.6644067796610169,0.6745762711864407,0.6745762711864407,0.6745762711864407,0.7027027027027027,0.7046135410425404,0.7102914931588341,0.7102914931588341,0.7102914931588341,
2-471-∞Ÿ∂»‰Ø¿¿∆˜T7≥¢œ ÃÂ—È_1463737142.csv,0.8620689655172413,0.8620689655172413,0.8620689655172413,0.8620689655172413,0.8620689655172413,0.6178343949044586,0.6263269639065818,0.6263269639065818,0.6369426751592357,0.6433121019108281,0.7197981596913031,0.7255287752090507,0.7255287752090507,0.7326007326007327,0.7367960315144442,
200-429-º”º”‘À∂Ø≤‚ ‘_1463737892.csv,0.7708333333333334,0.7708333333333334,0.7708333333333334,0.7708333333333334,0.8958333333333334,0.4638694638694638,0.6643356643356644,0.6643356643356644,0.6643356643356644,0.6643356643356644,0.6112361155755562,0.713633133692011,0.713633133692011,0.713633133692011,0.713633133692011,
202-432-ŒﬁœﬂœÂ—Ù≤‚ ‘_1463737927.csv,0.7407407407407407,0.7407407407407407,0.7407407407407407,0.7407407407407407,0.7407407407407407,0.7222222222222222,0.7222222222222222,0.7222222222222222,0.7291666666666667,0.7291666666666667,0.7313642756680733,0.7313642756680733,0.7313642756680733,0.7349081364829397,0.7349081364829397,
203-463-◊‘”…¿Ì≤∆ ¶≤‚ ‘_1463737936.csv,0.7192982456140351,0.7192982456140351,0.7192982456140351,0.7192982456140351,0.7192982456140351,0.7580993520518359,0.7580993520518359,0.7580993520518359,0.7667386609071274,0.7732181425485961,0.7381892793023853,0.7381892793023853,0.7381892793023853,0.7422612065888112,0.7452842164055955,
204-101-Œƒº˛π‹¿Ì≤‚ ‘_1463737945.csv,1.0,1.0,1.0,1.0,1.0,0.28712871287128716,0.28712871287128716,0.33663366336633666,0.36633663366336633,0.37623762376237624,0.4461538461538462,0.4461538461538462,0.5029644268774704,0.5362318840579711,0.5467625899280576,
205-111-bugŒƒº˛π‹¿Ì≤‚ ‘_1470654534.csv,1.0,1.0,1.0,1.0,1.0,0.2702702702702703,0.2702702702702703,0.3513513513513513,0.3513513513513513,0.36936936936936937,0.4255319148936171,0.4255319148936171,0.5199999999999999,0.5199999999999999,0.5394736842105263,
212-404-æ≠≥£÷±≤•ƒ⁄≤‚∞Ê≤‚ ‘_1463737964.csv,0.54,0.86,0.86,0.86,0.86,0.6435643564356436,0.6435643564356436,0.6633663366336633,0.6633663366336633,0.8787128712871287,0.6689231628166655,0.7362043987883578,0.7489925906668399,0.7489925906668399,0.7489925906668399,
213-416-bugæ≠≥£÷±≤•ƒ⁄≤‚∞Ê≤‚ ‘_1470654528.csv,0.11764705882352941,0.8627450980392157,0.8627450980392157,0.8627450980392157,0.8627450980392157,0.6105769230769231,0.6105769230769231,0.6153846153846154,0.6153846153846154,0.9495192307692307,0.20935471048098583,0.7150809392795444,0.7183673469387755,0.7183673469387755,0.7183673469387755,
214-339-bug–„…´≤‚ ‘_1470654525.csv,0.30952380952380953,0.30952380952380953,0.8809523809523809,0.8809523809523809,0.8809523809523809,0.6165191740412979,0.6224188790560472,0.6224188790560472,0.9203539823008849,0.9203539823008849,0.4632516703786192,0.4632516703786192,0.7294557346414389,0.7294557346414389,0.7294557346414389,
215-339-–„…´≤‚ ‘_1463737968.csv,0.30952380952380953,0.30952380952380953,0.8809523809523809,0.8809523809523809,0.8809523809523809,0.6165191740412979,0.6224188790560472,0.6224188790560472,0.9203539823008849,0.9203539823008849,0.4632516703786192,0.4632516703786192,0.7253881150039866,0.7294557346414389,0.7294557346414389,
216-283-¥Û∞Ôª„≤‚ ‘_1463737957.csv,0.9411764705882353,0.9411764705882353,0.9411764705882353,0.9411764705882353,0.9411764705882353,0.4593639575971732,0.4593639575971732,0.46289752650176674,0.46289752650176674,0.48056537102473496,0.6173938854259425,0.6173938854259425,0.6205773501110289,0.6205773501110289,0.6362573099415204,
217-288-bug¥Û∞Ôª„≤‚ ‘_1470654530.csv,0.7222222222222222,0.9444444444444444,0.9444444444444444,0.9444444444444444,0.9444444444444444,0.4444444444444444,0.46875,0.4722222222222222,0.4722222222222222,0.7326388888888888,0.6044444444444445,0.6265356265356266,0.6296296296296297,0.6296296296296297,0.7273932643861044,
218-103-bug∂Ò¡˙π´÷˜°™ƒÊÀ˛∑¿≤‚ ‘_1470654523.csv,0.8571428571428571,0.8571428571428571,0.9285714285714286,0.9285714285714286,0.9285714285714286,0.3203883495145631,0.3786407766990292,0.3786407766990292,0.5631067961165048,0.5631067961165048,0.47640199888950574,0.5379310344827587,0.5379310344827587,0.6796875,0.6796875,
219-103-∂Ò¡˙π´÷˜°™ƒÊÀ˛∑¿≤‚ ‘_1463737972.csv,0.8571428571428571,0.8571428571428571,0.9285714285714286,0.9285714285714286,0.9285714285714286,0.3203883495145631,0.3786407766990292,0.3786407766990292,0.5631067961165048,0.5631067961165048,0.47640199888950574,0.5379310344827587,0.5379310344827587,0.6796875,0.6796875,
220-798-≈©ø∆÷˙ ÷≤‚ ‘_1463737988.csv,0.5151515151515151,0.5151515151515151,0.5151515151515151,0.8181818181818182,0.8181818181818182,0.6365914786967419,0.6390977443609023,0.8596491228070176,0.8596491228070176,0.8596491228070176,0.6442382057231245,0.6442382057231245,0.6442382057231245,0.7176360225140712,0.7176360225140712,
222-304-œ≤¬Ì¿≠—≈FM≤‚ ‘_1463737999.csv,0.4117647058823529,0.4117647058823529,0.4117647058823529,0.4117647058823529,0.4117647058823529,0.8355263157894737,0.8519736842105263,0.868421052631579,0.868421052631579,0.868421052631579,0.5516599441514116,0.555198285101822,0.558645707376058,0.558645707376058,0.558645707376058,
223-395-bugœ≤¬Ì¿≠—≈FM≤‚ ‘_1470654512.csv,0.3333333333333333,0.3333333333333333,0.3333333333333333,0.3333333333333333,0.3333333333333333,0.8860759493670887,0.8860759493670887,0.8987341772151899,0.8987341772151899,0.8987341772151899,0.4844290657439446,0.4844290657439446,0.4863013698630137,0.4863013698630137,0.4863013698630137,
224-426-÷«ª€ΩÃ”˝≤‚ ‘_1463737994.csv,0.6226415094339622,0.6226415094339622,0.6226415094339622,0.6226415094339622,0.8867924528301887,0.4835680751173709,0.7464788732394366,0.755868544600939,0.755868544600939,0.7699530516431925,0.6258564964447316,0.6789596273291926,0.682817118622285,0.682817118622285,0.6885058202404426,
225-426-bug÷«ª€ΩÃ”˝≤‚ ‘_1470654514.csv,0.6226415094339622,0.6226415094339622,0.6226415094339622,0.6226415094339622,0.8867924528301887,0.4835680751173709,0.7464788732394366,0.755868544600939,0.755868544600939,0.7699530516431925,0.6258564964447316,0.6789596273291926,0.682817118622285,0.682817118622285,0.6885058202404426,
226-325-÷£÷›µÿÃ˙∂˛Œ¨¬Îπ∫∆±≤‚ ‘_1463738008.csv,0.8461538461538461,0.8461538461538461,0.8461538461538461,0.8974358974358975,0.8974358974358975,0.5292307692307692,0.5292307692307692,0.6307692307692307,0.6307692307692307,0.6307692307692307,0.6658187247691201,0.6658187247691201,0.7227564102564102,0.7227564102564102,0.7227564102564102,
227-325-bug÷£÷›µÿÃ˙∂˛Œ¨¬Îπ∫∆±≤‚ ‘_1470654508.csv,0.8461538461538461,0.8461538461538461,0.8461538461538461,0.8974358974358975,0.8974358974358975,0.5292307692307692,0.5384615384615384,0.6307692307692307,0.6307692307692307,0.6338461538461538,0.6658187247691201,0.673076923076923,0.7227564102564102,0.7227564102564102,0.7247721093874939,
228-244-–°∑π◊¿≤‚ ‘_1463737976.csv,0.7142857142857143,0.7142857142857143,0.7142857142857143,0.7142857142857143,0.8928571428571429,0.34426229508196726,0.6311475409836065,0.639344262295082,0.639344262295082,0.639344262295082,0.4969238050165642,0.6701479547432551,0.6747404844290658,0.6747404844290658,0.6747404844290658,
229-244-bug–°∑π◊¿≤‚ ‘_1470654522.csv,0.7142857142857143,0.7142857142857143,0.7142857142857143,0.7142857142857143,0.8928571428571429,0.34426229508196726,0.6311475409836065,0.639344262295082,0.639344262295082,0.639344262295082,0.4969238050165642,0.6701479547432551,0.6747404844290658,0.6747404844290658,0.6747404844290658,
230-217-bug“◊‘º∞Æ≤‚ ‘_1470654510.csv,0.8518518518518519,0.8518518518518519,0.8518518518518519,0.8518518518518519,0.8518518518518519,0.5391705069124424,0.543778801843318,0.5576036866359446,0.5576036866359446,0.5576036866359446,0.6603680981595093,0.6638131344013697,0.6740130782271736,0.6740130782271736,0.6740130782271736,
231-217-“◊‘º∞Æ≤‚ ‘_1463738003.csv,0.8518518518518519,0.8518518518518519,0.8518518518518519,0.8518518518518519,0.8518518518518519,0.5391705069124424,0.543778801843318,0.5506912442396312,0.5576036866359446,0.5806451612903225,0.6603680981595093,0.6638131344013697,0.6689131063142717,0.6740130782271736,0.6905754795663052,
234-175-bugJiuJiu≤‚ ‘_1470654480.csv,0.8695652173913043,0.8695652173913043,0.8695652173913043,0.8695652173913043,0.8695652173913043,0.48571428571428577,0.48571428571428577,0.4971428571428571,0.4971428571428571,0.4971428571428571,0.623281393217232,0.623281393217232,0.6326122523177603,0.6326122523177603,0.6326122523177603,
235-175-JiuJiu≤‚ ‘_1463738027.csv,0.8260869565217391,0.8695652173913043,0.8695652173913043,0.8695652173913043,0.8695652173913043,0.48571428571428577,0.48571428571428577,0.49142857142857144,0.4971428571428571,0.64,0.623281393217232,0.623281393217232,0.6279468227674961,0.6326122523177603,0.7212336892052194,
236-561-Œ“√«“ªº“≤‚ ‘_1463738018.csv,0.34782608695652173,0.34782608695652173,0.34782608695652173,0.34782608695652173,0.34782608695652173,0.9037433155080214,0.9037433155080214,0.9144385026737968,0.9144385026737968,0.9144385026737968,0.5023221252089912,0.5023221252089912,0.503960213667342,0.503960213667342,0.503960213667342,
237-562-bugŒ“√«“ªº“≤‚ ‘_1470654506.csv,0.34782608695652173,0.34782608695652173,0.34782608695652173,0.34782608695652173,0.34782608695652173,0.9039145907473309,0.9039145907473309,0.9145907473309609,0.9145907473309609,0.9252669039145908,0.5023485784919653,0.5023485784919653,0.5039833312905994,0.5039833312905994,0.5055906660184736,
239-132-∫£µ∑Õ¯≤‚ ‘_1463738033.csv,0.9444444444444444,0.9444444444444444,0.9444444444444444,0.9444444444444444,0.9444444444444444,0.5454545454545454,0.5909090909090908,0.5909090909090908,0.6363636363636364,0.6363636363636364,0.6915254237288135,0.7269736842105262,0.7269736842105262,0.7603833865814696,0.7603833865814696,
240-132-bug∫£µ∑Õ¯≤‚ ‘_1470654473.csv,0.9444444444444444,0.9444444444444444,0.9444444444444444,0.9444444444444444,0.9444444444444444,0.5454545454545454,0.5909090909090908,0.5909090909090908,0.6363636363636364,0.6363636363636364,0.6915254237288135,0.7269736842105262,0.7269736842105262,0.7603833865814696,0.7603833865814696,
243-250-bugmalimalihome≤‚ ‘_1470654477.csv,0.967741935483871,0.967741935483871,0.967741935483871,0.967741935483871,0.967741935483871,0.496,0.496,0.52,0.52,0.52,0.6558533145275036,0.6558533145275036,0.6764960971379012,0.6764960971379012,0.6764960971379012,
244-250-malimalihome≤‚ ‘_1463738030.csv,0.967741935483871,0.967741935483871,0.967741935483871,0.967741935483871,0.967741935483871,0.496,0.496,0.52,0.52,0.52,0.6558533145275036,0.6558533145275036,0.6764960971379012,0.6764960971379012,0.6764960971379012,
249-222-æ¡–≈¥˚≤‚ ‘_1463738047.csv,0.9629629629629629,0.9629629629629629,0.9629629629629629,0.9629629629629629,0.9629629629629629,0.5045045045045045,0.5135135135135135,0.5135135135135135,0.5315315315315315,0.5315315315315315,0.6621191450659389,0.6698305084745763,0.6698305084745763,0.6849743246260326,0.6849743246260326,
250-222-bugæ¡–≈¥˚≤‚ ‘_1470654468.csv,0.9259259259259259,0.9629629629629629,0.9629629629629629,0.9629629629629629,0.9629629629629629,0.5045045045045045,0.5135135135135135,0.5315315315315315,0.5315315315315315,0.6216216216216216,0.6621191450659389,0.6698305084745763,0.6849743246260326,0.6849743246260326,0.7438551099611902,
251-205-aiqianbang≤‚ ‘_1463738035.csv,0.88,0.92,0.92,0.92,0.92,0.5121951219512195,0.5170731707317073,0.5317073170731708,0.5317073170731708,0.624390243902439,0.6580381471389647,0.6620502376103191,0.6739247311827958,0.6739247311827958,0.7304798962386512,
252-205-bugaiqianbang≤‚ ‘_1470654472.csv,0.88,0.92,0.92,0.92,0.92,0.5121951219512195,0.5170731707317073,0.5170731707317073,0.5317073170731708,0.624390243902439,0.6580381471389647,0.6620502376103191,0.6620502376103191,0.6739247311827958,0.7304798962386512,
253-372-bug∂£∂£µº”Œ≤‚ ‘_1470654471.csv,0.7608695652173914,0.8913043478260869,0.8913043478260869,0.9347826086956522,0.9347826086956522,0.489247311827957,0.49193548387096775,0.6129032258064516,0.6129032258064516,0.7365591397849462,0.642317793827971,0.6446301302531335,0.7263403263403264,0.7263403263403264,0.748517015298158,
254-372-∂£∂£µº”Œ≤‚ ‘_1463738040.csv,0.7608695652173914,0.8913043478260869,0.8913043478260869,0.9347826086956522,0.9347826086956522,0.489247311827957,0.49193548387096775,0.6129032258064516,0.6129032258064516,0.7365591397849462,0.642317793827971,0.6446301302531335,0.7263403263403264,0.7263403263403264,0.748517015298158,
257-133-bugø⁄¥¸π  ¬≤‚ ‘_1470654466.csv,0.8947368421052632,0.8947368421052632,0.8947368421052632,0.8947368421052632,0.8947368421052632,0.4586466165413534,0.4586466165413534,0.4586466165413534,0.4586466165413534,0.4736842105263158,0.6064327485380117,0.6064327485380117,0.6064327485380117,0.6064327485380117,0.6194331983805668,
258-133-ø⁄¥¸π  ¬≤‚ ‘_1463738051.csv,0.8947368421052632,0.8947368421052632,0.8947368421052632,0.8947368421052632,0.8947368421052632,0.4586466165413534,0.4586466165413534,0.4586466165413534,0.4586466165413534,0.5263157894736843,0.6064327485380117,0.6064327485380117,0.6064327485380117,0.6064327485380117,0.6627680311890839,
261-195-–°µ∂ª„≤‚ ‘_1463738056.csv,0.9259259259259259,0.9259259259259259,0.9259259259259259,0.9629629629629629,0.9629629629629629,0.23076923076923073,0.2615384615384615,0.3846153846153846,0.3846153846153846,0.3897435897435897,0.37231503579952263,0.411354118194509,0.5434782608695652,0.5434782608695652,0.5485780280063518,
262-197-bug–°µ∂ª„≤‚ ‘_1470654465.csv,0.8571428571428571,0.8571428571428571,0.8571428571428571,0.8571428571428571,0.8571428571428571,0.5431472081218274,0.5431472081218274,0.5532994923857868,0.5532994923857868,0.5736040609137056,0.6649404453650958,0.6649404453650958,0.6724935732647814,0.6724935732647814,0.6872782564622402,
263-212-bugÿ¬∏‚≤‚ ‘_1470654464.csv,0.9230769230769231,0.9230769230769231,0.9230769230769231,0.9230769230769231,0.9615384615384616,0.4339622641509434,0.5754716981132075,0.5754716981132075,0.5849056603773585,0.5849056603773585,0.5980239209568383,0.7089588377723971,0.7089588377723971,0.716073147256978,0.716073147256978,
264-212-ÿ¬∏‚≤‚ ‘_1463738058.csv,0.9230769230769231,0.9230769230769231,0.9230769230769231,0.9230769230769231,0.9615384615384616,0.4339622641509434,0.5754716981132075,0.5849056603773585,0.5849056603773585,0.5849056603773585,0.5980239209568383,0.7089588377723971,0.716073147256978,0.716073147256978,0.716073147256978,
267-194-bug≥µ∞¢∏Á£®”√ªß∂À£©≤‚ ‘_1470654466.csv,0.9629629629629629,0.9629629629629629,0.9629629629629629,0.9629629629629629,0.9629629629629629,0.4329896907216495,0.4639175257731959,0.4896907216494846,0.4896907216494846,0.4948453608247423,0.5973741794310722,0.6261707251806261,0.6492311736101986,0.6492311736101986,0.6537454164484023,
268-194-≥µ∞¢∏Á£®”√ªß∂À£©≤‚ ‘_1463738053.csv,0.9629629629629629,0.9629629629629629,0.9629629629629629,0.9629629629629629,0.9629629629629629,0.4329896907216495,0.4639175257731959,0.4639175257731959,0.4896907216494846,0.4896907216494846,0.5973741794310722,0.6261707251806261,0.6261707251806261,0.6492311736101986,0.6492311736101986,
273-146-ª∆πœ≤‚ ‘_1463738063.csv,0.7,0.7,0.7,0.7,0.95,0.2465753424657534,0.5068493150684932,0.5616438356164384,0.5616438356164384,0.5684931506849316,0.3915283342873498,0.5879682179341658,0.6232356134636265,0.6232356134636265,0.6274298056155507,
274-149-bugª∆πœ≤‚ ‘_1470654456.csv,0.7142857142857143,0.7142857142857143,1.0,1.0,1.0,0.03355704697986572,0.03355704697986572,0.06040268456375841,0.46308724832214765,0.4832214765100671,0.06493506493506483,0.06493506493506483,0.11392405063291143,0.5618892508143323,0.5764611689351482,
275-261-bugÃ‘∂˛ ÷≤‚ ‘_1470654455.csv,0.875,0.875,0.875,0.875,0.875,0.5019157088122606,0.5172413793103448,0.5402298850574713,0.5402298850574713,0.5440613026819923,0.6379130434782608,0.6501547987616099,0.6680203045685279,0.6680203045685279,0.6709416132298346,
276-261-Ã‘∂˛ ÷≤‚ ‘_1463738066.csv,0.875,0.875,0.875,0.875,0.875,0.5019157088122606,0.5172413793103448,0.5402298850574713,0.5402298850574713,0.5440613026819923,0.6379130434782608,0.6501547987616099,0.6680203045685279,0.6680203045685279,0.6709416132298346,
277-262-3Dsousou≤‚ ‘_1463738072.csv,0.40625,0.875,0.875,0.875,0.875,0.5419847328244275,0.5534351145038168,0.5725190839694656,0.5725190839694656,0.8396946564885497,0.5475780202948497,0.6780227120908484,0.6921555702043506,0.6921555702043506,0.6921555702043506,
278-262-bug3Dsousou≤‚ ‘_1470654452.csv,0.875,0.875,0.875,0.875,0.875,0.5419847328244275,0.5534351145038168,0.5725190839694656,0.5725190839694656,0.5725190839694656,0.6693602693602693,0.6780227120908484,0.6921555702043506,0.6921555702043506,0.6921555702043506,
283-184-∫£µ∑Õ¯≤‚ ‘_1463738074.csv,0.9615384615384616,0.9615384615384616,0.9615384615384616,0.9615384615384616,0.9615384615384616,0.34782608695652173,0.36413043478260865,0.3777173913043478,0.3913043478260869,0.3913043478260869,0.5108556832694764,0.5282245348470515,0.5422334046299534,0.5562422744128553,0.5562422744128553,
284-184-bug∫£µ∑Õ¯≤‚ ‘_1470654451.csv,0.9615384615384616,0.9615384615384616,0.9615384615384616,0.9615384615384616,0.9615384615384616,0.34782608695652173,0.36413043478260865,0.36413043478260865,0.3913043478260869,0.3913043478260869,0.5108556832694764,0.5282245348470515,0.5282245348470515,0.5562422744128553,0.5562422744128553,
285-116-bug÷©÷ÎÕ¯app≤‚ ‘_1470654446.csv,1.0,1.0,1.0,1.0,1.0,0.22413793103448276,0.22413793103448276,0.24137931034482762,0.24137931034482762,0.27586206896551724,0.36619718309859156,0.36619718309859156,0.38888888888888895,0.38888888888888895,0.4324324324324324,
286-116-÷©÷ÎÕ¯app≤‚ ‘_1463738077.csv,1.0,1.0,1.0,1.0,1.0,0.22413793103448276,0.22413793103448276,0.24137931034482762,0.24137931034482762,0.27586206896551724,0.36619718309859156,0.36619718309859156,0.38888888888888895,0.38888888888888895,0.4324324324324324,
29-150-–°∞◊”√≥µ_1463737383.csv,0.8095238095238095,0.9047619047619048,0.9047619047619048,0.9047619047619048,1.0,0.06666666666666665,0.21999999999999997,0.21999999999999997,0.2533333333333333,0.43999999999999995,0.12499999999999997,0.35393734123624043,0.35393734123624043,0.39583333333333326,0.5701219512195121,
293-143-bug“ª∂»√€≤‚ ‘_1470654434.csv,0.95,0.95,0.95,0.95,0.95,0.4405594405594405,0.49650349650349646,0.49650349650349646,0.49650349650349646,0.49650349650349646,0.6019612773447321,0.652163403432439,0.652163403432439,0.652163403432439,0.652163403432439,
294-143-“ª∂»√€≤‚ ‘_1463738084.csv,0.7,0.95,0.95,0.95,0.95,0.4405594405594405,0.49650349650349646,0.49650349650349646,0.49650349650349646,0.7552447552447552,0.6019612773447321,0.652163403432439,0.652163403432439,0.652163403432439,0.7265737626141278,
295-128-bug≥µµ‰APP≤‚ ‘_1470654436.csv,0.7333333333333333,0.7333333333333333,0.7333333333333333,0.8,0.8,0.453125,0.5078125,0.625,0.625,0.625,0.5785536159600998,0.6212664277180406,0.6748466257668712,0.6748466257668712,0.6748466257668712,
296-128-≥µµ‰APP≤‚ ‘_1463738082.csv,0.7333333333333333,0.7333333333333333,0.7333333333333333,0.8,0.8,0.453125,0.5078125,0.625,0.625,0.625,0.5785536159600998,0.6212664277180406,0.6748466257668712,0.6748466257668712,0.6748466257668712,
299-197-bug√øøÃºÊ÷∞≤‚ ‘_1470654441.csv,0.8571428571428571,0.8928571428571429,0.8928571428571429,0.8928571428571429,0.8928571428571429,0.4517766497461929,0.4517766497461929,0.47208121827411165,0.47208121827411165,0.6091370558375635,0.5999730349197789,0.5999730349197789,0.6176119006508167,0.6176119006508167,0.712166172106825,
3-145- ÷ª˙Œ¿ ø∂Ã–≈π¶ƒ‹_1463737156.csv,1.0,1.0,1.0,1.0,1.0,0.31034482758620685,0.3172413793103448,0.3172413793103448,0.33793103448275863,0.33793103448275863,0.47368421052631576,0.481675392670157,0.481675392670157,0.5051546391752577,0.5051546391752577,
300-197-√øøÃºÊ÷∞≤‚ ‘_1463738080.csv,0.8571428571428571,0.8928571428571429,0.8928571428571429,0.8928571428571429,0.8928571428571429,0.4517766497461929,0.4517766497461929,0.47208121827411165,0.47208121827411165,0.5939086294416244,0.5999730349197789,0.5999730349197789,0.6176119006508167,0.6176119006508167,0.7016491754122939,
307-137-UONE_1463738088.csv,0.6666666666666666,0.7777777777777778,0.7777777777777778,0.7777777777777778,1.0,0.051094890510948954,0.2773722627737226,0.2992700729927007,0.2992700729927007,0.5912408759124088,0.09722222222222231,0.4089162182936203,0.43222891566265065,0.43222891566265065,0.6266924564796906,
308-137-bugUONE_1470654431.csv,0.7777777777777778,0.7777777777777778,0.7777777777777778,0.7777777777777778,1.0,0.051094890510948954,0.2773722627737226,0.2992700729927007,0.2992700729927007,0.2992700729927007,0.09722222222222231,0.4089162182936203,0.43222891566265065,0.43222891566265065,0.43222891566265065,
309-170-ÀΩ»À∑…––≤‚ ‘_1463738093.csv,0.9130434782608695,0.9130434782608695,1.0,1.0,1.0,0.23529411764705888,0.2588235294117647,0.2588235294117647,0.388235294117647,0.388235294117647,0.38095238095238104,0.41121495327102797,0.41121495327102797,0.5448113207547168,0.5448113207547168,
310-170-bugÀΩ»À∑…––≤‚ ‘_1470654421.csv,0.9130434782608695,0.9130434782608695,1.0,1.0,1.0,0.23529411764705888,0.2588235294117647,0.2588235294117647,0.388235294117647,0.42352941176470593,0.38095238095238104,0.41121495327102797,0.41121495327102797,0.5448113207547168,0.5786452353616534,
311-185-bug…Á«¯ª€…˙ªÓ≤‚ ‘_1470654424.csv,1.0,1.0,1.0,1.0,1.0,0.3513513513513513,0.3675675675675676,0.3675675675675676,0.39459459459459456,0.39459459459459456,0.5199999999999999,0.5375494071146245,0.5375494071146245,0.5658914728682171,0.5658914728682171,
312-185-…Á«¯ª€…˙ªÓ≤‚ ‘_1463738091.csv,1.0,1.0,1.0,1.0,1.0,0.3513513513513513,0.3675675675675676,0.39459459459459456,0.39459459459459456,0.39459459459459456,0.5199999999999999,0.5375494071146245,0.5658914728682171,0.5658914728682171,0.5658914728682171,
315-119-√»≥Ë¥Ô»À≤‚ ‘_1463738095.csv,0.8823529411764706,0.8823529411764706,0.8823529411764706,0.8823529411764706,0.8823529411764706,0.39495798319327735,0.39495798319327735,0.4117647058823529,0.46218487394957986,0.46218487394957986,0.5456656346749227,0.5456656346749227,0.5614973262032086,0.6066176470588235,0.6066176470588235,
316-119-bug√»≥Ë¥Ô»À≤‚ ‘_1470654419.csv,0.8823529411764706,0.8823529411764706,0.8823529411764706,0.8823529411764706,0.8823529411764706,0.39495798319327735,0.39495798319327735,0.46218487394957986,0.46218487394957986,0.47058823529411764,0.5456656346749227,0.5456656346749227,0.6066176470588235,0.6066176470588235,0.6138107416879794,
317-131-ª™∆Û∞Ô≤‚ ‘_1463738098.csv,1.0,1.0,1.0,1.0,1.0,0.5190839694656488,0.5190839694656488,0.5725190839694656,0.5725190839694656,0.5725190839694656,0.6834170854271356,0.6834170854271356,0.7281553398058253,0.7281553398058253,0.7281553398058253,
318-131-bugª™∆Û∞Ô≤‚ ‘_1470654417.csv,1.0,1.0,1.0,1.0,1.0,0.5190839694656488,0.5190839694656488,0.5725190839694656,0.5725190839694656,0.5725190839694656,0.6834170854271356,0.6834170854271356,0.7281553398058253,0.7281553398058253,0.7281553398058253,
319-197-∞Ÿ“∂–°≥…≤‚ ‘_1463738097.csv,0.32142857142857145,0.9285714285714286,0.9285714285714286,0.9285714285714286,1.0,0.18781725888324874,0.30964467005076146,0.30964467005076146,0.31472081218274117,0.8578680203045685,0.3162393162393162,0.4644216691068815,0.4644216691068815,0.4701079031787694,0.4701079031787694,
320-197-bug∞Ÿ“∂–°≥…≤‚ ‘_1470654418.csv,0.32142857142857145,0.9285714285714286,0.9285714285714286,0.9285714285714286,1.0,0.18781725888324874,0.30964467005076146,0.31472081218274117,0.31472081218274117,0.8578680203045685,0.3162393162393162,0.4644216691068815,0.4701079031787694,0.4701079031787694,0.4701079031787694,
321-129-”––ΩøÏ∑√≤‚ ‘_1463738103.csv,1.0,1.0,1.0,1.0,1.0,0.5348837209302326,0.5658914728682171,0.5658914728682171,0.5813953488372092,0.5813953488372092,0.696969696969697,0.7227722772277227,0.7227722772277227,0.7352941176470588,0.7352941176470588,
322-129-bug”––ΩøÏ∑√≤‚ ‘_1470654415.csv,0.9,1.0,1.0,1.0,1.0,0.5348837209302326,0.5658914728682171,0.5658914728682171,0.5813953488372092,0.7286821705426356,0.696969696969697,0.7227722772277227,0.7227722772277227,0.7352941176470588,0.8053307948595908,
325-231- ˝”¢≤‚ ‘_1463738102.csv,0.6666666666666666,0.6666666666666666,0.6666666666666666,0.6666666666666666,0.6666666666666666,0.7402597402597403,0.7575757575757576,0.7575757575757576,0.7662337662337663,0.7662337662337663,0.7015384615384616,0.7092198581560282,0.7092198581560282,0.7129909365558913,0.7129909365558913,
326-231-bug ˝”¢≤‚ ‘_1470654415.csv,0.6666666666666666,0.6666666666666666,0.6666666666666666,0.6666666666666666,0.6666666666666666,0.7402597402597403,0.7575757575757576,0.7575757575757576,0.7662337662337663,0.7662337662337663,0.7015384615384616,0.7092198581560282,0.7092198581560282,0.7129909365558913,0.7129909365558913,
327-239-∂Ø∆¿¥≤‚ ‘_1463738068.csv,0.13793103448275862,0.13793103448275862,0.13793103448275862,0.13793103448275862,0.896551724137931,0.41422594142259417,0.8870292887029289,0.899581589958159,0.899581589958159,0.9121338912133892,0.23873873873873874,0.23873873873873874,0.23918787373105269,0.23918787373105269,0.5666483214089159,
328-239-bug∂Ø∆¿¥≤‚ ‘_1470654454.csv,0.13793103448275862,0.13793103448275862,0.13793103448275862,0.13793103448275862,0.896551724137931,0.41422594142259417,0.8870292887029289,0.899581589958159,0.899581589958159,0.9121338912133892,0.23873873873873874,0.23873873873873874,0.23918787373105269,0.23918787373105269,0.5666483214089159,
329-102-bug–°Àµ‘ƒ∂¡Õ¯V1.0.8≤‚ ‘_1470654414.csv,0.9285714285714286,1.0,1.0,1.0,1.0,0.11764705882352944,0.11764705882352944,0.21568627450980393,0.21568627450980393,0.4509803921568627,0.21052631578947373,0.21052631578947373,0.3548387096774193,0.3548387096774193,0.6071065989847715,
330-102-–°Àµ‘ƒ∂¡Õ¯V1.0.8≤‚ ‘_1463738106.csv,0.9285714285714286,1.0,1.0,1.0,1.0,0.11764705882352944,0.11764705882352944,0.21568627450980393,0.21568627450980393,0.4509803921568627,0.21052631578947373,0.21052631578947373,0.3548387096774193,0.3548387096774193,0.6071065989847715,
336-179-bugRulane SportV1.2.8≤‚ ‘_1470654410.csv,0.8695652173913043,0.8695652173913043,0.8695652173913043,1.0,1.0,0.04469273743016755,0.04469273743016755,0.3296089385474861,0.3296089385474861,0.3296089385474861,0.08556149732620312,0.08556149732620312,0.4780230909459186,0.4780230909459186,0.4780230909459186,
337-255-bug4399”Œœ∑∫–V3.3≤‚ ‘_1470654412.csv,0.3,0.3,0.3,0.3,0.8,0.5294117647058824,0.8235294117647058,0.8431372549019608,0.8431372549019608,0.8431372549019608,0.43979057591623033,0.43979057591623033,0.4425385934819897,0.4425385934819897,0.6371681415929203,
338-315-bug¡⁄¡⁄V1.3.4 build≤‚ ‘_1470654409.csv,0.918918918918919,0.918918918918919,0.918918918918919,0.918918918918919,0.918918918918919,0.4920634920634921,0.5142857142857142,0.5142857142857142,0.5174603174603174,0.5174603174603174,0.6409242930982063,0.6594827586206896,0.6594827586206896,0.6620870915715907,0.6620870915715907,
339-308-bugWhatchAppV1.0≤‚ ‘_1470654408.csv,0.7894736842105263,0.7894736842105263,0.7894736842105263,0.8421052631578947,0.8947368421052632,0.4155844155844156,0.5584415584415585,0.6201298701298701,0.6201298701298701,0.6363636363636364,0.5675534689619197,0.6715470961444607,0.6946296520790399,0.6946296520790399,0.7046979865771811,
340-266-bug∞¸Õ∑”≈…˙ªÓV1.20.160426≤‚ ‘_1470654405.csv,0.03125,0.03125,0.03125,0.03125,0.03125,0.8796992481203008,0.8796992481203008,0.8796992481203008,0.8984962406015038,0.8984962406015038,0.06035594531854527,0.06035594531854527,0.06035594531854527,0.060399292393227194,0.060399292393227194,
343-115-bug100◊¨V1.4≤‚ ‘_1470654401.csv,0.9375,0.9375,0.9375,0.9375,0.9375,0.3739130434782608,0.3739130434782608,0.3739130434782608,0.3739130434782608,0.3913043478260869,0.5346042271031909,0.5346042271031909,0.5346042271031909,0.5346042271031909,0.5521472392638036,
346-214-bug–ÏÀÆ»¶V1.0.160419≤‚ ‘_1470654402.csv,0.88,0.88,0.88,0.88,0.88,0.5327102803738317,0.5794392523364487,0.5887850467289719,0.5887850467289719,0.5887850467289719,0.6636676369409896,0.6987704918032787,0.7055230338508527,0.7055230338508527,0.7055230338508527,
347-370-bug÷∏º‚¥Û—ß≤‚ ‘_1470654404.csv,0.6739130434782609,0.8478260869565217,0.8478260869565217,0.9565217391304348,0.9565217391304348,0.4864864864864865,0.4891891891891892,0.6324324324324324,0.6324324324324324,0.754054054054054,0.6449511400651465,0.6473217914329839,0.7244582043343653,0.7244582043343653,0.7244582043343653,
348-467-bug”—∑˛…Ã≥«V1.0≤‚ ‘_1470654398.csv,0.9310344827586207,0.9310344827586207,0.9310344827586207,0.9310344827586207,0.9310344827586207,0.4860813704496788,0.4989293361884368,0.4989293361884368,0.5032119914346895,0.5032119914346895,0.6387036265110463,0.6496953423525765,0.6496953423525765,0.6533154859967051,0.6533154859967051,
349-195-bug”≈”∆–£‘∞V2.1.0.2628≤‚ ‘_1470654399.csv,0.44,0.44,0.44,1.0,1.0,0.12307692307692308,0.12307692307692308,0.5897435897435898,0.5897435897435898,0.5897435897435898,0.21917808219178084,0.21917808219178084,0.5039840637450199,0.5039840637450199,0.5039840637450199,
350-324-bugdr.wineV3.1.2≤‚ ‘_1470654390.csv,0.2,0.925,0.925,0.925,0.925,0.36111111111111116,0.36111111111111116,0.3827160493827161,0.3827160493827161,0.8148148148148149,0.32116788321167883,0.519438444924406,0.519438444924406,0.5414208166155299,0.5414208166155299,
351-123-bugFolderExplorerV1.0≤‚ ‘_1470654387.csv,0.8235294117647058,0.8235294117647058,0.8235294117647058,1.0,1.0,0.024390243902439046,0.04878048780487809,0.4796747967479674,0.4796747967479674,0.4878048780487805,0.04761904761904766,0.09302325581395357,0.6062385321100916,0.6062385321100916,0.612691466083151,
356-105-bug–“‘À‘∆π∫V0.1.0≤‚ ‘_1470654372.csv,0.8666666666666667,0.8666666666666667,1.0,1.0,1.0,0.23809523809523814,0.23809523809523814,0.23809523809523814,0.5714285714285714,0.5714285714285714,0.3846153846153847,0.3846153846153847,0.3846153846153847,0.6887417218543047,0.6887417218543047,
357-134-bug÷˛“ΩÃ®V1.2≤‚ ‘_1470654365.csv,1.0,1.0,1.0,1.0,1.0,0.10447761194029848,0.12686567164179108,0.12686567164179108,0.16417910447761197,0.16417910447761197,0.18918918918918912,0.22516556291390732,0.22516556291390732,0.2820512820512821,0.2820512820512821,
360-277-bug—∞µΩ±¶V1.0.0≤‚ ‘_1470654368.csv,0.8823529411764706,0.8823529411764706,0.8823529411764706,0.8823529411764706,0.8823529411764706,0.5667870036101084,0.5776173285198556,0.5956678700361011,0.5956678700361011,0.5956678700361011,0.69021101992966,0.6981818181818181,0.7112068965517242,0.7112068965517242,0.7112068965517242,
361-155-bugµ¬≥…¥˚V1.0≤‚ ‘_1470654375.csv,0.7727272727272727,0.7727272727272727,0.7727272727272727,0.9090909090909091,0.9090909090909091,0.3032258064516129,0.3032258064516129,0.4838709677419355,0.4838709677419355,0.4838709677419355,0.45476536042573773,0.45476536042573773,0.5950991831971996,0.5950991831971996,0.5950991831971996,
362-172-bug“ª±»∑÷V1.1.0≤‚ ‘_1470654365.csv,0.6956521739130435,0.6956521739130435,0.6956521739130435,0.9565217391304348,1.0,0.011627906976744207,0.16279069767441856,0.627906976744186,0.627906976744186,0.627906976744186,0.022988505747126478,0.2782294489611562,0.6600458365164247,0.6600458365164247,0.6600458365164247,
366-206-bugÕ®¡…±Ãπ‘∞V2.07.160526≤‚ ‘_1470654364.csv,0.3333333333333333,0.3333333333333333,0.3333333333333333,0.9583333333333334,0.9583333333333334,0.1747572815533981,0.21359223300970875,0.7669902912621359,0.7669902912621359,0.7669902912621359,0.29560871117458054,0.34932688988608906,0.4647058823529411,0.4647058823529411,0.4647058823529411,
377-132-bug ¿ºÕø™‘™V1.0≤‚ ‘_1470654361.csv,1.0,1.0,1.0,1.0,1.0,0.09090909090909094,0.09090909090909094,0.10227272727272729,0.11363636363636365,0.11363636363636365,0.16666666666666674,0.16666666666666674,0.18537414965986398,0.20408163265306123,0.20408163265306123,
382-101-bug≥ˆ”Œ±¶V0.9.2≤‚ ‘_1470654358.csv,1.0,1.0,1.0,1.0,1.0,0.00990099009900991,0.01980198019801982,0.01980198019801982,0.04950495049504955,0.04950495049504955,0.01960784313725492,0.03883495145631071,0.03883495145631071,0.09433962264150951,0.09433962264150951,
383-112-bug––÷™±¶V1.6.6≤‚ ‘_1470654355.csv,1.0,1.0,1.0,1.0,1.0,0.017857142857142905,0.0357142857142857,0.0357142857142857,0.0714285714285714,0.0714285714285714,0.03508771929824571,0.06896551724137928,0.06896551724137928,0.13333333333333328,0.13333333333333328,
389-141-bug∫√…∆¿÷π∫V2.1.0≤‚ ‘_1470654354.csv,1.0,1.0,1.0,1.0,1.0,0.14893617021276595,0.17021276595744683,0.1879432624113475,0.2056737588652482,0.2056737588652482,0.25925925925925924,0.29090909090909095,0.3160427807486631,0.34117647058823525,0.34117647058823525,
397-149-bug∆Ê∫√‘∆±¶V1.0.0≤‚ ‘_1470654352.csv,1.0,1.0,1.0,1.0,1.0,0.06040268456375841,0.08724832214765099,0.08724832214765099,0.09395973154362414,0.10738255033557043,0.11392405063291143,0.1604938271604938,0.1604938271604938,0.17177914110429443,0.19393939393939388,
4-399-∞Ÿ∂»‰Ø¿¿∆˜T7≥¢œ ∞Êµ⁄∂˛¬÷≤‚ ‘¿¥œÆ_1463737217.csv,0.19148936170212766,0.19148936170212766,0.42553191489361697,0.9148936170212766,0.9148936170212766,0.3458646616541353,0.3458646616541353,0.8383458646616542,0.9398496240601504,0.9398496240601504,0.3181561085972851,0.3181561085972851,0.4100614320425837,0.5019667554878823,0.6960705693664796,
403-197-bugµ„∞Ô∞Ô≤‚ ‘_1470654349.csv,0.8518518518518519,0.8518518518518519,0.8518518518518519,0.9259259259259259,0.9259259259259259,0.17766497461928932,0.17766497461928932,0.35025380710659904,0.35025380710659904,0.36040609137055835,0.2981260647359454,0.2981260647359454,0.4964028776978418,0.4964028776978418,0.5065136476426799,
404-270-bug√≈’Ô¥ÛÃ¸V2.6.5≤‚ ‘_1470654351.csv,0.9393939393939394,0.9393939393939394,0.9393939393939394,0.9393939393939394,0.9393939393939394,0.40740740740740744,0.43333333333333335,0.43333333333333335,0.437037037037037,0.437037037037037,0.5683333333333334,0.5930831493745401,0.5930831493745401,0.5965427266797129,0.5965427266797129,
42-129-”≈∑ø”≈≈…≤‚ ‘_1463737427.csv,0.7777777777777778,0.7777777777777778,0.9444444444444444,0.9444444444444444,1.0,0.1472868217054264,0.37209302325581395,0.37209302325581395,0.627906976744186,0.6744186046511628,0.2567567567567568,0.5338567222767419,0.5338567222767419,0.6948529411764706,0.7224199288256228,
426-122-bug∂˛æ∆Õ¯V1.0≤‚ ‘_1470654340.csv,0.9375,0.9375,0.96875,1.0,1.0,0.040983606557377095,0.040983606557377095,0.1557377049180328,0.21311475409836067,0.25409836065573765,0.07874015748031506,0.07874015748031506,0.2631942690820165,0.34728406055209265,0.39982803095442815,
427-157-bug∆ﬂ≤ ¿÷æ”V1.1≤‚ ‘_1470654346.csv,0.8636363636363636,0.8636363636363636,0.8636363636363636,1.0,1.0,0.10828025477707004,0.14012738853503182,0.33757961783439494,0.33757961783439494,0.37579617834394907,0.19540229885057467,0.24581005586592175,0.48541817305374796,0.48541817305374796,0.5237094136883906,
441-113-bug‘∆∞Èƒ∏”§V3.6.0≤‚ ‘_1470654337.csv,1.0,1.0,1.0,1.0,1.0,0.008849557522123908,0.008849557522123908,0.026548672566371723,0.04424778761061943,0.04424778761061943,0.017543859649122834,0.017543859649122834,0.05172413793103456,0.08474576271186433,0.08474576271186433,
442-124-bug…œ∫£»˝≈©»»œﬂV1.0≤‚ ‘_1470654332.csv,0.875,0.875,0.875,0.875,0.875,0.4193548387096774,0.4193548387096774,0.4838709677419355,0.4838709677419355,0.4838709677419355,0.5669781931464173,0.5669781931464173,0.6231454005934718,0.6231454005934718,0.6231454005934718,
443-131-bugÓ¯º◊÷˙ ÷V1.0≤‚ ‘_1470654323.csv,1.0,1.0,1.0,1.0,1.0,0.23664122137404575,0.2442748091603053,0.25572519083969464,0.26717557251908397,0.26717557251908397,0.382716049382716,0.3926380368098159,0.4071623918988838,0.4216867469879518,0.4216867469879518,
449-101-bugœÊ√Œπ∫…Ãº“V1.1.1≤‚ ‘_1470654326.csv,1.0,1.0,1.0,1.0,1.0,0.306930693069307,0.36633663366336633,0.36633663366336633,0.37623762376237624,0.37623762376237624,0.4696969696969698,0.5362318840579711,0.5362318840579711,0.5467625899280576,0.5467625899280576,
450-101-bugÃÏ”ÚÃÏ∆¯V1.0≤‚ ‘_1470654313.csv,0.8333333333333334,0.8333333333333334,0.8333333333333334,0.8333333333333334,1.0,0.00990099009900991,0.28712871287128716,0.28712871287128716,0.28712871287128716,0.28712871287128716,0.01960784313725492,0.427098674521355,0.427098674521355,0.427098674521355,0.427098674521355,
451-109-bug’∆…œ110V1.0.0≤‚ ‘_1470654321.csv,0.9333333333333333,0.9333333333333333,0.9333333333333333,0.9333333333333333,0.9333333333333333,0.25688073394495414,0.25688073394495414,0.2660550458715596,0.2660550458715596,0.2660550458715596,0.4028776978417266,0.4028776978417266,0.41407445181030084,0.41407445181030084,0.41407445181030084,
452-126-bug‡À…˘V1.3.0≤‚ ‘_1470654315.csv,1.0,1.0,1.0,1.0,1.0,0.3571428571428571,0.3571428571428571,0.3571428571428571,0.3650793650793651,0.3650793650793651,0.5263157894736841,0.5263157894736841,0.5263157894736841,0.5348837209302326,0.5348837209302326,
456-103-bug¥¥ª›“◊π∫V0.0.2≤‚ ‘_1470654304.csv,1.0,1.0,1.0,1.0,1.0,0.029126213592232997,0.03883495145631066,0.03883495145631066,0.06796116504854366,0.06796116504854366,0.056603773584905634,0.07476635514018688,0.07476635514018688,0.12727272727272723,0.12727272727272723,
457-134-bug∫Õ“◊…˙ªÓV2.0.4≤‚ ‘_1470654307.csv,1.0,1.0,1.0,1.0,1.0,0.10447761194029848,0.12686567164179108,0.12686567164179108,0.16417910447761197,0.16417910447761197,0.18918918918918912,0.22516556291390732,0.22516556291390732,0.2820512820512821,0.2820512820512821,
464-186-bug—€◊®º“V1.3≤‚ ‘_1470654302.csv,0.9583333333333334,0.9583333333333334,1.0,1.0,1.0,0.032258064516129004,0.032258064516129004,0.032258064516129004,0.13978494623655913,0.13978494623655913,0.062499999999999944,0.062499999999999944,0.062499999999999944,0.24398204814361485,0.24398204814361485,
471-108-bugŒÔÕ®≈‰ªı–≈œ¢≤øV1.2.0≤‚ ‘_1470654300.csv,1.0,1.0,1.0,1.0,1.0,0.03703703703703709,0.03703703703703709,0.07407407407407407,0.08333333333333337,0.08333333333333337,0.07142857142857152,0.07142857142857152,0.13793103448275862,0.15384615384615388,0.15384615384615388,
472-114-bug∞€÷∞Õ¯V1.2.1≤‚ ‘_1470654299.csv,0.875,0.875,0.875,1.0,1.0,0.03508771929824561,0.052631578947368474,0.29824561403508776,0.29824561403508776,0.29824561403508776,0.06779661016949151,0.10000000000000009,0.4448598130841122,0.4448598130841122,0.4448598130841122,
478-103-bugITCV0.0.0≤‚ ‘_1470654295.csv,1.0,1.0,1.0,1.0,1.0,0.3203883495145631,0.3786407766990292,0.3786407766990292,0.38834951456310685,0.38834951456310685,0.4852941176470588,0.5492957746478874,0.5492957746478874,0.5594405594405595,0.5594405594405595,
479-122-bug”–∏ˆ–‘V1.0.3≤‚ ‘_1470654296.csv,0.8823529411764706,0.8823529411764706,0.8823529411764706,0.8823529411764706,0.8823529411764706,0.33606557377049184,0.33606557377049184,0.34426229508196726,0.34426229508196726,0.34426229508196726,0.4867431737237831,0.4867431737237831,0.49528301886792453,0.49528301886792453,0.49528301886792453,
48-118-∞Ÿ∂»≈¥√◊6.0.2≤‚ ‘_1463737445.csv,0.9230769230769231,0.9230769230769231,0.9230769230769231,0.9230769230769231,0.9230769230769231,0.5423728813559322,0.5423728813559322,0.5932203389830508,0.5932203389830508,0.5932203389830508,0.6832740213523132,0.6832740213523132,0.7222699914015477,0.7222699914015477,0.7222699914015477,
487-111-bugº¯∂®±¶V1.0≤‚ ‘_1470654296.csv,1.0,1.0,1.0,1.0,1.0,0.3513513513513513,0.3513513513513513,0.36936936936936937,0.42342342342342343,0.42342342342342343,0.5199999999999999,0.5199999999999999,0.5394736842105263,0.5949367088607594,0.5949367088607594,
488-132-bug“◊√ÎŒ¢≈‰øÕªß∂ÀV1.0.0≤‚ ‘_1470654297.csv,0.8333333333333334,0.8333333333333334,0.8333333333333334,0.8333333333333334,0.8333333333333334,0.5454545454545454,0.5757575757575757,0.5757575757575757,0.5909090909090908,0.5909090909090908,0.6593406593406592,0.6810035842293907,0.6810035842293907,0.6914893617021276,0.6914893617021276,
499-130-bugÃ’ ¿ΩÁV1.0.1≤‚ ‘_1470654291.csv,1.0,1.0,1.0,1.0,1.0,0.3076923076923077,0.3769230769230769,0.3769230769230769,0.3846153846153846,0.3846153846153846,0.47058823529411764,0.547486033519553,0.547486033519553,0.5555555555555555,0.5555555555555555,
508-159-bug∫√‘∞«¯VV1.0.5≤‚ ‘_1470654289.csv,0.8636363636363636,0.8636363636363636,0.8636363636363636,0.8636363636363636,0.8636363636363636,0.4339622641509434,0.4339622641509434,0.4339622641509434,0.44654088050314467,0.44654088050314467,0.5776602775941838,0.5776602775941838,0.5776602775941838,0.588697359807986,0.588697359807986,
509-176-bug∫Ï–…–…V1.2≤‚ ‘_1470654287.csv,1.0,1.0,1.0,1.0,1.0,0.1477272727272727,0.18181818181818177,0.18181818181818177,0.18181818181818177,0.18181818181818177,0.2574257425742574,0.30769230769230765,0.30769230769230765,0.30769230769230765,0.30769230769230765,
521-125-bug≥« –»»œﬂV4.2≤‚ ‘_1470654282.csv,1.0,1.0,1.0,1.0,1.0,0.19999999999999996,0.20799999999999996,0.20799999999999996,0.23199999999999998,0.23199999999999998,0.33333333333333326,0.34437086092715224,0.34437086092715224,0.3766233766233766,0.3766233766233766,
527-132-bugæ£÷›–¬Œ≈V2.3.1≤‚ ‘_1470654284.csv,1.0,1.0,1.0,1.0,1.0,0.3939393939393939,0.4545454545454546,0.4545454545454546,0.4545454545454546,0.4545454545454546,0.5652173913043478,0.625,0.625,0.625,0.625,
533-166-bug÷™”Ê±¶V1.3.0≤‚ ‘_1470654279.csv,1.0,1.0,1.0,1.0,1.0,0.02409638554216864,0.02409638554216864,0.03614457831325302,0.03614457831325302,0.03614457831325302,0.04705882352941171,0.04705882352941171,0.06976744186046513,0.06976744186046513,0.06976744186046513,
541-116-bug≈”÷–ª™ È∑®V1.0≤‚ ‘_1470654277.csv,1.0,1.0,1.0,1.0,1.0,0.051724137931034475,0.06896551724137934,0.06896551724137934,0.10344827586206895,0.10344827586206895,0.0983606557377049,0.12903225806451615,0.12903225806451615,0.18749999999999997,0.18749999999999997,
543-117-bugª™ ˝œÌø¥V2.1.0≤‚ ‘_1470654279.csv,0.9285714285714286,0.9285714285714286,0.9285714285714286,0.9285714285714286,0.9285714285714286,0.23076923076923073,0.23076923076923073,0.23076923076923073,0.24786324786324787,0.24786324786324787,0.3696682464454976,0.3696682464454976,0.3696682464454976,0.3912817851582771,0.3912817851582771,
544-200-bug‘¡Õ®ø®V3.0.3≤‚ ‘_1470654280.csv,1.0,1.0,1.0,1.0,1.0,0.14500000000000002,0.14500000000000002,0.15000000000000002,0.16000000000000003,0.16000000000000003,0.2532751091703057,0.2532751091703057,0.26086956521739135,0.27586206896551724,0.27586206896551724,
557-106-bug≥…∂ºª˘≤„∆ΩÃ®V0.2.6≤‚ ‘_1470654272.csv,0.4166666666666667,0.4166666666666667,0.7083333333333334,1.0,1.0,0.16981132075471694,0.16981132075471694,0.44339622641509435,0.7452830188679245,0.7452830188679245,0.29032258064516125,0.29032258064516125,0.4086841752046888,0.5345060893098782,0.5345060893098782,
559-116-bug∂´Œ˜ÀµV1.0≤‚ ‘_1470654273.csv,1.0,1.0,1.0,1.0,1.0,0.03448275862068961,0.03448275862068961,0.06896551724137934,0.06896551724137934,0.06896551724137934,0.0666666666666666,0.0666666666666666,0.12903225806451615,0.12903225806451615,0.12903225806451615,
6-144-∞Ÿ∂»ÃÏ—€≤‚ ‘∑¥¿°_1463737257.csv,0.07692307692307693,0.07692307692307693,0.07692307692307693,0.07692307692307693,0.07692307692307693,0.75,0.75,0.7777777777777778,0.7777777777777778,0.7916666666666666,0.13953488372093026,0.13953488372093026,0.13999999999999999,0.13999999999999999,0.14022140221402213,
65-111-∂·±¶√®≤‚ ‘_1463737499.csv,0.3333333333333333,0.3333333333333333,1.0,1.0,1.0,0.18918918918918914,0.18918918918918914,0.18918918918918914,0.7837837837837838,0.7837837837837838,0.3181818181818181,0.3181818181818181,0.3181818181818181,0.467741935483871,0.467741935483871,
67-138-∑®¬…“◊≤È≤‚ ‘_1463737508.csv,0.7777777777777778,0.7777777777777778,0.7777777777777778,0.7777777777777778,1.0,0.2028985507246377,0.5942028985507246,0.5942028985507246,0.6086956521739131,0.6086956521739131,0.3373493975903615,0.6737089201877935,0.6737089201877935,0.6829268292682927,0.6829268292682927,
7-127-∞Ÿ∂» ÷ª˙Œ¿ ø∞≤»´∂Ã–≈π¶ƒ‹≤‚ ‘_1463737282.csv,1.0,1.0,1.0,1.0,1.0,0.2913385826771654,0.2913385826771654,0.2913385826771654,0.30708661417322836,0.30708661417322836,0.451219512195122,0.451219512195122,0.451219512195122,0.4698795180722892,0.4698795180722892,
72-213-ª®”—≤‚ ‘_1463737504.csv,0.9230769230769231,0.9230769230769231,0.9230769230769231,0.9230769230769231,0.9230769230769231,0.5774647887323944,0.5774647887323944,0.5774647887323944,0.5868544600938967,0.5868544600938967,0.7104693140794225,0.7104693140794225,0.7104693140794225,0.7175316909830185,0.7175316909830185,
74-230-Õ®–«∑€≤‚ ‘_1463737520.csv,0.2962962962962963,0.2962962962962963,0.8148148148148148,0.8148148148148148,1.0,0.21739130434782605,0.5695652173913044,0.5695652173913044,0.8956521739130435,0.8956521739130435,0.35714285714285704,0.4452850580924074,0.4452850580924074,0.670466441782017,0.670466441782017,
76-113-≤ÈøÏµ›≤‚ ‘_1463737513.csv,1.0,1.0,1.0,1.0,1.0,0.38053097345132747,0.4336283185840708,0.4424778761061947,0.4424778761061947,0.4424778761061947,0.5512820512820513,0.6049382716049383,0.6134969325153374,0.6134969325153374,0.6134969325153374,
81-153-worker≤‚ ‘_1463737532.csv,0.06666666666666667,0.06666666666666667,0.5333333333333333,0.5333333333333333,0.5333333333333333,0.4771241830065359,0.5294117647058824,0.5294117647058824,0.738562091503268,0.738562091503268,0.12229437229437229,0.12229437229437229,0.5036653730056058,0.5313653136531366,0.5313653136531366,
83-132-«—◊”“Ω…˙≤‚ ‘_1463737528.csv,0.6111111111111112,0.6111111111111112,0.6111111111111112,0.6111111111111112,1.0,0.015151515151515138,0.5151515151515151,0.5151515151515151,0.5909090909090908,0.5909090909090908,0.02985074626865669,0.5590433482810164,0.5590433482810164,0.6008403361344538,0.6008403361344538,
87-123-Ã˝ ¿ΩÁÃ˝ È≤‚ ‘_1463737540.csv,1.0,1.0,1.0,1.0,1.0,0.1869918699186992,0.19512195121951215,0.19512195121951215,0.2195121951219512,0.2195121951219512,0.31506849315068497,0.3265306122448979,0.3265306122448979,0.36,0.36,
89-120-“ª∆∑…≤‚ ‘_1463737536.csv,0.9411764705882353,0.9411764705882353,0.9411764705882353,0.9411764705882353,0.9411764705882353,0.4,0.4,0.4,0.4,0.41666666666666663,0.5614035087719298,0.5614035087719298,0.5614035087719298,0.5614035087719298,0.5776173285198555,
92-133-ﬂ˜∂ﬂ¿≤≤‚ ‘_1463737548.csv,0.9473684210526315,0.9473684210526315,0.9473684210526315,0.9473684210526315,0.9473684210526315,0.24812030075187974,0.2556390977443609,0.2556390977443609,0.27819548872180455,0.27819548872180455,0.39324726911618674,0.4026315789473684,0.4026315789473684,0.43009363900548925,0.43009363900548925,
93-104-ΩÒ»’≥« –≤‚ ‘_1463737550.csv,0.7857142857142857,0.7857142857142857,0.7857142857142857,1.0,1.0,0.038461538461538436,0.04807692307692313,0.46153846153846156,0.46153846153846156,0.46153846153846156,0.07407407407407403,0.09174311926605513,0.5814977973568282,0.5814977973568282,0.5814977973568282,
95-106-∞Æ≈„ª§≤‚ ‘_1463737556.csv,0.8571428571428571,0.8571428571428571,1.0,1.0,1.0,0.15094339622641506,0.15094339622641506,0.15094339622641506,0.5471698113207547,0.5471698113207547,0.2622950819672131,0.2622950819672131,0.2622950819672131,0.6679462571976967,0.6679462571976967,
97-107-Ã‘Ãÿª›≤‚ ‘_1463737552.csv,1.0,1.0,1.0,1.0,1.0,0.15887850467289721,0.15887850467289721,0.15887850467289721,0.17757009345794394,0.17757009345794394,0.27419354838709675,0.27419354838709675,0.27419354838709675,0.3015873015873016,0.3015873015873016,
98-117-øÏ¿÷¬˙“‚≈ƒ≤‚ ‘_1463737558.csv,1.0,1.0,1.0,1.0,1.0,0.3076923076923077,0.3076923076923077,0.3162393162393162,0.3162393162393162,0.3162393162393162,0.47058823529411764,0.47058823529411764,0.4805194805194805,0.4805194805194805,0.4805194805194805,
99-156-—≈Àºæ˝≤‚ ‘_1463737564.csv,0.9545454545454546,0.9545454545454546,0.9545454545454546,0.9545454545454546,0.9545454545454546,0.4807692307692307,0.4807692307692307,0.4807692307692307,0.4871794871794872,0.4871794871794872,0.6394640682095005,0.6394640682095005,0.6394640682095005,0.6451091350040421,0.6451091350040421,
