1-284-∞Ÿ∂» ÷ª˙Œ¿ øπ¶ƒ‹ÃÂ—È_1463737109.csv,0.4166666666666667,0.4166666666666667,0.4166666666666667,0.4166666666666667,0.4166666666666667,0.8028169014084507,0.8028169014084507,0.8028169014084507,0.8028169014084507,0.8169014084507042,0.548604427333975,0.548604427333975,0.548604427333975,0.548604427333975,0.5518553758325404,
101-120-ΩÒ»’ ±…–≤‚ ‘_1463737561.csv,0.8235294117647058,0.8235294117647058,0.8235294117647058,0.8235294117647058,0.8823529411764706,0.5,0.5333333333333333,0.5333333333333333,0.5333333333333333,0.5333333333333333,0.6382978723404256,0.6473988439306358,0.6473988439306358,0.6473988439306358,0.6473988439306358,
102-223-µœ–≈Õ®≤‚ ‘_1463737571.csv,0.6666666666666666,0.6666666666666666,0.6666666666666666,0.6666666666666666,0.6666666666666666,0.7488789237668161,0.7488789237668161,0.7488789237668161,0.7488789237668161,0.7488789237668161,0.7053854276663146,0.7053854276663146,0.7053854276663146,0.7053854276663146,0.7053854276663146,
106-103-ª˘ΩÀŸ¿¿2.3≤‚ ‘_1463737575.csv,0.7857142857142857,0.7857142857142857,0.7857142857142857,0.7857142857142857,1.0,0.3398058252427184,0.4563106796116505,0.4563106796116505,0.4563106796116505,0.4563106796116505,0.5072463768115942,0.5773310999441652,0.5773310999441652,0.5773310999441652,0.5773310999441652,
107-174-”≤º˛±‡¬Î≤‚ ‘_1463737567.csv,0.5833333333333334,0.5833333333333334,0.5833333333333334,0.5833333333333334,0.625,0.6781609195402298,0.6781609195402298,0.6781609195402298,0.6781609195402298,0.7011494252873562,0.6271829916476841,0.6271829916476841,0.6271829916476841,0.6271829916476841,0.6608884073672806,
108-272-”≈”≈ÀÕ“©≤‚ ‘_1463737584.csv,0.35294117647058826,0.38235294117647056,0.38235294117647056,0.38235294117647056,0.4117647058823529,0.75,0.7941176470588236,0.7941176470588236,0.7941176470588236,0.8088235294117647,0.4914370811615786,0.5161764705882352,0.5161764705882352,0.5161764705882352,0.5316455696202532,
11-117-π„∏Ê‘∆Õ∆ÀÕµ˜—–≤‚ ‘_1463737325.csv,0.4444444444444444,0.5555555555555556,0.5555555555555556,0.5555555555555556,0.5555555555555556,0.41880341880341876,0.5213675213675213,0.5213675213675213,0.5213675213675213,0.5213675213675213,0.4312431243124312,0.5379188712522045,0.5379188712522045,0.5379188712522045,0.5379188712522045,
111-241-µœ–≈Õ®≤‚ ‘∂˛_1463737590.csv,0.3333333333333333,0.4666666666666667,0.4666666666666667,0.4666666666666667,0.5,0.7178423236514523,0.7676348547717842,0.7676348547717842,0.7676348547717842,0.7842323651452282,0.46782178217821774,0.5804571940833707,0.5804571940833707,0.5804571940833707,0.5894378194207835,
112-119-ÀºŒ¨ºÚÕº≤‚ ‘_1463737602.csv,0.625,0.625,0.625,0.625,0.6875,0.4285714285714286,0.5294117647058824,0.5294117647058824,0.5294117647058824,0.5630252100840336,0.528,0.5732484076433121,0.5732484076433121,0.5732484076433121,0.5923961096374889,
113-177-Hark≤‚ ‘_1463737599.csv,0.4166666666666667,0.5,0.5,0.5,0.5,0.615819209039548,0.6836158192090396,0.6836158192090396,0.6836158192090396,0.7062146892655368,0.4970360237118103,0.5775656324582339,0.5775656324582339,0.5775656324582339,0.585480093676815,
114-119-æ©∂´Œ¢¡™≤‚ ‘_1463737617.csv,0.47058823529411764,0.47058823529411764,0.47058823529411764,0.47058823529411764,0.47058823529411764,0.5294117647058824,0.5294117647058824,0.5294117647058824,0.5294117647058824,0.5630252100840336,0.4982698961937716,0.4982698961937716,0.4982698961937716,0.4982698961937716,0.5126733620277379,
115-157-ÃÏÃÏ∫Ï∞¸≤‚ ‘_1463737606.csv,0.5294117647058824,0.5294117647058824,0.5294117647058824,0.5294117647058824,0.5882352941176471,0.5668789808917197,0.6433121019108281,0.6433121019108281,0.6433121019108281,0.6687898089171975,0.5475051264524948,0.5808306709265176,0.5808306709265176,0.5808306709265176,0.6259314456035767,
119-337-º±æ»øÏÕ®≤‚ ‘_1463737643.csv,0.30952380952380953,0.3333333333333333,0.3333333333333333,0.3333333333333333,0.40476190476190477,0.798219584569733,0.8338278931750742,0.8338278931750742,0.8338278931750742,0.8456973293768546,0.4531832915418017,0.47627118644067795,0.47627118644067795,0.47627118644067795,0.5371468843601339,
122-138-π∫ŒÔøÒ≤‚ ‘_1463737645.csv,0.5,0.6666666666666666,0.6666666666666666,0.6666666666666666,0.6666666666666666,0.5072463768115942,0.5942028985507246,0.5942028985507246,0.5942028985507246,0.6231884057971014,0.5035971223021583,0.628352490421456,0.628352490421456,0.628352490421456,0.628352490421456,
123-115-“∆∂Ø∑¢≤ºœµÕ≥Beta≤‚ ‘_1463737586.csv,0.4,0.4,0.4,0.4,0.6,0.408695652173913,0.5130434782608695,0.5130434782608695,0.5130434782608695,0.5478260869565217,0.4495238095238095,0.4495238095238095,0.4495238095238095,0.4495238095238095,0.4862068965517241,
124-326-“¬≈˙≤‚ ‘_1463737628.csv,0.35,0.425,0.425,0.425,0.525,0.7914110429447853,0.8282208588957055,0.8282208588957055,0.8282208588957055,0.8404907975460123,0.49420252512239105,0.5617427487455635,0.5617427487455635,0.5617427487455635,0.6312478154491437,
125-117-ª∞∑—÷ß∏∂Demo≤‚ ‘_1463737673.csv,0.75,0.75,0.75,0.75,0.8125,0.41880341880341876,0.5213675213675213,0.5213675213675213,0.5213675213675213,0.5213675213675213,0.5527114967462039,0.615126050420168,0.615126050420168,0.615126050420168,0.615126050420168,
127-271-365Ã‘∑ø≤‚ ‘_1463737634.csv,0.3125,0.34375,0.34375,0.34375,0.34375,0.7933579335793358,0.7933579335793358,0.7933579335793358,0.7933579335793358,0.8081180811808117,0.45071002263840293,0.4796673765338201,0.4796673765338201,0.4796673765338201,0.4796673765338201,
128-115-µ∞µ∞◊¨≤‚ ‘_1463737676.csv,0.35714285714285715,0.42857142857142855,0.42857142857142855,0.42857142857142855,0.5,0.408695652173913,0.5130434782608695,0.5130434782608695,0.5130434782608695,0.5478260869565217,0.4323953328757721,0.467018469656992,0.467018469656992,0.467018469656992,0.467018469656992,
130-136-÷’º´ ÷µÁÕ≤≤‚ ‘_1463737660.csv,0.3684210526315789,0.47368421052631576,0.47368421052631576,0.47368421052631576,0.631578947368421,0.5,0.5882352941176471,0.5882352941176471,0.5882352941176471,0.6176470588235294,0.4615384615384615,0.5247813411078717,0.5247813411078717,0.5247813411078717,0.5581395348837209,
133-141-ª√æ∂≤‚ ‘_1463737686.csv,0.7,0.7,0.7,0.7,0.7,0.5177304964539007,0.6028368794326241,0.6028368794326241,0.6028368794326241,0.6028368794326241,0.5952242283051834,0.647795318454001,0.647795318454001,0.647795318454001,0.647795318454001,
134-221-¬Ú≥µ¥Ô»À≤‚ ‘_1463737670.csv,0.375,0.4583333333333333,0.4583333333333333,0.4583333333333333,0.4583333333333333,0.7285067873303168,0.746606334841629,0.746606334841629,0.746606334841629,0.746606334841629,0.49513070220399796,0.5679862306368331,0.5679862306368331,0.5679862306368331,0.5679862306368331,
135-243-–«¡™app≤‚ ‘_1463737684.csv,0.43333333333333335,0.4666666666666667,0.4666666666666667,0.4666666666666667,0.5,0.7530864197530864,0.7695473251028806,0.7695473251028806,0.7695473251028806,0.7860082304526749,0.5501214013180714,0.5810031069684866,0.5810031069684866,0.5810031069684866,0.6112,
136-215-ºÚ√˜ÃÏ∆¯≤‚ ‘_1463737693.csv,0.4166666666666667,0.4166666666666667,0.4166666666666667,0.4166666666666667,0.4166666666666667,0.7209302325581395,0.7395348837209302,0.7395348837209302,0.7395348837209302,0.758139534883721,0.5281090289608177,0.5330204492122025,0.5330204492122025,0.5330204492122025,0.5377763114483669,
141-173-æ€¥¥≤‚ ‘_1463737689.csv,0.5217391304347826,0.5217391304347826,0.5217391304347826,0.5217391304347826,0.5652173913043478,0.653179190751445,0.676300578034682,0.676300578034682,0.676300578034682,0.699421965317919,0.5801069518716576,0.5890497168030209,0.5890497168030209,0.5890497168030209,0.6251987281399046,
142-130-hjdn≤‚ ‘_1463737703.csv,0.7222222222222222,0.7222222222222222,0.7222222222222222,0.7222222222222222,0.7222222222222222,0.5692307692307692,0.5692307692307692,0.5692307692307692,0.5692307692307692,0.5692307692307692,0.6366644606221046,0.6366644606221046,0.6366644606221046,0.6366644606221046,0.6366644606221046,
143-127-¿Û÷¶FM≤‚ ‘_1463737709.csv,0.5555555555555556,0.5555555555555556,0.5555555555555556,0.5555555555555556,0.5555555555555556,0.5275590551181102,0.5590551181102362,0.5590551181102362,0.5590551181102362,0.5590551181102362,0.5411954765751211,0.5572998430141286,0.5572998430141286,0.5572998430141286,0.5572998430141286,
145-155- ÷µÁÕ≤≤‚ ‘_1463737698.csv,0.7727272727272727,0.7727272727272727,0.7727272727272727,0.7727272727272727,0.7727272727272727,0.6387096774193548,0.6387096774193548,0.6387096774193548,0.6387096774193548,0.6387096774193548,0.6993559110741742,0.6993559110741742,0.6993559110741742,0.6993559110741742,0.6993559110741742,
146-252-ƒÒ»À≤‚ ‘_1463737707.csv,0.3548387096774194,0.3870967741935484,0.3870967741935484,0.3870967741935484,0.4838709677419355,0.7301587301587302,0.7777777777777778,0.7777777777777778,0.7777777777777778,0.7936507936507937,0.4904146232724031,0.5169230769230769,0.5169230769230769,0.5169230769230769,0.5820328975115985,
149-121-œ≤¬Ì¿≠—≈FM≤‚ ‘_1463737711.csv,0.6470588235294118,0.7647058823529411,0.7647058823529411,0.7647058823529411,0.7647058823529411,0.5371900826446281,0.5371900826446281,0.5371900826446281,0.5371900826446281,0.5702479338842975,0.6062300319488818,0.6310679611650485,0.6310679611650485,0.6310679611650485,0.6310679611650485,
150-275- Ø¡ÒÕ¯APP≤‚ ‘_1463737733.csv,0.4117647058823529,0.4411764705882353,0.4411764705882353,0.4411764705882353,0.4411764705882353,0.7527272727272727,0.7963636363636364,0.7963636363636364,0.7963636363636364,0.8109090909090909,0.532329169728141,0.5677988073632356,0.5677988073632356,0.5677988073632356,0.5677988073632356,
151-332-µ¿µ¿‘∆º›–£≤‚ ‘_1463737724.csv,0.34146341463414637,0.3902439024390244,0.3902439024390244,0.3902439024390244,0.3902439024390244,0.7951807228915663,0.8313253012048193,0.8313253012048193,0.8313253012048193,0.8433734939759037,0.4861111111111111,0.5311522732739956,0.5311522732739956,0.5311522732739956,0.5311522732739956,
154-186-BCHMS≤‚ ‘_1463737680.csv,0.34615384615384615,0.38461538461538464,0.38461538461538464,0.38461538461538464,0.4230769230769231,0.6344086021505376,0.6989247311827957,0.6989247311827957,0.6989247311827957,0.7204301075268817,0.447912273302404,0.4961832061068703,0.4961832061068703,0.4961832061068703,0.5330922242314646,
157-161-»Œ“‚«Ú≤‚ ‘_1463737744.csv,0.17391304347826086,0.17391304347826086,0.17391304347826086,0.17391304347826086,0.34782608695652173,0.577639751552795,0.6521739130434783,0.6521739130434783,0.6521739130434783,0.6521739130434783,0.2745995423340961,0.2745995423340961,0.2745995423340961,0.2745995423340961,0.434199007878611,
158-278-≥« –»¸≥µ ÷≤‚ ‘_1463737738.csv,0.45454545454545453,0.48484848484848486,0.48484848484848486,0.48484848484848486,0.48484848484848486,0.7985611510791367,0.7985611510791367,0.7985611510791367,0.7985611510791367,0.8129496402877698,0.5830753353973168,0.6033633429590624,0.6033633429590624,0.6033633429590624,0.6033633429590624,
159-158-ª˘Ω«˙œﬂÀŸ¿¿≤‚ ‘_1463737717.csv,0.42857142857142855,0.5238095238095238,0.5238095238095238,0.5238095238095238,0.5238095238095238,0.6455696202531646,0.6455696202531646,0.6455696202531646,0.6455696202531646,0.6708860759493671,0.5230263157894736,0.5783505154639176,0.5783505154639176,0.5783505154639176,0.5783505154639176,
161-270-∑ÔªÀ ”∆µbeta∞Ê_1463737748.csv,0.25806451612903225,0.25806451612903225,0.25806451612903225,0.25806451612903225,0.25806451612903225,0.7777777777777778,0.7925925925925926,0.7925925925925926,0.7925925925925926,0.8074074074074074,0.38754325259515565,0.3893563793495566,0.3893563793495566,0.3893563793495566,0.391119084996636,
162-412-Õ¯…œ∂©≤Õ»Ìº˛≤‚ ‘_1463737768.csv,0.27450980392156865,0.27450980392156865,0.27450980392156865,0.27450980392156865,0.27450980392156865,0.8640776699029127,0.8640776699029127,0.8640776699029127,0.8640776699029127,0.8737864077669903,0.41665273365657923,0.41665273365657923,0.41665273365657923,0.41665273365657923,0.41777188328912473,
163-180-æ÷¡Ïµº≤‚ ‘_1463737771.csv,0.391304347826087,0.391304347826087,0.391304347826087,0.391304347826087,0.4782608695652174,0.6222222222222222,0.6888888888888889,0.6888888888888889,0.6888888888888889,0.6888888888888889,0.49315068493150693,0.4991055456171735,0.4991055456171735,0.4991055456171735,0.5408252853380159,
164-326-«—◊”“Ω…˙≤‚ ‘_1463737777.csv,0.4,0.45,0.45,0.45,0.45,0.7914110429447853,0.8282208588957055,0.8282208588957055,0.8282208588957055,0.8404907975460123,0.5314109165808445,0.5831533477321814,0.5831533477321814,0.5831533477321814,0.5831533477321814,
167-284-–”¡÷Ã‚ø‚≤‚ ‘_1463737790.csv,0.34285714285714286,0.45714285714285713,0.45714285714285713,0.45714285714285713,0.45714285714285713,0.8028169014084507,0.8028169014084507,0.8028169014084507,0.8028169014084507,0.8169014084507042,0.48299791811242193,0.5825614819546471,0.5825614819546471,0.5825614819546471,0.5825614819546471,
168-124-µÁÃ®≤‚ ‘_1463737792.csv,0.5,0.5,0.5,0.5,0.625,0.4516129032258065,0.5483870967741935,0.5483870967741935,0.5483870967741935,0.5806451612903225,0.5230769230769231,0.5230769230769231,0.5230769230769231,0.5230769230769231,0.5714285714285714,
170-149-Domino≤‚ ‘_1463737794.csv,0.38095238095238093,0.42857142857142855,0.42857142857142855,0.42857142857142855,0.42857142857142855,0.6241610738255033,0.6241610738255033,0.6241610738255033,0.6241610738255033,0.651006711409396,0.4806441622793434,0.5081967213114754,0.5081967213114754,0.5081967213114754,0.5081967213114754,
171-290-∞ŸŒ ∞Ÿ¥≤‚ ‘_1463737762.csv,0.11764705882352941,0.20588235294117646,0.20588235294117646,0.20588235294117646,0.20588235294117646,0.7655172413793103,0.806896551724138,0.806896551724138,0.806896551724138,0.8206896551724138,0.2057933419801124,0.32805928299619463,0.32805928299619463,0.32805928299619463,0.32805928299619463,
174-330-“◊ ‘º›≤‚ ‘_1463737832.csv,0.358974358974359,0.358974358974359,0.358974358974359,0.358974358974359,0.358974358974359,0.8303030303030303,0.8303030303030303,0.8303030303030303,0.8303030303030303,0.8424242424242424,0.5012413432640794,0.5012413432640794,0.5012413432640794,0.5012413432640794,0.5034277583753719,
175-167-»¸π˚≤ªµπµ∞≤‚ ‘_1463737842.csv,0.5454545454545454,0.5909090909090909,0.5909090909090909,0.5909090909090909,0.5909090909090909,0.6646706586826348,0.6646706586826348,0.6646706586826348,0.6646706586826348,0.688622754491018,0.6087340097044551,0.6256232386733146,0.6256232386733146,0.6256232386733146,0.6256232386733146,
179-117-Ωµ∞¿Ì≤∆≤‚ ‘_1463737851.csv,0.6875,0.6875,0.6875,0.6875,0.75,0.41880341880341876,0.5213675213675213,0.5213675213675213,0.5213675213675213,0.5213675213675213,0.5374771480804388,0.5930181175430843,0.5930181175430843,0.5930181175430843,0.5930181175430843,
181-271-Õ¯¿÷ª›≤‚ ‘_1463737849.csv,0.36363636363636365,0.36363636363636365,0.36363636363636365,0.36363636363636365,0.36363636363636365,0.7933579335793358,0.7933579335793358,0.7933579335793358,0.7933579335793358,0.8081180811808117,0.4986952739924616,0.4986952739924616,0.4986952739924616,0.4986952739924616,0.5015745777268823,
183-124-œ≤¬Ì¿≠—≈FM≤‚ ‘_1463737863.csv,0.5882352941176471,0.5882352941176471,0.5882352941176471,0.5882352941176471,0.5882352941176471,0.5483870967741935,0.5483870967741935,0.5483870967741935,0.5483870967741935,0.5806451612903225,0.5676126878130217,0.5676126878130217,0.5676126878130217,0.5676126878130217,0.5844155844155843,
184-158-∂£∂£¥Ó≥µ≤‚ ‘_1463737804.csv,0.5909090909090909,0.5909090909090909,0.5909090909090909,0.5909090909090909,0.6363636363636364,0.5696202531645569,0.6455696202531646,0.6455696202531646,0.6455696202531646,0.6708860759493671,0.601145038167939,0.6170311772917636,0.6170311772917636,0.6170311772917636,0.6531690140845071,
187-289-ƒÒ»À≤‚ ‘_1463737869.csv,0.42857142857142855,0.42857142857142855,0.42857142857142855,0.42857142857142855,0.42857142857142855,0.8062283737024222,0.8062283737024222,0.8062283737024222,0.8062283737024222,0.8200692041522492,0.5596477181745396,0.5596477181745396,0.5596477181745396,0.5596477181745396,0.5629453681710214,
189-216-≈‹≈‹≤‚ ‘_1463737615.csv,0.48,0.48,0.48,0.48,0.52,0.7222222222222222,0.7407407407407407,0.7407407407407407,0.7407407407407407,0.7407407407407407,0.5825242718446602,0.5825242718446602,0.5825242718446602,0.5825242718446602,0.6046511627906976,
190-330-’∆…œPC∞Â≤‚ ‘_1463737880.csv,0.4146341463414634,0.4878048780487805,0.4878048780487805,0.4878048780487805,0.4878048780487805,0.8303030303030303,0.8303030303030303,0.8303030303030303,0.8303030303030303,0.8424242424242424,0.5557384760112887,0.6145564651788719,0.6145564651788719,0.6145564651788719,0.6145564651788719,
192-344-ÃœÃœ—≈Àºø⁄”Ô≤‚ ‘_1463737898.csv,0.18604651162790697,0.18604651162790697,0.18604651162790697,0.18604651162790697,0.32558139534883723,0.8023255813953488,0.8372093023255813,0.8372093023255813,0.8372093023255813,0.8488372093023255,0.30443974630021137,0.30443974630021137,0.30443974630021137,0.30443974630021137,0.46319827379525297,
193-114-∞Ÿ∂»Õº∆¨App4.1.3.1≤‚ ‘_1463737882.csv,0.6666666666666666,0.6666666666666666,0.6666666666666666,0.6666666666666666,1.0,0.4035087719298246,0.5087719298245614,0.5087719298245614,0.5087719298245614,0.543859649122807,0.5027322404371585,0.5771144278606964,0.5771144278606964,0.5771144278606964,0.7045454545454546,
194-317-÷Ò∂µ”˝∂˘≤‚ ‘_1463737902.csv,0.32432432432432434,0.32432432432432434,0.32432432432432434,0.32432432432432434,0.35135135135135137,0.8233438485804416,0.8233438485804416,0.8233438485804416,0.8233438485804416,0.8359621451104101,0.46534432805883663,0.46534432805883663,0.46534432805883663,0.46534432805883663,0.49475800660634783,
196-262-–°Qø∆∆’≤‚ ‘_1463737916.csv,0.5161290322580645,0.5161290322580645,0.5161290322580645,0.5161290322580645,0.5161290322580645,0.7709923664122138,0.7862595419847328,0.7862595419847328,0.7862595419847328,0.7862595419847328,0.6183279127606658,0.6231801852902249,0.6231801852902249,0.6231801852902249,0.6231801852902249,
197-306-”∞ ”¬€Ã≥Ai≤‚ ‘_1463737921.csv,0.39473684210526316,0.39473684210526316,0.39473684210526316,0.39473684210526316,0.39473684210526316,0.8169934640522876,0.8169934640522876,0.8169934640522876,0.8169934640522876,0.8169934640522876,0.532292405961675,0.532292405961675,0.532292405961675,0.532292405961675,0.532292405961675,
199-295-98œ…”Œ≤‚ ‘_1463737840.csv,0.3888888888888889,0.4444444444444444,0.4444444444444444,0.4444444444444444,0.4444444444444444,0.8101694915254237,0.8101694915254237,0.8101694915254237,0.8101694915254237,0.823728813559322,0.5283429103898121,0.5740018012608825,0.5740018012608825,0.5740018012608825,0.5740018012608825,
2-471-∞Ÿ∂»‰Ø¿¿∆˜T7≥¢œ ÃÂ—È_1463737142.csv,0.22413793103448276,0.25862068965517243,0.25862068965517243,0.25862068965517243,0.3793103448275862,0.8556263269639066,0.881104033970276,0.881104033970276,0.881104033970276,0.8895966029723992,0.3580608052588332,0.3998715272201703,0.3998715272201703,0.3998715272201703,0.5256106236661133,
200-429-º”º”‘À∂Ø≤‚ ‘_1463737892.csv,0.20833333333333334,0.22916666666666666,0.22916666666666666,0.22916666666666666,0.2916666666666667,0.8414918414918415,0.8694638694638694,0.8694638694638694,0.8694638694638694,0.8787878787878788,0.33681765389082463,0.3627281969676877,0.3627281969676877,0.3627281969676877,0.4331876232107654,
202-432-ŒﬁœﬂœÂ—Ù≤‚ ‘_1463737927.csv,0.2037037037037037,0.24074074074074073,0.24074074074074073,0.24074074074074073,0.35185185185185186,0.8425925925925926,0.8703703703703703,0.8703703703703703,0.8703703703703703,0.8796296296296297,0.3308008863564419,0.37716049382716044,0.37716049382716044,0.37716049382716044,0.49641113982199253,
203-463-◊‘”…¿Ì≤∆ ¶≤‚ ‘_1463737936.csv,0.3157894736842105,0.3508771929824561,0.3508771929824561,0.3508771929824561,0.40350877192982454,0.8531317494600432,0.8790496760259179,0.8790496760259179,0.8790496760259179,0.8876889848812095,0.46585434967412864,0.5015558088665701,0.5015558088665701,0.5015558088665701,0.5478832468942226,
204-101-Œƒº˛π‹¿Ì≤‚ ‘_1463737945.csv,0.7142857142857143,0.7857142857142857,0.7857142857142857,0.7857142857142857,0.8571428571428571,0.3267326732673267,0.4455445544554455,0.4455445544554455,0.4455445544554455,0.48514851485148514,0.4615384615384615,0.5686387133831131,0.5686387133831131,0.5686387133831131,0.6195995785036881,
205-111-bugŒƒº˛π‹¿Ì≤‚ ‘_1470654534.csv,0.6,0.6,0.6,0.6,0.6,0.49549549549549554,0.49549549549549554,0.49549549549549554,0.49549549549549554,0.49549549549549554,0.542763157894737,0.542763157894737,0.542763157894737,0.542763157894737,0.542763157894737,
212-404-æ≠≥£÷±≤•ƒ⁄≤‚∞Ê≤‚ ‘_1463737964.csv,0.3,0.32,0.32,0.32,0.42,0.8316831683168316,0.8613861386138614,0.8613861386138614,0.8613861386138614,0.8712871287128713,0.44632290786136947,0.4666443178008717,0.4666443178008717,0.4666443178008717,0.5581395348837209,
213-416-bugæ≠≥£÷±≤•ƒ⁄≤‚∞Ê≤‚ ‘_1470654528.csv,0.2549019607843137,0.2549019607843137,0.2549019607843137,0.2549019607843137,0.27450980392156865,0.8365384615384616,0.8653846153846154,0.8653846153846154,0.8653846153846154,0.875,0.3928025802070956,0.39380679905755633,0.39380679905755633,0.39380679905755633,0.4179104477611941,
214-339-bug–„…´≤‚ ‘_1470654525.csv,0.23809523809523808,0.30952380952380953,0.30952380952380953,0.30952380952380953,0.30952380952380953,0.8348082595870207,0.8348082595870207,0.8348082595870207,0.8348082595870207,0.8466076696165192,0.3716653716653716,0.4516049837353464,0.4516049837353464,0.4516049837353464,0.4516049837353464,
215-339-–„…´≤‚ ‘_1463737968.csv,0.23809523809523808,0.30952380952380953,0.30952380952380953,0.30952380952380953,0.4523809523809524,0.7994100294985251,0.8348082595870207,0.8348082595870207,0.8348082595870207,0.8466076696165192,0.3716653716653716,0.4516049837353464,0.4516049837353464,0.4516049837353464,0.5777927397183414,
216-283-¥Û∞Ôª„≤‚ ‘_1463737957.csv,0.35294117647058826,0.4411764705882353,0.4411764705882353,0.4411764705882353,0.4411764705882353,0.8021201413427562,0.8021201413427562,0.8021201413427562,0.8021201413427562,0.8162544169611308,0.4928,0.5692552035442614,0.5692552035442614,0.5692552035442614,0.5692552035442614,
217-288-bug¥Û∞Ôª„≤‚ ‘_1470654530.csv,0.3055555555555556,0.3055555555555556,0.3055555555555556,0.3055555555555556,0.3055555555555556,0.8055555555555556,0.8055555555555556,0.8055555555555556,0.8055555555555556,0.8055555555555556,0.4430555555555556,0.4430555555555556,0.4430555555555556,0.4430555555555556,0.4430555555555556,
218-103-bug∂Ò¡˙π´÷˜°™ƒÊÀ˛∑¿≤‚ ‘_1470654523.csv,0.8571428571428571,0.8571428571428571,0.8571428571428571,0.8571428571428571,0.8571428571428571,0.4563106796116505,0.4563106796116505,0.4563106796116505,0.4563106796116505,0.4563106796116505,0.5955649419218586,0.5955649419218586,0.5955649419218586,0.5955649419218586,0.5955649419218586,
219-103-∂Ò¡˙π´÷˜°™ƒÊÀ˛∑¿≤‚ ‘_1463737972.csv,0.7857142857142857,0.8571428571428571,0.8571428571428571,0.8571428571428571,0.9285714285714286,0.3398058252427184,0.4563106796116505,0.4563106796116505,0.4563106796116505,0.49514563106796117,0.49753963914707483,0.5955649419218586,0.5955649419218586,0.5955649419218586,0.607471575527883,
220-798-≈©ø∆÷˙ ÷≤‚ ‘_1463737988.csv,0.16161616161616163,0.1717171717171717,0.1717171717171717,0.1717171717171717,0.1919191919191919,0.924812030075188,0.9298245614035088,0.9298245614035088,0.9298245614035088,0.9348370927318296,0.27558818775830624,0.28989703989703985,0.28989703989703985,0.28989703989703985,0.3178726877040261,
222-304-œ≤¬Ì¿≠—≈FM≤‚ ‘_1463737999.csv,0.2647058823529412,0.2647058823529412,0.2647058823529412,0.2647058823529412,0.29411764705882354,0.8026315789473684,0.8157894736842105,0.8157894736842105,0.8157894736842105,0.8289473684210527,0.3997134670487106,0.3997134670487106,0.3997134670487106,0.3997134670487106,0.4304869442484121,
223-395-bugœ≤¬Ì¿≠—≈FM≤‚ ‘_1470654512.csv,0.21428571428571427,0.21428571428571427,0.21428571428571427,0.21428571428571427,0.23809523809523808,0.8278481012658228,0.8582278481012658,0.8582278481012658,0.8582278481012658,0.8683544303797468,0.3429438543247344,0.3429438543247344,0.3429438543247344,0.3429438543247344,0.37180910099889014,
224-426-÷«ª€ΩÃ”˝≤‚ ‘_1463737994.csv,0.32075471698113206,0.32075471698113206,0.32075471698113206,0.32075471698113206,0.37735849056603776,0.8403755868544601,0.8685446009389671,0.8685446009389671,0.8685446009389671,0.8779342723004695,0.4684939669298376,0.4684939669298376,0.4684939669298376,0.4684939669298376,0.5208409107441624,
225-426-bug÷«ª€ΩÃ”˝≤‚ ‘_1470654514.csv,0.32075471698113206,0.32075471698113206,0.32075471698113206,0.32075471698113206,0.37735849056603776,0.8403755868544601,0.8685446009389671,0.8685446009389671,0.8685446009389671,0.8779342723004695,0.4684939669298376,0.4684939669298376,0.4684939669298376,0.4684939669298376,0.5208409107441624,
226-325-÷£÷›µÿÃ˙∂˛Œ¨¬Îπ∫∆±≤‚ ‘_1463738008.csv,0.3333333333333333,0.358974358974359,0.358974358974359,0.358974358974359,0.358974358974359,0.8276923076923077,0.8276923076923077,0.8276923076923077,0.8276923076923077,0.84,0.47727272727272724,0.5007645768233494,0.5007645768233494,0.5007645768233494,0.5007645768233494,
227-325-bug÷£÷›µÿÃ˙∂˛Œ¨¬Îπ∫∆±≤‚ ‘_1470654508.csv,0.3333333333333333,0.358974358974359,0.358974358974359,0.358974358974359,0.358974358974359,0.8276923076923077,0.8276923076923077,0.8276923076923077,0.8276923076923077,0.84,0.47727272727272724,0.5007645768233494,0.5007645768233494,0.5007645768233494,0.5007645768233494,
228-244-–°∑π◊¿≤‚ ‘_1463737976.csv,0.32142857142857145,0.32142857142857145,0.32142857142857145,0.32142857142857145,0.4642857142857143,0.7213114754098361,0.7704918032786885,0.7704918032786885,0.7704918032786885,0.7704918032786885,0.45361930294906166,0.45361930294906166,0.45361930294906166,0.45361930294906166,0.5649382716049384,
229-244-bug–°∑π◊¿≤‚ ‘_1470654522.csv,0.32142857142857145,0.32142857142857145,0.32142857142857145,0.32142857142857145,0.32142857142857145,0.7704918032786885,0.7704918032786885,0.7704918032786885,0.7704918032786885,0.7868852459016393,0.45361930294906166,0.45361930294906166,0.45361930294906166,0.45361930294906166,0.45641838351822506,
230-217-bug“◊‘º∞Æ≤‚ ‘_1470654510.csv,0.6666666666666666,0.7037037037037037,0.7037037037037037,0.7037037037037037,0.7037037037037037,0.7419354838709677,0.7419354838709677,0.7419354838709677,0.7419354838709677,0.7603686635944701,0.7104413347685684,0.7223140495867768,0.7223140495867768,0.7223140495867768,0.7223140495867768,
231-217-“◊‘º∞Æ≤‚ ‘_1463738003.csv,0.6666666666666666,0.7037037037037037,0.7037037037037037,0.7037037037037037,0.7037037037037037,0.7419354838709677,0.7419354838709677,0.7419354838709677,0.7419354838709677,0.7603686635944701,0.7104413347685684,0.7223140495867768,0.7223140495867768,0.7223140495867768,0.7223140495867768,
234-175-bugJiuJiu≤‚ ‘_1470654480.csv,0.6521739130434783,0.6521739130434783,0.6521739130434783,0.6521739130434783,0.6956521739130435,0.6114285714285714,0.6799999999999999,0.6799999999999999,0.6799999999999999,0.6799999999999999,0.6508268390039916,0.6657963446475196,0.6657963446475196,0.6657963446475196,0.6657963446475196,
235-175-JiuJiu≤‚ ‘_1463738027.csv,0.6086956521739131,0.6521739130434783,0.6521739130434783,0.6521739130434783,0.6956521739130435,0.6114285714285714,0.6799999999999999,0.6799999999999999,0.6799999999999999,0.7028571428571428,0.6508268390039916,0.6657963446475196,0.6657963446475196,0.6657963446475196,0.6657963446475196,
236-561-Œ“√«“ªº“≤‚ ‘_1463738018.csv,0.17391304347826086,0.18840579710144928,0.18840579710144928,0.18840579710144928,0.18840579710144928,0.9001782531194296,0.9001782531194296,0.9001782531194296,0.9001782531194296,0.9073083778966132,0.2918787183714429,0.3115952347050169,0.3115952347050169,0.3115952347050169,0.3115952347050169,
237-562-bugŒ“√«“ªº“≤‚ ‘_1470654506.csv,0.17391304347826086,0.18840579710144928,0.18840579710144928,0.18840579710144928,0.2898550724637681,0.8790035587188612,0.900355871886121,0.900355871886121,0.900355871886121,0.9074733096085409,0.29188725139504934,0.3116058739933681,0.3116058739933681,0.3116058739933681,0.43595287472973576,
239-132-∫£µ∑Õ¯≤‚ ‘_1463738033.csv,0.7222222222222222,0.7777777777777778,0.7777777777777778,0.7777777777777778,0.8333333333333334,0.5454545454545454,0.5757575757575757,0.5757575757575757,0.5757575757575757,0.6060606060606061,0.6590621039290241,0.6616915422885572,0.6616915422885572,0.6616915422885572,0.6616915422885572,
240-132-bug∫£µ∑Õ¯≤‚ ‘_1470654473.csv,0.7222222222222222,0.7777777777777778,0.7777777777777778,0.7777777777777778,0.7777777777777778,0.5757575757575757,0.5757575757575757,0.5757575757575757,0.5757575757575757,0.6060606060606061,0.6590621039290241,0.6616915422885572,0.6616915422885572,0.6616915422885572,0.6616915422885572,
243-250-bugmalimalihome≤‚ ‘_1470654477.csv,0.45161290322580644,0.5161290322580645,0.5161290322580645,0.5161290322580645,0.5483870967741935,0.728,0.776,0.776,0.776,0.792,0.5752230753268313,0.6199320950669064,0.6199320950669064,0.6199320950669064,0.6255560048524059,
244-250-malimalihome≤‚ ‘_1463738030.csv,0.45161290322580644,0.5161290322580645,0.5161290322580645,0.5161290322580645,0.5483870967741935,0.728,0.776,0.776,0.776,0.792,0.5752230753268313,0.6199320950669064,0.6199320950669064,0.6199320950669064,0.6255560048524059,
249-222-æ¡–≈¥˚≤‚ ‘_1463738047.csv,0.5185185185185185,0.5185185185185185,0.5185185185185185,0.5185185185185185,0.5925925925925926,0.7297297297297297,0.7477477477477478,0.7477477477477478,0.7477477477477478,0.7657657657657657,0.6123847167325428,0.6123847167325428,0.6123847167325428,0.6123847167325428,0.6540499621498864,
250-222-bugæ¡–≈¥˚≤‚ ‘_1470654468.csv,0.5185185185185185,0.5185185185185185,0.5185185185185185,0.5185185185185185,0.7037037037037037,0.6936936936936937,0.7477477477477478,0.7477477477477478,0.7477477477477478,0.7477477477477478,0.6123847167325428,0.6123847167325428,0.6123847167325428,0.6123847167325428,0.6986628462273162,
251-205-aiqianbang≤‚ ‘_1463738035.csv,0.52,0.52,0.52,0.52,0.56,0.7073170731707317,0.7268292682926829,0.7268292682926829,0.7268292682926829,0.7268292682926829,0.6062597809076682,0.6062597809076682,0.6062597809076682,0.6062597809076682,0.6250962278675904,
252-205-bugaiqianbang≤‚ ‘_1470654472.csv,0.44,0.52,0.52,0.52,0.64,0.6682926829268292,0.7268292682926829,0.7268292682926829,0.7268292682926829,0.7463414634146341,0.5536184210526316,0.6062597809076682,0.6062597809076682,0.6062597809076682,0.6538404175988068,
253-372-bug∂£∂£µº”Œ≤‚ ‘_1470654471.csv,0.34782608695652173,0.41304347826086957,0.41304347826086957,0.41304347826086957,0.41304347826086957,0.8494623655913979,0.8494623655913979,0.8494623655913979,0.8494623655913979,0.8602150537634409,0.4953560371517028,0.5558229957415294,0.5558229957415294,0.5558229957415294,0.5558229957415294,
254-372-∂£∂£µº”Œ≤‚ ‘_1463738040.csv,0.41304347826086957,0.41304347826086957,0.41304347826086957,0.41304347826086957,0.4782608695652174,0.8172043010752688,0.8494623655913979,0.8494623655913979,0.8494623655913979,0.8494623655913979,0.5558229957415294,0.5558229957415294,0.5558229957415294,0.5558229957415294,0.6033922771562613,
257-133-bugø⁄¥¸π  ¬≤‚ ‘_1470654466.csv,0.5789473684210527,0.5789473684210527,0.5789473684210527,0.5789473684210527,0.631578947368421,0.4887218045112782,0.5789473684210527,0.5789473684210527,0.5789473684210527,0.5789473684210527,0.5510420346167433,0.5789473684210527,0.5789473684210527,0.5789473684210527,0.5789473684210527,
258-133-ø⁄¥¸π  ¬≤‚ ‘_1463738051.csv,0.5789473684210527,0.5789473684210527,0.5789473684210527,0.5789473684210527,0.5789473684210527,0.5789473684210527,0.5789473684210527,0.5789473684210527,0.5789473684210527,0.5789473684210527,0.5789473684210527,0.5789473684210527,0.5789473684210527,0.5789473684210527,0.5789473684210527,
261-195-–°µ∂ª„≤‚ ‘_1463738056.csv,0.4444444444444444,0.5185185185185185,0.5185185185185185,0.5185185185185185,0.6296296296296297,0.6512820512820513,0.7128205128205128,0.7128205128205128,0.7128205128205128,0.7333333333333334,0.5534591194968553,0.6003393490667901,0.6003393490667901,0.6003393490667901,0.6402728351126928,
262-197-bug–°µ∂ª„≤‚ ‘_1470654465.csv,0.42857142857142855,0.42857142857142855,0.42857142857142855,0.42857142857142855,0.6071428571428571,0.6548223350253808,0.7157360406091371,0.7157360406091371,0.7157360406091371,0.7360406091370558,0.5361216730038022,0.5361216730038022,0.5361216730038022,0.5361216730038022,0.6300818847866687,
263-212-bugÿ¬∏‚≤‚ ‘_1470654464.csv,0.46153846153846156,0.46153846153846156,0.46153846153846156,0.46153846153846156,0.5769230769230769,0.679245283018868,0.7358490566037736,0.7358490566037736,0.7358490566037736,0.7547169811320755,0.5672727272727273,0.5672727272727273,0.5672727272727273,0.5672727272727273,0.6285072951739618,
264-212-ÿ¬∏‚≤‚ ‘_1463738058.csv,0.46153846153846156,0.46153846153846156,0.46153846153846156,0.46153846153846156,0.5769230769230769,0.679245283018868,0.7358490566037736,0.7358490566037736,0.7358490566037736,0.7547169811320755,0.5672727272727273,0.5672727272727273,0.5672727272727273,0.5672727272727273,0.6285072951739618,
267-194-bug≥µ∞¢∏Á£®”√ªß∂À£©≤‚ ‘_1470654466.csv,0.6296296296296297,0.6296296296296297,0.6296296296296297,0.6296296296296297,0.6296296296296297,0.711340206185567,0.711340206185567,0.711340206185567,0.711340206185567,0.711340206185567,0.6679954441913439,0.6679954441913439,0.6679954441913439,0.6679954441913439,0.6679954441913439,
268-194-≥µ∞¢∏Á£®”√ªß∂À£©≤‚ ‘_1463738053.csv,0.6296296296296297,0.6296296296296297,0.6296296296296297,0.6296296296296297,0.6296296296296297,0.6907216494845361,0.711340206185567,0.711340206185567,0.711340206185567,0.711340206185567,0.6587622903412378,0.6679954441913439,0.6679954441913439,0.6679954441913439,0.6679954441913439,
273-146-ª∆πœ≤‚ ‘_1463738063.csv,0.25,0.25,0.25,0.25,0.3,0.6164383561643836,0.6164383561643836,0.6164383561643836,0.6164383561643836,0.6438356164383562,0.3557312252964427,0.3557312252964427,0.3557312252964427,0.3557312252964427,0.40928882438316405,
274-149-bugª∆πœ≤‚ ‘_1470654456.csv,0.2857142857142857,0.2857142857142857,0.2857142857142857,0.2857142857142857,0.3333333333333333,0.6241610738255033,0.6241610738255033,0.6241610738255033,0.6241610738255033,0.651006711409396,0.39199157007376184,0.39199157007376184,0.39199157007376184,0.39199157007376184,0.4409090909090909,
275-261-bugÃ‘∂˛ ÷≤‚ ‘_1470654455.csv,0.4375,0.4375,0.4375,0.4375,0.4375,0.7854406130268199,0.7854406130268199,0.7854406130268199,0.7854406130268199,0.7854406130268199,0.5619737615038183,0.5619737615038183,0.5619737615038183,0.5619737615038183,0.5619737615038183,
276-261-Ã‘∂˛ ÷≤‚ ‘_1463738066.csv,0.40625,0.4375,0.4375,0.4375,0.5,0.7701149425287357,0.7854406130268199,0.7854406130268199,0.7854406130268199,0.8007662835249042,0.5390338260093244,0.5619737615038183,0.5619737615038183,0.5619737615038183,0.6063348416289593,
277-262-3Dsousou≤‚ ‘_1463738072.csv,0.375,0.375,0.375,0.375,0.375,0.7862595419847328,0.7862595419847328,0.7862595419847328,0.7862595419847328,0.7862595419847328,0.5078060805258833,0.5078060805258833,0.5078060805258833,0.5078060805258833,0.5078060805258833,
278-262-bug3Dsousou≤‚ ‘_1470654452.csv,0.28125,0.375,0.375,0.375,0.53125,0.7404580152671756,0.7862595419847328,0.7862595419847328,0.7862595419847328,0.8015267175572519,0.4163912756113682,0.5078060805258833,0.5078060805258833,0.5078060805258833,0.6186456574751454,
283-184-∫£µ∑Õ¯≤‚ ‘_1463738074.csv,0.4230769230769231,0.5,0.5,0.5,0.5769230769230769,0.6304347826086957,0.6956521739130435,0.6956521739130435,0.6956521739130435,0.7173913043478262,0.5063492063492063,0.5818181818181818,0.5818181818181818,0.5818181818181818,0.6395348837209303,
284-184-bug∫£µ∑Õ¯≤‚ ‘_1470654451.csv,0.4230769230769231,0.5,0.5,0.5,0.5769230769230769,0.6304347826086957,0.6956521739130435,0.6956521739130435,0.6956521739130435,0.7173913043478262,0.5063492063492063,0.5818181818181818,0.5818181818181818,0.5818181818181818,0.6395348837209303,
285-116-bug÷©÷ÎÕ¯app≤‚ ‘_1470654446.csv,0.7333333333333333,0.7333333333333333,0.7333333333333333,0.7333333333333333,0.7333333333333333,0.5172413793103448,0.5172413793103448,0.5172413793103448,0.5172413793103448,0.5172413793103448,0.6066176470588234,0.6066176470588234,0.6066176470588234,0.6066176470588234,0.6066176470588234,
286-116-÷©÷ÎÕ¯app≤‚ ‘_1463738077.csv,0.7333333333333333,0.7333333333333333,0.7333333333333333,0.7333333333333333,0.7333333333333333,0.4137931034482759,0.5172413793103448,0.5172413793103448,0.5172413793103448,0.5517241379310345,0.5290581162324649,0.6066176470588234,0.6066176470588234,0.6066176470588234,0.629695885509839,
29-150-–°∞◊”√≥µ_1463737383.csv,0.5238095238095238,0.5238095238095238,0.5238095238095238,0.5238095238095238,0.5238095238095238,0.6266666666666667,0.6266666666666667,0.6266666666666667,0.6266666666666667,0.6266666666666667,0.5706401766004415,0.5706401766004415,0.5706401766004415,0.5706401766004415,0.5706401766004415,
293-143-bug“ª∂»√€≤‚ ‘_1470654434.csv,0.85,0.85,0.85,0.85,0.85,0.6083916083916083,0.6083916083916083,0.6083916083916083,0.6083916083916083,0.6083916083916083,0.7091824502517381,0.7091824502517381,0.7091824502517381,0.7091824502517381,0.7091824502517381,
294-143-“ª∂»√€≤‚ ‘_1463738084.csv,0.85,0.85,0.85,0.85,0.85,0.6083916083916083,0.6083916083916083,0.6083916083916083,0.6083916083916083,0.6083916083916083,0.7091824502517381,0.7091824502517381,0.7091824502517381,0.7091824502517381,0.7091824502517381,
295-128-bug≥µµ‰APP≤‚ ‘_1470654436.csv,0.5333333333333333,0.6666666666666666,0.6666666666666666,0.6666666666666666,0.6666666666666666,0.46875,0.5625,0.5625,0.5625,0.5625,0.49896049896049904,0.6101694915254238,0.6101694915254238,0.6101694915254238,0.6101694915254238,
296-128-≥µµ‰APP≤‚ ‘_1463738082.csv,0.5333333333333333,0.6666666666666666,0.6666666666666666,0.6666666666666666,0.6666666666666666,0.46875,0.5625,0.5625,0.5625,0.5625,0.49896049896049904,0.6101694915254238,0.6101694915254238,0.6101694915254238,0.6101694915254238,
299-197-bug√øøÃºÊ÷∞≤‚ ‘_1470654441.csv,0.5357142857142857,0.6428571428571429,0.6428571428571429,0.6428571428571429,0.6428571428571429,0.6548223350253808,0.7157360406091371,0.7157360406091371,0.7157360406091371,0.7360406091370558,0.6200997861724875,0.6773418734987992,0.6773418734987992,0.6773418734987992,0.6773418734987992,
3-145- ÷ª˙Œ¿ ø∂Ã–≈π¶ƒ‹_1463737156.csv,0.65,0.65,0.65,0.65,0.85,0.5310344827586206,0.6137931034482759,0.6137931034482759,0.6137931034482759,0.6413793103448275,0.6313778990450205,0.6313778990450205,0.6313778990450205,0.6313778990450205,0.6580645161290323,
300-197-√øøÃºÊ÷∞≤‚ ‘_1463738080.csv,0.5357142857142857,0.6428571428571429,0.6428571428571429,0.6428571428571429,0.6428571428571429,0.7157360406091371,0.7157360406091371,0.7157360406091371,0.7157360406091371,0.7360406091370558,0.6200997861724875,0.6773418734987992,0.6773418734987992,0.6773418734987992,0.6773418734987992,
307-137-UONE_1463738088.csv,0.2777777777777778,0.3333333333333333,0.3333333333333333,0.3333333333333333,0.3333333333333333,0.5036496350364963,0.5912408759124088,0.5912408759124088,0.5912408759124088,0.6204379562043796,0.35806953814218995,0.42631578947368426,0.42631578947368426,0.42631578947368426,0.43367346938775514,
308-137-bugUONE_1470654431.csv,0.3333333333333333,0.3333333333333333,0.3333333333333333,0.3333333333333333,0.3333333333333333,0.5912408759124088,0.5912408759124088,0.5912408759124088,0.5912408759124088,0.6204379562043796,0.42631578947368426,0.42631578947368426,0.42631578947368426,0.42631578947368426,0.43367346938775514,
309-170-ÀΩ»À∑…––≤‚ ‘_1463738093.csv,0.6521739130434783,0.6521739130434783,0.6521739130434783,0.6521739130434783,0.6521739130434783,0.6470588235294117,0.6705882352941177,0.6705882352941177,0.6705882352941177,0.6705882352941177,0.6496062992125984,0.6612529002320185,0.6612529002320185,0.6612529002320185,0.6612529002320185,
310-170-bugÀΩ»À∑…––≤‚ ‘_1470654421.csv,0.5217391304347826,0.6521739130434783,0.6521739130434783,0.6521739130434783,0.6521739130434783,0.6705882352941177,0.6705882352941177,0.6705882352941177,0.6705882352941177,0.6941176470588235,0.5957088767353808,0.6612529002320185,0.6612529002320185,0.6612529002320185,0.6612529002320185,
311-185-bug…Á«¯ª€…˙ªÓ≤‚ ‘_1470654424.csv,0.48,0.56,0.56,0.56,0.72,0.6324324324324324,0.6972972972972973,0.6972972972972973,0.6972972972972973,0.7189189189189189,0.575653742110009,0.621152192605331,0.621152192605331,0.621152192605331,0.6733812949640288,
312-185-…Á«¯ª€…˙ªÓ≤‚ ‘_1463738091.csv,0.48,0.56,0.56,0.56,0.72,0.6324324324324324,0.6972972972972973,0.6972972972972973,0.6972972972972973,0.7189189189189189,0.575653742110009,0.621152192605331,0.621152192605331,0.621152192605331,0.6733812949640288,
315-119-√»≥Ë¥Ô»À≤‚ ‘_1463738095.csv,0.5882352941176471,0.5882352941176471,0.5882352941176471,0.5882352941176471,0.7647058823529411,0.4957983193277311,0.5294117647058824,0.5294117647058824,0.5294117647058824,0.5630252100840336,0.5572755417956656,0.5572755417956656,0.5572755417956656,0.5572755417956656,0.6485480268056589,
316-119-bug√»≥Ë¥Ô»À≤‚ ‘_1470654419.csv,0.5882352941176471,0.5882352941176471,0.5882352941176471,0.5882352941176471,0.7647058823529411,0.4957983193277311,0.5294117647058824,0.5294117647058824,0.5294117647058824,0.5630252100840336,0.5572755417956656,0.5572755417956656,0.5572755417956656,0.5572755417956656,0.6485480268056589,
317-131-ª™∆Û∞Ô≤‚ ‘_1463738098.csv,0.7222222222222222,0.7777777777777778,0.7777777777777778,0.7777777777777778,0.7777777777777778,0.48091603053435117,0.5725190839694656,0.5725190839694656,0.5725190839694656,0.5725190839694656,0.5773704617553754,0.6595477386934673,0.6595477386934673,0.6595477386934673,0.6595477386934673,
318-131-bugª™∆Û∞Ô≤‚ ‘_1470654417.csv,0.7777777777777778,0.7777777777777778,0.7777777777777778,0.7777777777777778,0.8333333333333334,0.5725190839694656,0.5725190839694656,0.5725190839694656,0.5725190839694656,0.6030534351145038,0.6595477386934673,0.6595477386934673,0.6595477386934673,0.6595477386934673,0.6997342781222322,
319-197-∞Ÿ“∂–°≥…≤‚ ‘_1463738097.csv,0.5,0.5357142857142857,0.5357142857142857,0.5357142857142857,0.5357142857142857,0.6954314720812182,0.7157360406091371,0.7157360406091371,0.7157360406091371,0.7157360406091371,0.5817409766454352,0.6127770534550196,0.6127770534550196,0.6127770534550196,0.6127770534550196,
320-197-bug∞Ÿ“∂–°≥…≤‚ ‘_1470654418.csv,0.5,0.5357142857142857,0.5357142857142857,0.5357142857142857,0.5357142857142857,0.6548223350253808,0.7157360406091371,0.7157360406091371,0.7157360406091371,0.7360406091370558,0.567032967032967,0.6127770534550196,0.6127770534550196,0.6127770534550196,0.6127770534550196,
321-129-”––ΩøÏ∑√≤‚ ‘_1463738103.csv,0.6,0.6,0.6,0.6,0.7,0.5348837209302326,0.5658914728682171,0.5658914728682171,0.5658914728682171,0.5968992248062015,0.5824468085106382,0.5824468085106382,0.5824468085106382,0.5824468085106382,0.6064030131826743,
322-129-bug”––ΩøÏ∑√≤‚ ‘_1470654415.csv,0.6,0.6,0.6,0.6,0.8,0.4728682170542635,0.5658914728682171,0.5658914728682171,0.5658914728682171,0.5968992248062015,0.5824468085106382,0.5824468085106382,0.5824468085106382,0.5824468085106382,0.5984455958549223,
325-231- ˝”¢≤‚ ‘_1463738102.csv,0.4074074074074074,0.4444444444444444,0.4444444444444444,0.4444444444444444,0.48148148148148145,0.7402597402597403,0.7575757575757576,0.7575757575757576,0.7575757575757576,0.7748917748917749,0.5340385136967725,0.5602240896358543,0.5602240896358543,0.5602240896358543,0.5834645669291338,
326-231-bug ˝”¢≤‚ ‘_1470654415.csv,0.4444444444444444,0.4444444444444444,0.4444444444444444,0.4444444444444444,0.48148148148148145,0.7402597402597403,0.7575757575757576,0.7575757575757576,0.7575757575757576,0.7575757575757576,0.5602240896358543,0.5602240896358543,0.5602240896358543,0.5602240896358543,0.5834645669291338,
327-239-∂Ø∆¿¥≤‚ ‘_1463738068.csv,0.4827586206896552,0.5172413793103449,0.5172413793103449,0.5172413793103449,0.5172413793103449,0.7154811715481171,0.7656903765690377,0.7656903765690377,0.7656903765690377,0.7656903765690377,0.5765201685731487,0.6174089068825911,0.6174089068825911,0.6174089068825911,0.6174089068825911,
328-239-bug∂Ø∆¿¥≤‚ ‘_1470654454.csv,0.4827586206896552,0.5172413793103449,0.5172413793103449,0.5172413793103449,0.5172413793103449,0.7154811715481171,0.7656903765690377,0.7656903765690377,0.7656903765690377,0.7656903765690377,0.5765201685731487,0.6174089068825911,0.6174089068825911,0.6174089068825911,0.6174089068825911,
329-102-bug–°Àµ‘ƒ∂¡Õ¯V1.0.8≤‚ ‘_1470654414.csv,0.7142857142857143,0.7142857142857143,0.7142857142857143,0.7142857142857143,0.7142857142857143,0.4509803921568627,0.4509803921568627,0.4509803921568627,0.4509803921568627,0.4509803921568627,0.5528846153846154,0.5528846153846154,0.5528846153846154,0.5528846153846154,0.5528846153846154,
330-102-–°Àµ‘ƒ∂¡Õ¯V1.0.8≤‚ ‘_1463738106.csv,0.7142857142857143,0.7142857142857143,0.7142857142857143,0.7142857142857143,0.7857142857142857,0.33333333333333337,0.4509803921568627,0.4509803921568627,0.4509803921568627,0.4509803921568627,0.46808510638297873,0.5528846153846154,0.5528846153846154,0.5528846153846154,0.5528846153846154,
336-179-bugRulane SportV1.2.8≤‚ ‘_1470654410.csv,0.2608695652173913,0.2608695652173913,0.2608695652173913,0.2608695652173913,0.43478260869565216,0.6201117318435754,0.6871508379888268,0.6871508379888268,0.6871508379888268,0.7094972067039106,0.37817063797079176,0.37817063797079176,0.37817063797079176,0.37817063797079176,0.5111673958093483,
337-255-bug4399”Œœ∑∫–V3.3≤‚ ‘_1470654412.csv,0.26666666666666666,0.36666666666666664,0.36666666666666664,0.36666666666666664,0.36666666666666664,0.7803921568627451,0.7803921568627451,0.7803921568627451,0.7803921568627451,0.7960784313725491,0.39950799507995083,0.4989173789173789,0.4989173789173789,0.4989173789173789,0.4989173789173789,
338-315-bug¡⁄¡⁄V1.3.4 build≤‚ ‘_1470654409.csv,0.2702702702702703,0.2972972972972973,0.2972972972972973,0.2972972972972973,0.2972972972972973,0.8222222222222222,0.8222222222222222,0.8222222222222222,0.8222222222222222,0.834920634920635,0.40835338871205656,0.4366952789699571,0.4366952789699571,0.4366952789699571,0.4366952789699571,
339-308-bugWhatchAppV1.0≤‚ ‘_1470654408.csv,0.39473684210526316,0.4473684210526316,0.4473684210526316,0.4473684210526316,0.4473684210526316,0.7792207792207793,0.8181818181818181,0.8181818181818181,0.8181818181818181,0.8311688311688312,0.5352662391971007,0.5784499054820416,0.5784499054820416,0.5784499054820416,0.5784499054820416,
340-266-bug∞¸Õ∑”≈…˙ªÓV1.20.160426≤‚ ‘_1470654405.csv,0.1875,0.21875,0.21875,0.21875,0.28125,0.7443609022556391,0.7894736842105263,0.7894736842105263,0.7894736842105263,0.8045112781954887,0.30412126954050217,0.3425774877650897,0.3425774877650897,0.3425774877650897,0.4126418873803694,
343-115-bug100◊¨V1.4≤‚ ‘_1470654401.csv,0.6875,0.75,0.75,0.75,0.75,0.408695652173913,0.5130434782608695,0.5130434782608695,0.5130434782608695,0.5130434782608695,0.5126425384234011,0.6092943201376936,0.6092943201376936,0.6092943201376936,0.6092943201376936,
346-214-bug–ÏÀÆ»¶V1.0.160419≤‚ ‘_1470654402.csv,0.36,0.44,0.44,0.44,0.44,0.7383177570093458,0.7383177570093458,0.7383177570093458,0.7383177570093458,0.7570093457943925,0.4879518072289156,0.5513959390862945,0.5513959390862945,0.5513959390862945,0.5513959390862945,
347-370-bug÷∏º‚¥Û—ß≤‚ ‘_1470654404.csv,0.41304347826086957,0.41304347826086957,0.41304347826086957,0.41304347826086957,0.41304347826086957,0.8486486486486486,0.8486486486486486,0.8486486486486486,0.8486486486486486,0.8486486486486486,0.5556486914408122,0.5556486914408122,0.5556486914408122,0.5556486914408122,0.5556486914408122,
348-467-bug”—∑˛…Ã≥«V1.0≤‚ ‘_1470654398.csv,0.15517241379310345,0.1896551724137931,0.1896551724137931,0.1896551724137931,0.1896551724137931,0.854389721627409,0.880085653104925,0.880085653104925,0.880085653104925,0.8886509635974305,0.2626439934174438,0.3120621225194133,0.3120621225194133,0.3120621225194133,0.3120621225194133,
349-195-bug”≈”∆–£‘∞V2.1.0.2628≤‚ ‘_1470654399.csv,0.12,0.12,0.12,0.12,0.12,0.7128205128205128,0.7128205128205128,0.7128205128205128,0.7128205128205128,0.7333333333333334,0.20541871921182264,0.20541871921182264,0.20541871921182264,0.20541871921182264,0.20625000000000002,
350-324-bugdr.wineV3.1.2≤‚ ‘_1470654390.csv,0.075,0.1,0.1,0.1,0.15,0.8148148148148149,0.8271604938271605,0.8271604938271605,0.8271604938271605,0.8395061728395061,0.13735691987513007,0.17842876165113183,0.17842876165113183,0.17842876165113183,0.2545227698066126,
351-123-bugFolderExplorerV1.0≤‚ ‘_1470654387.csv,0.5882352941176471,0.5882352941176471,0.5882352941176471,0.5882352941176471,0.5882352941176471,0.5447154471544715,0.5447154471544715,0.5447154471544715,0.5447154471544715,0.5772357723577235,0.5656395103419165,0.5656395103419165,0.5656395103419165,0.5656395103419165,0.5826836274107509,
356-105-bug–“‘À‘∆π∫V0.1.0≤‚ ‘_1470654372.csv,0.7333333333333333,0.7333333333333333,0.7333333333333333,0.7333333333333333,0.8,0.35238095238095235,0.4666666666666667,0.4666666666666667,0.4666666666666667,0.4666666666666667,0.48925619834710743,0.5703703703703704,0.5703703703703704,0.5703703703703704,0.5703703703703704,
357-134-bug÷˛“ΩÃ®V1.2≤‚ ‘_1470654365.csv,0.3157894736842105,0.42105263157894735,0.42105263157894735,0.42105263157894735,0.5789473684210527,0.4925373134328358,0.582089552238806,0.582089552238806,0.582089552238806,0.6119402985074627,0.41659610499576627,0.48864526233359434,0.48864526233359434,0.48864526233359434,0.532258064516129,
360-277-bug—∞µΩ±¶V1.0.0≤‚ ‘_1470654368.csv,0.38235294117647056,0.4411764705882353,0.4411764705882353,0.4411764705882353,0.5294117647058824,0.7545126353790614,0.7978339350180506,0.7978339350180506,0.7978339350180506,0.8122743682310469,0.5199537818860546,0.5681720798697404,0.5681720798697404,0.5681720798697404,0.6222295732715846,
361-155-bugµ¬≥…¥˚V1.0≤‚ ‘_1470654375.csv,0.5454545454545454,0.5454545454545454,0.5454545454545454,0.5454545454545454,0.5909090909090909,0.5612903225806452,0.6387096774193548,0.6387096774193548,0.6387096774193548,0.6645161290322581,0.5757190124713667,0.588410104011887,0.588410104011887,0.588410104011887,0.5991274842462433,
362-172-bug“ª±»∑÷V1.1.0≤‚ ‘_1470654365.csv,0.43478260869565216,0.43478260869565216,0.43478260869565216,0.43478260869565216,0.43478260869565216,0.6511627906976745,0.6744186046511628,0.6744186046511628,0.6744186046511628,0.6976744186046512,0.521415270018622,0.5287146763901549,0.5287146763901549,0.5287146763901549,0.5357142857142857,
366-206-bugÕ®¡…±Ãπ‘∞V2.07.160526≤‚ ‘_1470654364.csv,0.25,0.25,0.25,0.25,0.3333333333333333,0.6699029126213591,0.7281553398058253,0.7281553398058253,0.7281553398058253,0.7475728155339806,0.37220843672456577,0.37220843672456577,0.37220843672456577,0.37220843672456577,0.4451612903225806,
377-132-bug ¿ºÕø™‘™V1.0≤‚ ‘_1470654361.csv,0.47058823529411764,0.5882352941176471,0.5882352941176471,0.5882352941176471,0.5882352941176471,0.5454545454545454,0.5757575757575757,0.5757575757575757,0.5757575757575757,0.6060606060606061,0.5298013245033113,0.5819295558958651,0.5819295558958651,0.5819295558958651,0.5819295558958651,
382-101-bug≥ˆ”Œ±¶V0.9.2≤‚ ‘_1470654358.csv,0.08333333333333333,0.08333333333333333,0.08333333333333333,0.08333333333333333,0.75,0.3267326732673267,0.4455445544554455,0.4455445544554455,0.4455445544554455,0.4455445544554455,0.14040561622464895,0.14040561622464895,0.14040561622464895,0.14040561622464895,0.4645161290322581,
383-112-bug––÷™±¶V1.6.6≤‚ ‘_1470654355.csv,0.625,0.625,0.625,0.625,0.625,0.5,0.5,0.5,0.5,0.5,0.5555555555555556,0.5555555555555556,0.5555555555555556,0.5555555555555556,0.5555555555555556,
389-141-bug∫√…∆¿÷π∫V2.1.0≤‚ ‘_1470654354.csv,0.5,0.6,0.6,0.6,0.6,0.6028368794326241,0.6028368794326241,0.6028368794326241,0.6028368794326241,0.6312056737588653,0.5579937304075235,0.6014150943396226,0.6014150943396226,0.6014150943396226,0.6014150943396226,
397-149-bug∆Ê∫√‘∆±¶V1.0.0≤‚ ‘_1470654352.csv,0.2,0.2,0.2,0.2,0.35,0.5973154362416108,0.6241610738255033,0.6241610738255033,0.6241610738255033,0.6241610738255033,0.3029315960912052,0.3029315960912052,0.3029315960912052,0.3029315960912052,0.44137442437123625,
4-399-∞Ÿ∂»‰Ø¿¿∆˜T7≥¢œ ∞Êµ⁄∂˛¬÷≤‚ ‘¿¥œÆ_1463737217.csv,0.2765957446808511,0.2765957446808511,0.2765957446808511,0.2765957446808511,0.2978723404255319,0.8295739348370927,0.8596491228070176,0.8596491228070176,0.8596491228070176,0.8696741854636592,0.4185282522996058,0.4185282522996058,0.4185282522996058,0.4185282522996058,0.4437542817994976,
403-197-bugµ„∞Ô∞Ô≤‚ ‘_1470654349.csv,0.2962962962962963,0.3333333333333333,0.3333333333333333,0.3333333333333333,0.3333333333333333,0.7157360406091371,0.7157360406091371,0.7157360406091371,0.7157360406091371,0.7360406091370558,0.4225095610999817,0.45483870967741935,0.45483870967741935,0.45483870967741935,0.45483870967741935,
404-270-bug√≈’Ô¥ÛÃ¸V2.6.5≤‚ ‘_1470654351.csv,0.15151515151515152,0.2727272727272727,0.2727272727272727,0.2727272727272727,0.2727272727272727,0.7407407407407407,0.7407407407407407,0.7407407407407407,0.7407407407407407,0.7592592592592593,0.2526186075169439,0.3986710963455149,0.3986710963455149,0.3986710963455149,0.3986710963455149,
42-129-”≈∑ø”≈≈…≤‚ ‘_1463737427.csv,0.7222222222222222,0.7777777777777778,0.7777777777777778,0.7777777777777778,0.7777777777777778,0.4728682170542635,0.5658914728682171,0.5658914728682171,0.5658914728682171,0.5968992248062015,0.5881542699724518,0.6551282051282051,0.6551282051282051,0.6551282051282051,0.6551282051282051,
426-122-bug∂˛æ∆Õ¯V1.0≤‚ ‘_1470654340.csv,0.5,0.5625,0.5625,0.5625,0.625,0.4426229508196722,0.540983606557377,0.540983606557377,0.540983606557377,0.5737704918032787,0.5182341650671785,0.5515320334261838,0.5515320334261838,0.5515320334261838,0.5515320334261838,
427-157-bug∆ﬂ≤ ¿÷æ”V1.1≤‚ ‘_1470654346.csv,0.4090909090909091,0.45454545454545453,0.45454545454545453,0.45454545454545453,0.45454545454545453,0.6433121019108281,0.6433121019108281,0.6433121019108281,0.6433121019108281,0.6687898089171975,0.5076551168412571,0.5327004219409283,0.5327004219409283,0.5327004219409283,0.5327004219409283,
441-113-bug‘∆∞Èƒ∏”§V3.6.0≤‚ ‘_1470654337.csv,0.26666666666666666,0.26666666666666666,0.26666666666666666,0.26666666666666666,0.6,0.3982300884955752,0.504424778761062,0.504424778761062,0.504424778761062,0.504424778761062,0.3488905891354246,0.3488905891354246,0.3488905891354246,0.3488905891354246,0.4787234042553191,
442-124-bug…œ∫£»˝≈©»»œﬂV1.0≤‚ ‘_1470654332.csv,0.375,0.375,0.375,0.375,0.75,0.4516129032258065,0.5483870967741935,0.5483870967741935,0.5483870967741935,0.5483870967741935,0.44541484716157204,0.44541484716157204,0.44541484716157204,0.44541484716157204,0.563758389261745,
443-131-bugÓ¯º◊÷˙ ÷V1.0≤‚ ‘_1470654323.csv,0.4444444444444444,0.5,0.5,0.5,0.5,0.5725190839694656,0.5725190839694656,0.5725190839694656,0.5725190839694656,0.6030534351145038,0.5117408906882591,0.5338078291814946,0.5338078291814946,0.5338078291814946,0.5338078291814946,
449-101-bugœÊ√Œπ∫…Ãº“V1.1.1≤‚ ‘_1470654326.csv,0.6428571428571429,0.7857142857142857,0.7857142857142857,0.7857142857142857,0.7857142857142857,0.3267326732673267,0.4455445544554455,0.4455445544554455,0.4455445544554455,0.48514851485148514,0.4615384615384615,0.5686387133831131,0.5686387133831131,0.5686387133831131,0.5686387133831131,
450-101-bugÃÏ”ÚÃÏ∆¯V1.0≤‚ ‘_1470654313.csv,0.5,0.6666666666666666,0.6666666666666666,0.6666666666666666,0.75,0.3267326732673267,0.4455445544554455,0.4455445544554455,0.4455445544554455,0.48514851485148514,0.45517241379310347,0.5341246290801187,0.5341246290801187,0.5341246290801187,0.5341246290801187,
451-109-bug’∆…œ110V1.0.0≤‚ ‘_1470654321.csv,0.6,0.6,0.6,0.6,0.6,0.4862385321100917,0.4862385321100917,0.4862385321100917,0.4862385321100917,0.5229357798165137,0.5371621621621621,0.5371621621621621,0.5371621621621621,0.5371621621621621,0.5588235294117647,
452-126-bug‡À…˘V1.3.0≤‚ ‘_1470654315.csv,0.5,0.5,0.5,0.5,0.6111111111111112,0.46031746031746035,0.5555555555555556,0.5555555555555556,0.5555555555555556,0.5555555555555556,0.5251028806584362,0.5263157894736842,0.5263157894736842,0.5263157894736842,0.5263157894736842,
456-103-bug¥¥ª›“◊π∫V0.0.2≤‚ ‘_1470654304.csv,0.5,0.6428571428571429,0.6428571428571429,0.6428571428571429,0.6428571428571429,0.3398058252427184,0.4563106796116505,0.4563106796116505,0.4563106796116505,0.49514563106796117,0.44460127028934365,0.5337539432176656,0.5337539432176656,0.5337539432176656,0.5337539432176656,
457-134-bug∫Õ“◊…˙ªÓV2.0.4≤‚ ‘_1470654307.csv,0.4444444444444444,0.5555555555555556,0.5555555555555556,0.5555555555555556,0.5555555555555556,0.4925373134328358,0.582089552238806,0.582089552238806,0.582089552238806,0.6119402985074627,0.49624060150375937,0.5685131195335278,0.5685131195335278,0.5685131195335278,0.5685131195335278,
464-186-bug—€◊®º“V1.3≤‚ ‘_1470654302.csv,0.041666666666666664,0.2916666666666667,0.2916666666666667,0.2916666666666667,0.2916666666666667,0.6236559139784946,0.6236559139784946,0.6236559139784946,0.6236559139784946,0.6774193548387097,0.07850467289719626,0.3974547234459129,0.3974547234459129,0.3974547234459129,0.3974547234459129,
471-108-bugŒÔÕ®≈‰ªı–≈œ¢≤øV1.2.0≤‚ ‘_1470654300.csv,0.4666666666666667,0.4666666666666667,0.4666666666666667,0.4666666666666667,0.5333333333333333,0.37037037037037035,0.4814814814814815,0.4814814814814815,0.4814814814814815,0.5185185185185186,0.4371584699453552,0.4739583333333333,0.4739583333333333,0.4739583333333333,0.5258215962441315,
472-114-bug∞€÷∞Õ¯V1.2.1≤‚ ‘_1470654299.csv,0.5625,0.5625,0.5625,0.5625,0.5625,0.5087719298245614,0.5087719298245614,0.5087719298245614,0.5087719298245614,0.543859649122807,0.534288638689867,0.534288638689867,0.534288638689867,0.534288638689867,0.5530227948463826,
478-103-bugITCV0.0.0≤‚ ‘_1470654295.csv,0.7142857142857143,0.7857142857142857,0.7857142857142857,0.7857142857142857,0.7857142857142857,0.3398058252427184,0.4563106796116505,0.4563106796116505,0.4563106796116505,0.49514563106796117,0.4605263157894737,0.5773310999441652,0.5773310999441652,0.5773310999441652,0.584862385321101,
479-122-bug”–∏ˆ–‘V1.0.3≤‚ ‘_1470654296.csv,0.47058823529411764,0.5882352941176471,0.5882352941176471,0.5882352941176471,0.5882352941176471,0.4426229508196722,0.540983606557377,0.540983606557377,0.540983606557377,0.5737704918032787,0.4821428571428572,0.5636208368915456,0.5636208368915456,0.5636208368915456,0.5636208368915456,
48-118-∞Ÿ∂»≈¥√◊6.0.2≤‚ ‘_1463737445.csv,0.6923076923076923,0.7692307692307693,0.7692307692307693,0.7692307692307693,0.9230769230769231,0.423728813559322,0.5254237288135593,0.5254237288135593,0.5254237288135593,0.5593220338983051,0.5808325266214908,0.6243705941591138,0.6243705941591138,0.6243705941591138,0.6243705941591138,
487-111-bugº¯∂®±¶V1.0≤‚ ‘_1470654296.csv,0.6,0.6,0.6,0.6,0.6666666666666666,0.49549549549549554,0.49549549549549554,0.49549549549549554,0.49549549549549554,0.5315315315315315,0.542763157894737,0.542763157894737,0.542763157894737,0.542763157894737,0.5914786967418547,
488-132-bug“◊√ÎŒ¢≈‰øÕªß∂ÀV1.0.0≤‚ ‘_1470654297.csv,0.5555555555555556,0.6111111111111112,0.6111111111111112,0.6111111111111112,0.6111111111111112,0.48484848484848486,0.5757575757575757,0.5757575757575757,0.5757575757575757,0.6060606060606061,0.5407066052227343,0.5929078014184397,0.5929078014184397,0.5929078014184397,0.5929078014184397,
499-130-bugÃ’ ¿ΩÁV1.0.1≤‚ ‘_1470654291.csv,0.6111111111111112,0.6666666666666666,0.6666666666666666,0.6666666666666666,0.7222222222222222,0.4769230769230769,0.5692307692307692,0.5692307692307692,0.5692307692307692,0.6,0.5744832501781896,0.6141078838174273,0.6141078838174273,0.6141078838174273,0.6141078838174273,
508-159-bug∫√‘∞«¯VV1.0.5≤‚ ‘_1470654289.csv,0.5,0.5,0.5,0.5,0.6363636363636364,0.5723270440251572,0.6477987421383649,0.6477987421383649,0.6477987421383649,0.6477987421383649,0.5643835616438356,0.5643835616438356,0.5643835616438356,0.5643835616438356,0.6063604240282686,
509-176-bug∫Ï–…–…V1.2≤‚ ‘_1470654287.csv,0.25,0.3333333333333333,0.3333333333333333,0.3333333333333333,0.4583333333333333,0.5738636363636364,0.6022727272727273,0.6022727272727273,0.6022727272727273,0.6136363636363636,0.35526315789473684,0.4291497975708502,0.4291497975708502,0.4291497975708502,0.5096330275229357,
521-125-bug≥« –»»œﬂV4.2≤‚ ‘_1470654282.csv,0.1875,0.375,0.375,0.375,0.6875,0.45599999999999996,0.552,0.552,0.552,0.5840000000000001,0.2838626053143228,0.44660194174757284,0.44660194174757284,0.44660194174757284,0.5483165719282903,
527-132-bugæ£÷›–¬Œ≈V2.3.1≤‚ ‘_1470654284.csv,0.5555555555555556,0.6666666666666666,0.6666666666666666,0.6666666666666666,0.6666666666666666,0.5454545454545454,0.5757575757575757,0.5757575757575757,0.5757575757575757,0.6060606060606061,0.5504587155963303,0.6178861788617886,0.6178861788617886,0.6178861788617886,0.6349206349206349,
533-166-bug÷™”Ê±¶V1.3.0≤‚ ‘_1470654279.csv,0.21739130434782608,0.391304347826087,0.391304347826087,0.391304347826087,0.391304347826087,0.5783132530120482,0.5783132530120482,0.5783132530120482,0.5783132530120482,0.608433734939759,0.3203298445924516,0.46677471636953,0.46677471636953,0.46677471636953,0.46677471636953,
541-116-bug≈”÷–ª™ È∑®V1.0≤‚ ‘_1470654277.csv,0.42857142857142855,0.7142857142857143,0.7142857142857143,0.7142857142857143,0.7142857142857143,0.39655172413793105,0.39655172413793105,0.39655172413793105,0.39655172413793105,0.43965517241379315,0.4340425531914894,0.5099778270509978,0.5099778270509978,0.5099778270509978,0.5099778270509978,
543-117-bugª™ ˝œÌø¥V2.1.0≤‚ ‘_1470654279.csv,0.42857142857142855,0.6428571428571429,0.6428571428571429,0.6428571428571429,0.7857142857142857,0.41880341880341876,0.5213675213675213,0.5213675213675213,0.5213675213675213,0.5555555555555556,0.48387096774193544,0.5757734661772418,0.5757734661772418,0.5757734661772418,0.5757734661772418,
544-200-bug‘¡Õ®ø®V3.0.3≤‚ ‘_1470654280.csv,0.12,0.12,0.12,0.12,0.36,0.5449999999999999,0.5800000000000001,0.5800000000000001,0.5800000000000001,0.5800000000000001,0.19885714285714287,0.19885714285714287,0.19885714285714287,0.19885714285714287,0.4335911602209944,
557-106-bug≥…∂ºª˘≤„∆ΩÃ®V0.2.6≤‚ ‘_1470654272.csv,0.5833333333333334,0.5833333333333334,0.5833333333333334,0.5833333333333334,0.5833333333333334,0.4716981132075472,0.4716981132075472,0.4716981132075472,0.4716981132075472,0.5094339622641509,0.5216095380029806,0.5216095380029806,0.5216095380029806,0.5216095380029806,0.543884892086331,
559-116-bug∂´Œ˜ÀµV1.0≤‚ ‘_1470654273.csv,0.2,0.2,0.2,0.2,0.5333333333333333,0.4137931034482759,0.5172413793103448,0.5172413793103448,0.5172413793103448,0.5172413793103448,0.2884615384615385,0.2884615384615385,0.2884615384615385,0.2884615384615385,0.46601941747572817,
6-144-∞Ÿ∂»ÃÏ—€≤‚ ‘∑¥¿°_1463737257.csv,0.3076923076923077,0.3076923076923077,0.3076923076923077,0.3076923076923077,0.3076923076923077,0.5833333333333333,0.6111111111111112,0.6111111111111112,0.6111111111111112,0.6111111111111112,0.40287769784172667,0.4093023255813954,0.4093023255813954,0.4093023255813954,0.4093023255813954,
65-111-∂·±¶√®≤‚ ‘_1463737499.csv,0.6,0.7333333333333333,0.7333333333333333,0.7333333333333333,0.7333333333333333,0.45945945945945943,0.49549549549549554,0.49549549549549554,0.49549549549549554,0.5315315315315315,0.5439999999999999,0.5913978494623657,0.5913978494623657,0.5913978494623657,0.5913978494623657,
67-138-∑®¬…“◊≤È≤‚ ‘_1463737508.csv,0.5555555555555556,0.6111111111111112,0.6111111111111112,0.6111111111111112,0.7222222222222222,0.5072463768115942,0.5942028985507246,0.5942028985507246,0.5942028985507246,0.6231884057971014,0.587431693989071,0.6025384101536406,0.6025384101536406,0.6025384101536406,0.6025384101536406,
7-127-∞Ÿ∂» ÷ª˙Œ¿ ø∞≤»´∂Ã–≈π¶ƒ‹≤‚ ‘_1463737282.csv,0.7222222222222222,0.7222222222222222,0.7222222222222222,0.7222222222222222,0.7222222222222222,0.5275590551181102,0.5590551181102362,0.5590551181102362,0.5590551181102362,0.5590551181102362,0.6097304865243262,0.6302492318197337,0.6302492318197337,0.6302492318197337,0.6302492318197337,
72-213-ª®”—≤‚ ‘_1463737504.csv,0.6153846153846154,0.6153846153846154,0.6153846153846154,0.6153846153846154,0.8461538461538461,0.6807511737089202,0.7370892018779343,0.7370892018779343,0.7370892018779343,0.7370892018779343,0.6707610146862483,0.6707610146862483,0.6707610146862483,0.6707610146862483,0.7544938505203407,
74-230-Õ®–«∑€≤‚ ‘_1463737520.csv,0.37037037037037035,0.4074074074074074,0.4074074074074074,0.4074074074074074,0.4074074074074074,0.7565217391304347,0.7565217391304347,0.7565217391304347,0.7565217391304347,0.7739130434782608,0.5009850830284267,0.5296070835639181,0.5296070835639181,0.5296070835639181,0.5296070835639181,
76-113-≤ÈøÏµ›≤‚ ‘_1463737513.csv,0.8125,0.875,0.875,0.875,0.875,0.3982300884955752,0.504424778761062,0.504424778761062,0.504424778761062,0.5398230088495575,0.5473501303214595,0.639935846030473,0.639935846030473,0.639935846030473,0.6486707566462168,
81-153-worker≤‚ ‘_1463737532.csv,0.2,0.4,0.4,0.4,0.4,0.5555555555555556,0.6339869281045751,0.6339869281045751,0.6339869281045751,0.6339869281045751,0.29411764705882354,0.49051833122629585,0.49051833122629585,0.49051833122629585,0.49051833122629585,
83-132-«—◊”“Ω…˙≤‚ ‘_1463737528.csv,0.4444444444444444,0.4444444444444444,0.4444444444444444,0.4444444444444444,0.4444444444444444,0.5454545454545454,0.5757575757575757,0.5757575757575757,0.5757575757575757,0.5757575757575757,0.4897959183673469,0.5016501650165016,0.5016501650165016,0.5016501650165016,0.5016501650165016,
87-123-Ã˝ ¿ΩÁÃ˝ È≤‚ ‘_1463737540.csv,0.6470588235294118,0.6470588235294118,0.6470588235294118,0.6470588235294118,0.7647058823529411,0.44715447154471544,0.5447154471544715,0.5447154471544715,0.5447154471544715,0.5447154471544715,0.564325177584846,0.5914927768860353,0.5914927768860353,0.5914927768860353,0.5936395759717314,
89-120-“ª∆∑…≤‚ ‘_1463737536.csv,0.7058823529411765,0.7058823529411765,0.7058823529411765,0.7058823529411765,0.7058823529411765,0.5333333333333333,0.5333333333333333,0.5333333333333333,0.5333333333333333,0.5333333333333333,0.6075949367088608,0.6075949367088608,0.6075949367088608,0.6075949367088608,0.6075949367088608,
92-133-ﬂ˜∂ﬂ¿≤≤‚ ‘_1463737548.csv,0.5789473684210527,0.5789473684210527,0.5789473684210527,0.5789473684210527,0.631578947368421,0.4887218045112782,0.5789473684210527,0.5789473684210527,0.5789473684210527,0.5789473684210527,0.5510420346167433,0.5789473684210527,0.5789473684210527,0.5789473684210527,0.5789473684210527,
93-104-ΩÒ»’≥« –≤‚ ‘_1463737550.csv,0.6428571428571429,0.6428571428571429,0.6428571428571429,0.6428571428571429,0.7857142857142857,0.42307692307692313,0.46153846153846156,0.46153846153846156,0.46153846153846156,0.46153846153846156,0.537313432835821,0.537313432835821,0.537313432835821,0.537313432835821,0.55,
95-106-∞Æ≈„ª§≤‚ ‘_1463737556.csv,0.8571428571428571,0.8571428571428571,0.8571428571428571,0.8571428571428571,0.9285714285714286,0.3584905660377359,0.4716981132075472,0.4716981132075472,0.4716981132075472,0.4716981132075472,0.5172774869109948,0.6085192697768763,0.6085192697768763,0.6085192697768763,0.6085192697768763,
97-107-Ã‘Ãÿª›≤‚ ‘_1463737552.csv,0.5333333333333333,0.5333333333333333,0.5333333333333333,0.5333333333333333,0.7333333333333333,0.36448598130841126,0.47663551401869164,0.47663551401869164,0.47663551401869164,0.47663551401869164,0.48694665153234956,0.5033929673041333,0.5033929673041333,0.5033929673041333,0.5071942446043165,
98-117-øÏ¿÷¬˙“‚≈ƒ≤‚ ‘_1463737558.csv,0.625,0.625,0.625,0.625,0.625,0.4871794871794872,0.5213675213675213,0.5213675213675213,0.5213675213675213,0.5213675213675213,0.5475504322766571,0.5684995340167753,0.5684995340167753,0.5684995340167753,0.5684995340167753,
99-156-—≈Àºæ˝≤‚ ‘_1463737564.csv,0.7272727272727273,0.7272727272727273,0.7272727272727273,0.7272727272727273,0.9090909090909091,0.6153846153846154,0.641025641025641,0.641025641025641,0.641025641025641,0.641025641025641,0.6814310051107325,0.6814310051107325,0.6814310051107325,0.6814310051107325,0.7339449541284404,
