1-284-∞Ÿ∂» ÷ª˙Œ¿ øπ¶ƒ‹ÃÂ—È_1463737109.csv,0.19444444444444445,0.19444444444444445,0.19444444444444445,0.2222222222222222,0.8888888888888888,0.5492957746478873,0.9119718309859155,0.9154929577464789,0.9154929577464789,0.9154929577464789,0.32076136764187524,0.32076136764187524,0.32076136764187524,0.35736460848568463,0.6789989118607181,
101-120-ΩÒ»’ ±…–≤‚ ‘_1463737561.csv,0.7058823529411765,0.7058823529411765,0.7058823529411765,0.7647058823529411,0.9411764705882353,0.4,0.5833333333333333,0.65,0.65,0.65,0.5614035087719298,0.6618181818181817,0.6767895878524945,0.6767895878524945,0.6767895878524945,
102-223-µœ–≈Õ®≤‚ ‘_1463737571.csv,0.8518518518518519,0.9259259259259259,0.9259259259259259,0.9259259259259259,0.9259259259259259,0.4618834080717489,0.4618834080717489,0.4618834080717489,0.4618834080717489,0.5067264573991032,0.6163235998085208,0.6163235998085208,0.6163235998085208,0.6163235998085208,0.6354523227383863,
106-103-ª˘ΩÀŸ¿¿2.3≤‚ ‘_1463737575.csv,0.7142857142857143,0.7857142857142857,0.9285714285714286,0.9285714285714286,0.9285714285714286,0.47572815533980584,0.47572815533980584,0.47572815533980584,0.6116504854368932,0.6601941747572815,0.6291358024691358,0.6291358024691358,0.6291358024691358,0.6589958158995817,0.7175059952038367,
107-174-”≤º˛±‡¬Î≤‚ ‘_1463737567.csv,0.7916666666666666,0.875,0.875,0.875,0.875,0.4770114942528736,0.48275862068965514,0.48275862068965514,0.48275862068965514,0.5402298850574713,0.6174282678002126,0.6222222222222221,0.6222222222222221,0.6222222222222221,0.6422150305645451,
108-272-”≈”≈ÀÕ“©≤‚ ‘_1463737584.csv,0.6764705882352942,0.6764705882352942,1.0,1.0,1.0,0.007352941176470562,0.007352941176470562,0.007352941176470562,0.6139705882352942,0.6176470588235294,0.01459854014598535,0.01459854014598535,0.01459854014598535,0.6437070554717614,0.6457219251336899,
11-117-π„∏Ê‘∆Õ∆ÀÕµ˜—–≤‚ ‘_1463737325.csv,0.4444444444444444,0.4444444444444444,0.4444444444444444,0.4444444444444444,0.4444444444444444,0.6581196581196581,0.7008547008547008,0.7435897435897436,0.7435897435897436,0.7435897435897436,0.5305770887166235,0.5439469320066335,0.5563549160671463,0.5563549160671463,0.5563549160671463,
111-241-µœ–≈Õ®≤‚ ‘∂˛_1463737590.csv,0.2,0.2,0.2,0.9,0.9,0.4024896265560166,0.43983402489626555,0.8755186721991701,0.8755186721991701,0.8755186721991701,0.32561728395061734,0.32561728395061734,0.32561728395061734,0.5562280981204206,0.598337950138504,
112-119-ÀºŒ¨ºÚÕº≤‚ ‘_1463737602.csv,0.1875,0.375,0.375,0.375,1.0,0.05882352941176472,0.73109243697479,0.7478991596638656,0.7478991596638656,0.7478991596638656,0.11111111111111113,0.4444444444444445,0.49953227315247895,0.49953227315247895,0.49953227315247895,
113-177-Hark≤‚ ‘_1463737599.csv,0.5833333333333334,1.0,1.0,1.0,1.0,0.005649717514124242,0.011299435028248594,0.016949152542372836,0.016949152542372836,0.7175141242937852,0.011235955056179674,0.02234636871508381,0.03333333333333324,0.03333333333333324,0.643503438291712,
114-119-æ©∂´Œ¢¡™≤‚ ‘_1463737617.csv,0.47058823529411764,0.7058823529411765,0.7058823529411765,0.7058823529411765,0.7058823529411765,0.39495798319327735,0.4957983193277311,0.4957983193277311,0.4957983193277311,0.7058823529411764,0.5065110013471038,0.5824763471822295,0.5824763471822295,0.5824763471822295,0.6050420168067225,
115-157-ÃÏÃÏ∫Ï∞¸≤‚ ‘_1463737606.csv,0.35294117647058826,0.35294117647058826,0.35294117647058826,0.7058823529411765,0.8823529411764706,0.42038216560509556,0.6496815286624205,0.8089171974522293,0.8089171974522293,0.8089171974522293,0.49145436955820704,0.49145436955820704,0.49145436955820704,0.586734693877551,0.6766169154228857,
119-337-º±æ»øÏÕ®≤‚ ‘_1463737643.csv,0.09523809523809523,1.0,1.0,1.0,1.0,0.0029673590504450953,0.0029673590504450953,0.0029673590504450953,0.0029673590504450953,0.9406528189910979,0.005917159763313593,0.005917159763313593,0.005917159763313593,0.005917159763313593,0.17296412494884736,
122-138-π∫ŒÔøÒ≤‚ ‘_1463737645.csv,0.8888888888888888,0.8888888888888888,0.8888888888888888,0.8888888888888888,0.9444444444444444,0.3405797101449275,0.34782608695652173,0.34782608695652173,0.3623188405797102,0.3840579710144928,0.5,0.5,0.5,0.5237215033887862,0.5363693864642632,
123-115-“∆∂Ø∑¢≤ºœµÕ≥Beta≤‚ ‘_1463737586.csv,0.4,0.4,0.4,0.4,0.4,0.5652173913043479,0.5826086956521739,0.5826086956521739,0.5826086956521739,0.5826086956521739,0.46846846846846846,0.47433628318584076,0.47433628318584076,0.47433628318584076,0.47433628318584076,
124-326-“¬≈˙≤‚ ‘_1463737628.csv,1.0,1.0,1.0,1.0,1.0,0.1165644171779141,0.16257668711656437,0.17177914110429449,0.17177914110429449,0.21779141104294475,0.20879120879120877,0.27968337730870707,0.29319371727748694,0.29319371727748694,0.35768261964735515,
125-117-ª∞∑—÷ß∏∂Demo≤‚ ‘_1463737673.csv,0.9375,1.0,1.0,1.0,1.0,0.24786324786324787,0.24786324786324787,0.3846153846153846,0.3846153846153846,0.5299145299145299,0.3972602739726028,0.3972602739726028,0.5555555555555555,0.5555555555555555,0.6771022934109939,
127-271-365Ã‘∑ø≤‚ ‘_1463737634.csv,0.125,0.1875,0.1875,0.1875,0.875,0.35424354243542433,0.8819188191881919,0.8892988929889298,0.8892988929889298,0.8892988929889298,0.2189647274393037,0.30970229171128716,0.30970229171128716,0.30970229171128716,0.5043151969981238,
128-115-µ∞µ∞◊¨≤‚ ‘_1463737676.csv,0.9285714285714286,0.9285714285714286,0.9285714285714286,0.9285714285714286,0.9285714285714286,0.30434782608695654,0.33043478260869563,0.3739130434782608,0.3739130434782608,0.3739130434782608,0.4584382871536524,0.48741983226443014,0.5331425846447306,0.5331425846447306,0.5331425846447306,
130-136-÷’º´ ÷µÁÕ≤≤‚ ‘_1463737660.csv,0.8947368421052632,0.9473684210526315,0.9473684210526315,0.9473684210526315,0.9473684210526315,0.3529411764705882,0.375,0.38235294117647056,0.38235294117647056,0.38235294117647056,0.5062034739454094,0.537313432835821,0.5448195576251456,0.5448195576251456,0.5448195576251456,
133-141-ª√æ∂≤‚ ‘_1463737686.csv,0.9,0.9,0.9,0.95,1.0,0.2056737588652482,0.5390070921985816,0.574468085106383,0.574468085106383,0.574468085106383,0.34117647058823525,0.6877828054298641,0.7012987012987012,0.7012987012987012,0.7012987012987012,
134-221-¬Ú≥µ¥Ô»À≤‚ ‘_1463737670.csv,0.875,0.9166666666666666,0.9166666666666666,0.9166666666666666,0.9166666666666666,0.2714932126696833,0.2941176470588235,0.2941176470588235,0.3846153846153846,0.3891402714932126,0.4189146302761029,0.4453441295546558,0.4453441295546558,0.5343511450381679,0.5463470978920012,
135-243-–«¡™app≤‚ ‘_1463737684.csv,1.0,1.0,1.0,1.0,1.0,0.1440329218106996,0.15637860082304522,0.16049382716049387,0.16049382716049387,0.16460905349794241,0.2517985611510792,0.2704626334519572,0.27659574468085113,0.27659574468085113,0.2826855123674912,
136-215-ºÚ√˜ÃÏ∆¯≤‚ ‘_1463737693.csv,0.20833333333333334,0.9166666666666666,0.9166666666666666,0.9166666666666666,0.9583333333333334,0.2930232558139535,0.34883720930232553,0.4418604651162791,0.4418604651162791,0.9069767441860466,0.3388357949609036,0.4488152392752052,0.5053598774885145,0.5962910128388017,0.5962910128388017,
141-173-æ€¥¥≤‚ ‘_1463737689.csv,0.6956521739130435,0.6956521739130435,0.6956521739130435,0.8260869565217391,0.9565217391304348,0.2601156069364162,0.47976878612716767,0.653179190751445,0.653179190751445,0.653179190751445,0.4090064036356125,0.6070053887605852,0.6737469722377492,0.6737469722377492,0.6737469722377492,
142-130-hjdn≤‚ ‘_1463737703.csv,0.8333333333333334,0.9444444444444444,0.9444444444444444,0.9444444444444444,0.9444444444444444,0.3538461538461538,0.4461538461538461,0.4461538461538461,0.4461538461538461,0.46153846153846156,0.5148123765635286,0.5811623246492986,0.6060233558696988,0.6060233558696988,0.6200607902735563,
143-127-¿Û÷¶FM≤‚ ‘_1463737709.csv,0.2777777777777778,0.2777777777777778,0.2777777777777778,0.3333333333333333,1.0,0.11811023622047245,0.7637795275590551,0.8110236220472441,0.8110236220472441,0.8110236220472441,0.21126760563380284,0.4095986760446836,0.41382081157091205,0.41382081157091205,0.46411483253588515,
145-155- ÷µÁÕ≤≤‚ ‘_1463737698.csv,0.36363636363636365,0.8181818181818182,0.8181818181818182,0.8181818181818182,0.9545454545454546,0.367741935483871,0.5354838709677419,0.5354838709677419,0.6903225806451613,0.8387096774193549,0.5073170731707317,0.6367589837491417,0.647313691507799,0.647313691507799,0.647313691507799,
146-252-ƒÒ»À≤‚ ‘_1463737707.csv,0.3548387096774194,0.3870967741935484,1.0,1.0,1.0,0.13888888888888884,0.1428571428571429,0.1428571428571429,0.8095238095238095,0.8611111111111112,0.24390243902439016,0.2500000000000001,0.2500000000000001,0.5025792188651437,0.5237483953786907,
149-121-œ≤¬Ì¿≠—≈FM≤‚ ‘_1463737711.csv,0.9411764705882353,1.0,1.0,1.0,1.0,0.008264462809917328,0.008264462809917328,0.008264462809917328,0.008264462809917328,0.1322314049586777,0.016393442622950765,0.016393442622950765,0.016393442622950765,0.016393442622950765,0.2318840579710145,
150-275- Ø¡ÒÕ¯APP≤‚ ‘_1463737733.csv,0.6764705882352942,0.7058823529411765,0.7058823529411765,0.7058823529411765,0.7352941176470589,0.5636363636363637,0.6,0.6072727272727273,0.6072727272727273,0.6072727272727273,0.6359447004608295,0.6381226842321944,0.6528750610848673,0.6528750610848673,0.6528750610848673,
151-332-µ¿µ¿‘∆º›–£≤‚ ‘_1463737724.csv,0.12195121951219512,0.12195121951219512,0.12195121951219512,0.12195121951219512,1.0,0.009036144578313254,0.9246987951807228,0.927710843373494,0.927710843373494,0.927710843373494,0.01791044776119403,0.21556550951847703,0.21556550951847703,0.21556550951847703,0.23404255319148937,
154-186-BCHMS≤‚ ‘_1463737680.csv,1.0,1.0,1.0,1.0,1.0,0.010752688172043001,0.021505376344086002,0.032258064516129004,0.032258064516129004,0.11290322580645162,0.021276595744680833,0.0421052631578947,0.062499999999999944,0.062499999999999944,0.20289855072463772,
157-161-»Œ“‚«Ú≤‚ ‘_1463737744.csv,0.7391304347826086,0.8260869565217391,0.8260869565217391,0.8260869565217391,0.8260869565217391,0.45341614906832295,0.4782608695652174,0.4782608695652174,0.5031055900621118,0.5217391304347826,0.5620471014492753,0.6057971014492753,0.6057971014492753,0.6253555465258024,0.6260869565217392,
158-278-≥« –»¸≥µ ÷≤‚ ‘_1463737738.csv,0.7575757575757576,0.7878787878787878,0.7878787878787878,0.7878787878787878,0.7878787878787878,0.539568345323741,0.5683453237410072,0.5683453237410072,0.5683453237410072,0.60431654676259,0.6404992609623912,0.6603439961420994,0.6603439961420994,0.6603439961420994,0.6723227149031535,
159-158-ª˘Ω«˙œﬂÀŸ¿¿≤‚ ‘_1463737717.csv,0.6190476190476191,0.6190476190476191,0.6190476190476191,0.9523809523809523,0.9523809523809523,0.189873417721519,0.2088607594936709,0.620253164556962,0.620253164556962,0.620253164556962,0.316622691292876,0.3425901894627563,0.6196498054474707,0.6196498054474707,0.6196498054474707,
161-270-∑ÔªÀ ”∆µbeta∞Ê_1463737748.csv,0.967741935483871,0.967741935483871,0.967741935483871,0.967741935483871,1.0,0.014814814814814836,0.022222222222222254,0.022222222222222254,0.022222222222222254,0.022222222222222254,0.02918287937743195,0.043446777697320846,0.043446777697320846,0.043446777697320846,0.043446777697320846,
162-412-Õ¯…œ∂©≤Õ»Ìº˛≤‚ ‘_1463737768.csv,0.27450980392156865,0.9607843137254902,0.9607843137254902,0.9607843137254902,0.9607843137254902,0.28640776699029125,0.2961165048543689,0.30097087378640774,0.30097087378640774,0.883495145631068,0.41887226697353286,0.44127299091811034,0.45835847917923955,0.45835847917923955,0.45835847917923955,
163-180-æ÷¡Ïµº≤‚ ‘_1463737771.csv,0.17391304347826086,0.17391304347826086,0.17391304347826086,0.21739130434782608,0.21739130434782608,0.8222222222222222,0.8333333333333334,0.8333333333333334,0.8333333333333334,0.8611111111111112,0.28776978417266186,0.28776978417266186,0.28776978417266186,0.3438661710037174,0.34576888080072793,
164-326-«—◊”“Ω…˙≤‚ ‘_1463737777.csv,1.0,1.0,1.0,1.0,1.0,0.11042944785276076,0.1165644171779141,0.1165644171779141,0.1165644171779141,0.11963190184049077,0.19889502762430944,0.20879120879120877,0.20879120879120877,0.20879120879120877,0.21369863013698626,
167-284-–”¡÷Ã‚ø‚≤‚ ‘_1463737790.csv,0.8571428571428571,0.8857142857142857,0.9428571428571428,0.9428571428571428,0.9428571428571428,0.3661971830985915,0.3661971830985915,0.3661971830985915,0.49295774647887325,0.5316901408450705,0.5275130648632032,0.5275130648632032,0.5275130648632032,0.6333917104495038,0.6562839550887359,
168-124-µÁÃ®≤‚ ‘_1463737792.csv,0.25,0.6875,0.75,0.75,0.75,0.3951612903225806,0.4193548387096774,0.4193548387096774,0.4193548387096774,0.7741935483870968,0.3779527559055118,0.5209471766848816,0.5379310344827585,0.5379310344827585,0.5379310344827585,
170-149-Domino≤‚ ‘_1463737794.csv,0.19047619047619047,0.19047619047619047,0.19047619047619047,0.8571428571428571,0.8571428571428571,0.30201342281879195,0.32885906040268453,0.8389261744966443,0.8389261744966443,0.8389261744966443,0.3104625892579944,0.3104625892579944,0.3104625892579944,0.44665012406947885,0.47534357316087306,
171-290-∞ŸŒ ∞Ÿ¥≤‚ ‘_1463737762.csv,1.0,1.0,1.0,1.0,1.0,0.006896551724137945,0.006896551724137945,0.006896551724137945,0.006896551724137945,0.017241379310344862,0.013698630136986328,0.013698630136986328,0.013698630136986328,0.013698630136986328,0.03389830508474583,
174-330-“◊ ‘º›≤‚ ‘_1463737832.csv,1.0,1.0,1.0,1.0,1.0,0.00303030303030305,0.0060606060606061,0.018181818181818188,0.018181818181818188,0.018181818181818188,0.006042296072507592,0.012048192771084414,0.03571428571428573,0.03571428571428573,0.03571428571428573,
175-167-»¸π˚≤ªµπµ∞≤‚ ‘_1463737842.csv,0.2727272727272727,0.2727272727272727,0.2727272727272727,0.3181818181818182,0.6363636363636364,0.7125748502994012,0.8502994011976048,0.8562874251497006,0.8562874251497006,0.8562874251497006,0.4136933461909354,0.4136933461909354,0.4136933461909354,0.4630794316328908,0.672316384180791,
179-117-Ωµ∞¿Ì≤∆≤‚ ‘_1463737851.csv,0.25,0.875,0.875,0.875,1.0,0.28205128205128205,0.4871794871794872,0.4871794871794872,0.4871794871794872,0.829059829059829,0.38415841584158417,0.4805194805194805,0.6258823529411766,0.6258823529411766,0.6258823529411766,
181-271-Õ¯¿÷ª›≤‚ ‘_1463737849.csv,0.12121212121212122,0.9393939393939394,0.9393939393939394,0.9393939393939394,0.9393939393939394,0.33579335793357934,0.33579335793357934,0.33579335793357934,0.3505535055350554,0.8966789667896679,0.21355597055915634,0.4947386881795861,0.4947386881795861,0.4947386881795861,0.5144783473074594,
183-124-œ≤¬Ì¿≠—≈FM≤‚ ‘_1463737863.csv,0.4117647058823529,0.8823529411764706,0.8823529411764706,0.8823529411764706,1.0,0.22580645161290325,0.5161290322580645,0.5161290322580645,0.5161290322580645,0.7580645161290323,0.368421052631579,0.5336577453365774,0.6512890094979648,0.6512890094979648,0.6512890094979648,
184-158-∂£∂£¥Ó≥µ≤‚ ‘_1463737804.csv,0.8636363636363636,0.8636363636363636,0.8636363636363636,0.8636363636363636,0.8636363636363636,0.5443037974683544,0.5443037974683544,0.5443037974683544,0.5443037974683544,0.5569620253164558,0.6677564364527995,0.6677564364527995,0.6677564364527995,0.6677564364527995,0.6771972458485218,
187-289-ƒÒ»À≤‚ ‘_1463737869.csv,1.0,1.0,1.0,1.0,1.0,0.03114186851211076,0.04498269896193774,0.04498269896193774,0.04498269896193774,0.05536332179930792,0.060402684563758455,0.08609271523178812,0.08609271523178812,0.08609271523178812,0.10491803278688518,
189-216-≈‹≈‹≤‚ ‘_1463737615.csv,0.96,0.96,0.96,0.96,0.96,0.38888888888888884,0.38888888888888884,0.38888888888888884,0.40740740740740744,0.4212962962962963,0.5535420098846787,0.5535420098846787,0.5535420098846787,0.57204767063922,0.5856012870357957,
190-330-’∆…œPC∞Â≤‚ ‘_1463737880.csv,1.0,1.0,1.0,1.0,1.0,0.24848484848484853,0.2727272727272727,0.2727272727272727,0.2727272727272727,0.2787878787878788,0.3980582524271845,0.42857142857142855,0.42857142857142855,0.42857142857142855,0.43601895734597157,
192-344-ÃœÃœ—≈Àºø⁄”Ô≤‚ ‘_1463737898.csv,0.06976744186046512,0.06976744186046512,0.9534883720930233,0.9534883720930233,0.9534883720930233,0.2325581395348837,0.2325581395348837,0.2325581395348837,0.9127906976744186,0.9186046511627907,0.12962708132654463,0.12968536251709986,0.3739170086639307,0.3739170086639307,0.3739170086639307,
193-114-∞Ÿ∂»Õº∆¨App4.1.3.1≤‚ ‘_1463737882.csv,0.6666666666666666,0.6666666666666666,0.6666666666666666,0.6666666666666666,0.6666666666666666,0.5789473684210527,0.631578947368421,0.631578947368421,0.631578947368421,0.736842105263158,0.619718309859155,0.6486486486486486,0.6486486486486486,0.6486486486486486,0.7000000000000001,
194-317-÷Ò∂µ”˝∂˘≤‚ ‘_1463737902.csv,0.05405405405405406,0.08108108108108109,0.13513513513513514,0.13513513513513514,1.0,0.2933753943217665,0.8990536277602523,0.9242902208201893,0.9242902208201893,0.9369085173501577,0.10221113309816743,0.1487473903966597,0.23579591179784326,0.23579591179784326,0.4536585365853658,
196-262-–°Qø∆∆’≤‚ ‘_1463737916.csv,0.9032258064516129,0.9354838709677419,0.9354838709677419,0.9354838709677419,1.0,0.27862595419847325,0.4732824427480916,0.4732824427480916,0.48091603053435117,0.4847328244274809,0.435820895522388,0.6285614403076385,0.6285614403076385,0.6308879623880067,0.6352573018080667,
197-306-”∞ ”¬€Ã≥Ai≤‚ ‘_1463737921.csv,0.9473684210526315,0.9473684210526315,0.9473684210526315,0.9473684210526315,0.9473684210526315,0.4444444444444444,0.4509803921568627,0.4509803921568627,0.4509803921568627,0.4509803921568627,0.6050420168067226,0.611070110701107,0.611070110701107,0.611070110701107,0.611070110701107,
199-295-98œ…”Œ≤‚ ‘_1463737840.csv,0.8888888888888888,0.8888888888888888,0.8888888888888888,0.8888888888888888,0.9166666666666666,0.3491525423728814,0.4542372881355933,0.4915254237288136,0.4915254237288136,0.4915254237288136,0.5056906940415087,0.601233875490746,0.6330150068212824,0.6330150068212824,0.6330150068212824,
2-471-∞Ÿ∂»‰Ø¿¿∆˜T7≥¢œ ÃÂ—È_1463737142.csv,0.9827586206896551,1.0,1.0,1.0,1.0,0.002123142250530785,0.006369426751592355,0.006369426751592355,0.006369426751592355,0.014861995753715496,0.0042372881355932195,0.012658227848101264,0.012658227848101264,0.012658227848101264,0.029281180053572078,
200-429-º”º”‘À∂Ø≤‚ ‘_1463737892.csv,0.08333333333333333,0.08333333333333333,0.08333333333333333,0.08333333333333333,1.0,0.004662004662004615,0.9417249417249417,0.9440559440559441,0.9440559440559441,0.9440559440559441,0.009280742459396658,0.1531173014970627,0.15314804310833804,0.15314804310833804,0.15314804310833804,
202-432-ŒﬁœﬂœÂ—Ù≤‚ ‘_1463737927.csv,0.8703703703703703,0.8703703703703703,0.8703703703703703,0.8888888888888888,1.0,0.18518518518518523,0.5138888888888888,0.5138888888888888,0.5138888888888888,0.5138888888888888,0.3125000000000001,0.6462281679672984,0.6462281679672984,0.6462281679672984,0.6512651265126512,
203-463-◊‘”…¿Ì≤∆ ¶≤‚ ‘_1463737936.csv,0.9298245614035088,0.9649122807017544,0.9649122807017544,0.9649122807017544,1.0,0.1533477321814255,0.23542116630669552,0.23542116630669552,0.24406047516198703,0.2742980561555075,0.2659176029962547,0.3784961171791149,0.3784961171791149,0.38958189682191435,0.42362640820693553,
204-101-Œƒº˛π‹¿Ì≤‚ ‘_1463737945.csv,0.5,1.0,1.0,1.0,1.0,0.36633663366336633,0.37623762376237624,0.40594059405940597,0.40594059405940597,0.7524752475247525,0.5362318840579711,0.5467625899280576,0.5774647887323945,0.5774647887323945,0.6007905138339921,
205-111-bugŒƒº˛π‹¿Ì≤‚ ‘_1470654534.csv,0.9333333333333333,0.9333333333333333,0.9333333333333333,0.9333333333333333,1.0,0.11711711711711714,0.2072072072072072,0.29729729729729726,0.29729729729729726,0.32432432432432434,0.20967741935483872,0.3391258557135335,0.4509516837481698,0.4509516837481698,0.48137535816618915,
212-404-æ≠≥£÷±≤•ƒ⁄≤‚∞Ê≤‚ ‘_1463737964.csv,0.98,0.98,0.98,0.98,1.0,0.18811881188118806,0.3910891089108911,0.3910891089108911,0.3910891089108911,0.3935643564356436,0.3166666666666666,0.5590699017908723,0.5590699017908723,0.5590699017908723,0.5615944640668925,
213-416-bugæ≠≥£÷±≤•ƒ⁄≤‚∞Ê≤‚ ‘_1470654528.csv,0.058823529411764705,1.0,1.0,1.0,1.0,0.25,0.25,0.25,0.25,0.9519230769230769,0.11080022383883603,0.4,0.4,0.4,0.41221374045801523,
214-339-bug–„…´≤‚ ‘_1470654525.csv,0.14285714285714285,0.14285714285714285,0.14285714285714285,0.19047619047619047,0.9523809523809523,0.4336283185840708,0.9174041297935103,0.9292035398230089,0.9292035398230089,0.9292035398230089,0.24764150943396224,0.24764150943396224,0.24764150943396224,0.3154558133637631,0.5959258133171177,
215-339-–„…´≤‚ ‘_1463737968.csv,0.14285714285714285,0.14285714285714285,0.14285714285714285,0.23809523809523808,0.9523809523809523,0.4336283185840708,0.9174041297935103,0.9292035398230089,0.9292035398230089,0.9292035398230089,0.24764150943396224,0.24764150943396224,0.24764150943396224,0.3775659824046921,0.5959258133171177,
216-283-¥Û∞Ôª„≤‚ ‘_1463737957.csv,0.8235294117647058,0.8235294117647058,0.8235294117647058,0.9411764705882353,1.0,0.010600706713780883,0.3639575971731449,0.5547703180212014,0.5547703180212014,0.5547703180212014,0.020979020979020907,0.5249243510113075,0.6629467651937867,0.6629467651937867,0.6629467651937867,
217-288-bug¥Û∞Ôª„≤‚ ‘_1470654530.csv,0.3055555555555556,0.9444444444444444,0.9444444444444444,0.9444444444444444,0.9722222222222222,0.00347222222222221,0.02083333333333337,0.02083333333333337,0.02083333333333337,0.8611111111111112,0.006919731119019351,0.04076738609112717,0.04076738609112717,0.04076738609112717,0.4510582010582011,
218-103-bug∂Ò¡˙π´÷˜°™ƒÊÀ˛∑¿≤‚ ‘_1470654523.csv,0.7857142857142857,0.7857142857142857,0.7857142857142857,0.7857142857142857,1.0,0.22330097087378642,0.5922330097087378,0.5922330097087378,0.5922330097087378,0.6601941747572815,0.3650793650793651,0.6753900352289883,0.6753900352289883,0.6753900352289883,0.7175059952038367,
219-103-∂Ò¡˙π´÷˜°™ƒÊÀ˛∑¿≤‚ ‘_1463737972.csv,0.7857142857142857,0.7857142857142857,0.7857142857142857,0.9285714285714286,1.0,0.22330097087378642,0.4563106796116505,0.5922330097087378,0.5922330097087378,0.6601941747572815,0.3650793650793651,0.6119178768152228,0.6753900352289883,0.6753900352289883,0.7175059952038367,
220-798-≈©ø∆÷˙ ÷≤‚ ‘_1463737988.csv,1.0,1.0,1.0,1.0,1.0,0.003759398496240629,0.007518796992481258,0.007518796992481258,0.007518796992481258,0.00877192982456143,0.007490636704119906,0.014925373134328467,0.014925373134328467,0.014925373134328467,0.01739130434782614,
222-304-œ≤¬Ì¿≠—≈FM≤‚ ‘_1463737999.csv,0.14705882352941177,0.9411764705882353,0.9705882352941176,0.9705882352941176,0.9705882352941176,0.19407894736842102,0.25,0.25,0.3421052631578947,0.8947368421052632,0.2526002971768202,0.32347566040870573,0.3975903614457831,0.3975903614457831,0.5018094089264173,
223-395-bugœ≤¬Ì¿≠—≈FM≤‚ ‘_1470654512.csv,0.11904761904761904,1.0,1.0,1.0,1.0,0.0075949367088608,0.012658227848101222,0.012658227848101222,0.012658227848101222,0.9189873417721519,0.01507537688442219,0.02499999999999991,0.02499999999999991,0.02499999999999991,0.21078915277858426,
224-426-÷«ª€ΩÃ”˝≤‚ ‘_1463737994.csv,1.0,1.0,1.0,1.0,1.0,0.014084507042253502,0.014084507042253502,0.014084507042253502,0.023474178403755874,0.025821596244131495,0.02777777777777774,0.02777777777777774,0.02777777777777774,0.045871559633027525,0.050343249427917694,
225-426-bug÷«ª€ΩÃ”˝≤‚ ‘_1470654514.csv,1.0,1.0,1.0,1.0,1.0,0.014084507042253502,0.014084507042253502,0.014084507042253502,0.023474178403755874,0.025821596244131495,0.02777777777777774,0.02777777777777774,0.02777777777777774,0.045871559633027525,0.050343249427917694,
226-325-÷£÷›µÿÃ˙∂˛Œ¨¬Îπ∫∆±≤‚ ‘_1463738008.csv,0.8205128205128205,0.8461538461538461,0.8717948717948718,0.8717948717948718,0.8717948717948718,0.41846153846153844,0.4276923076923077,0.4276923076923077,0.4307692307692308,0.4584615384615385,0.5654885654885654,0.573857082144375,0.573857082144375,0.573857082144375,0.5882425513540188,
227-325-bug÷£÷›µÿÃ˙∂˛Œ¨¬Îπ∫∆±≤‚ ‘_1470654508.csv,0.8205128205128205,0.8461538461538461,0.8717948717948718,0.8717948717948718,0.8717948717948718,0.41846153846153844,0.4276923076923077,0.4276923076923077,0.4307692307692308,0.4584615384615385,0.5654885654885654,0.573857082144375,0.573857082144375,0.573857082144375,0.5882425513540188,
228-244-–°∑π◊¿≤‚ ‘_1463737976.csv,0.6071428571428571,0.7142857142857143,0.7142857142857143,1.0,1.0,0.016393442622950838,0.5573770491803278,0.5573770491803278,0.5573770491803278,0.7131147540983607,0.032258064516129066,0.6261510128913444,0.6261510128913444,0.6261510128913444,0.6558758314855875,
229-244-bug–°∑π◊¿≤‚ ‘_1470654522.csv,0.6071428571428571,0.7142857142857143,0.7142857142857143,1.0,1.0,0.016393442622950838,0.024590163934426257,0.5573770491803278,0.5573770491803278,0.7131147540983607,0.032258064516129066,0.04800000000000005,0.6261510128913444,0.6261510128913444,0.6558758314855875,
230-217-bug“◊‘º∞Æ≤‚ ‘_1470654510.csv,0.5555555555555556,0.5555555555555556,0.5555555555555556,0.8518518518518519,0.8518518518518519,0.4930875576036866,0.5944700460829493,0.8064516129032258,0.8064516129032258,0.8064516129032258,0.6246192893401015,0.6578947368421053,0.6578947368421053,0.6578947368421053,0.7002596176540004,
231-217-“◊‘º∞Æ≤‚ ‘_1463738003.csv,0.5555555555555556,0.5555555555555556,0.5555555555555556,0.8518518518518519,0.8518518518518519,0.4930875576036866,0.5944700460829493,0.8064516129032258,0.8064516129032258,0.8064516129032258,0.6246192893401015,0.6578947368421053,0.6578947368421053,0.6831767719897524,0.7002596176540004,
234-175-bugJiuJiu≤‚ ‘_1470654480.csv,0.7391304347826086,0.7391304347826086,0.7391304347826086,0.782608695652174,1.0,0.16000000000000003,0.5714285714285714,0.6571428571428571,0.6571428571428571,0.6571428571428571,0.27586206896551724,0.689655172413793,0.695729537366548,0.695729537366548,0.695729537366548,
235-175-JiuJiu≤‚ ‘_1463738027.csv,0.7391304347826086,0.7391304347826086,0.7391304347826086,0.8695652173913043,1.0,0.16000000000000003,0.5428571428571429,0.6571428571428571,0.6571428571428571,0.6571428571428571,0.27586206896551724,0.6410496719775071,0.695729537366548,0.695729537366548,0.695729537366548,
236-561-Œ“√«“ªº“≤‚ ‘_1463738018.csv,1.0,1.0,1.0,1.0,1.0,0.0017825311942959443,0.0017825311942959443,0.005347593582887722,0.005347593582887722,0.005347593582887722,0.003558718861210052,0.003558718861210052,0.010638297872340469,0.010638297872340469,0.010638297872340469,
237-562-bugŒ“√«“ªº“≤‚ ‘_1470654506.csv,1.0,1.0,1.0,1.0,1.0,0.003558718861209953,0.003558718861209953,0.007117437722419906,0.007117437722419906,0.007117437722419906,0.00709219858156026,0.00709219858156026,0.014134275618374513,0.014134275618374513,0.014134275618374513,
239-132-∫£µ∑Õ¯≤‚ ‘_1463738033.csv,0.5,0.8333333333333334,0.8333333333333334,0.8333333333333334,0.8888888888888888,0.5151515151515151,0.6363636363636364,0.6363636363636364,0.6363636363636364,0.8106060606060606,0.6184971098265896,0.6522781774580335,0.7216494845360825,0.7216494845360825,0.7216494845360825,
240-132-bug∫£µ∑Õ¯≤‚ ‘_1470654473.csv,0.5,0.8333333333333334,0.8333333333333334,0.8333333333333334,0.8888888888888888,0.5151515151515151,0.6363636363636364,0.6363636363636364,0.6363636363636364,0.8106060606060606,0.6184971098265896,0.6522781774580335,0.7216494845360825,0.7216494845360825,0.7216494845360825,
243-250-bugmalimalihome≤‚ ‘_1470654477.csv,0.2903225806451613,0.967741935483871,0.967741935483871,0.967741935483871,0.967741935483871,0.45599999999999996,0.472,0.472,0.472,0.888,0.43758212877792374,0.6199021207177814,0.6345223158272092,0.6345223158272092,0.6764960971379012,
244-250-malimalihome≤‚ ‘_1463738030.csv,0.2903225806451613,0.967741935483871,0.967741935483871,0.967741935483871,0.967741935483871,0.45599999999999996,0.472,0.472,0.52,0.888,0.43758212877792374,0.6199021207177814,0.6345223158272092,0.6345223158272092,0.6764960971379012,
249-222-æ¡–≈¥˚≤‚ ‘_1463738047.csv,0.2962962962962963,1.0,1.0,1.0,1.0,0.2432432432432432,0.2432432432432432,0.2432432432432432,0.2432432432432432,0.8738738738738738,0.3913043478260869,0.3913043478260869,0.3913043478260869,0.3913043478260869,0.5794573643410852,
250-222-bugæ¡–≈¥˚≤‚ ‘_1470654468.csv,0.2962962962962963,1.0,1.0,1.0,1.0,0.2432432432432432,0.2432432432432432,0.2432432432432432,0.2432432432432432,0.8738738738738738,0.3913043478260869,0.3913043478260869,0.3913043478260869,0.3913043478260869,0.5794573643410852,
251-205-aiqianbang≤‚ ‘_1463738035.csv,0.92,0.96,0.96,1.0,1.0,0.3365853658536585,0.35121951219512193,0.4439024390243902,0.4439024390243902,0.5365853658536586,0.5036496350364964,0.5198555956678701,0.607088255733148,0.607088255733148,0.6778298727394508,
252-205-bugaiqianbang≤‚ ‘_1470654472.csv,0.92,0.96,0.96,1.0,1.0,0.3365853658536585,0.35121951219512193,0.4439024390243902,0.4439024390243902,0.5365853658536586,0.5036496350364964,0.5198555956678701,0.607088255733148,0.607088255733148,0.6778298727394508,
253-372-bug∂£∂£µº”Œ≤‚ ‘_1470654471.csv,1.0,1.0,1.0,1.0,1.0,0.24193548387096775,0.24193548387096775,0.24193548387096775,0.24731182795698925,0.2876344086021505,0.38961038961038963,0.38961038961038963,0.38961038961038963,0.39655172413793105,0.44676409185803756,
254-372-∂£∂£µº”Œ≤‚ ‘_1463738040.csv,1.0,1.0,1.0,1.0,1.0,0.24193548387096775,0.24193548387096775,0.24193548387096775,0.24731182795698925,0.2876344086021505,0.38961038961038963,0.38961038961038963,0.38961038961038963,0.39655172413793105,0.44676409185803756,
257-133-bugø⁄¥¸π  ¬≤‚ ‘_1470654466.csv,0.8421052631578947,0.8421052631578947,0.8421052631578947,1.0,1.0,0.09774436090225569,0.09774436090225569,0.368421052631579,0.368421052631579,0.368421052631579,0.178082191780822,0.178082191780822,0.5125858123569794,0.5125858123569794,0.5125858123569794,
258-133-ø⁄¥¸π  ¬≤‚ ‘_1463738051.csv,0.8421052631578947,0.8421052631578947,0.8421052631578947,1.0,1.0,0.09774436090225569,0.09774436090225569,0.368421052631579,0.368421052631579,0.368421052631579,0.178082191780822,0.178082191780822,0.5125858123569794,0.5125858123569794,0.5125858123569794,
261-195-–°µ∂ª„≤‚ ‘_1463738056.csv,0.8148148148148148,0.8888888888888888,0.8888888888888888,0.9259259259259259,0.9259259259259259,0.41538461538461535,0.41538461538461535,0.4256410256410257,0.4256410256410257,0.5641025641025641,0.5734919286321155,0.5734919286321155,0.575639358474209,0.575639358474209,0.6666666666666667,
262-197-bug–°µ∂ª„≤‚ ‘_1470654465.csv,0.8214285714285714,0.8928571428571429,0.8928571428571429,0.8928571428571429,0.9285714285714286,0.3908629441624365,0.3908629441624365,0.3908629441624365,0.3908629441624365,0.3959390862944162,0.5296844623897113,0.5437085157463635,0.5437085157463635,0.5437085157463635,0.5501511404231931,
263-212-bugÿ¬∏‚≤‚ ‘_1470654464.csv,0.8461538461538461,0.8461538461538461,0.8461538461538461,0.8846153846153846,0.9230769230769231,0.4716981132075472,0.5990566037735849,0.6320754716981132,0.6320754716981132,0.6320754716981132,0.6243496357960459,0.7047047047047047,0.7236131566028473,0.7236131566028473,0.7236131566028473,
264-212-ÿ¬∏‚≤‚ ‘_1463738058.csv,0.8461538461538461,0.8461538461538461,0.8461538461538461,0.8846153846153846,0.9230769230769231,0.4716981132075472,0.5990566037735849,0.6320754716981132,0.6320754716981132,0.6320754716981132,0.6243496357960459,0.7143555881633652,0.7236131566028473,0.7236131566028473,0.7236131566028473,
267-194-bug≥µ∞¢∏Á£®”√ªß∂À£©≤‚ ‘_1470654466.csv,0.9629629629629629,0.9629629629629629,1.0,1.0,1.0,0.14948453608247425,0.1649484536082474,0.1649484536082474,0.17525773195876293,0.20618556701030932,0.2600896860986548,0.2831858407079646,0.2831858407079646,0.29654478362965453,0.33964728935336386,
268-194-≥µ∞¢∏Á£®”√ªß∂À£©≤‚ ‘_1463738053.csv,0.9629629629629629,1.0,1.0,1.0,1.0,0.14948453608247425,0.1649484536082474,0.1649484536082474,0.1649484536082474,0.20618556701030932,0.2600896860986548,0.2831858407079646,0.2831858407079646,0.2831858407079646,0.33964728935336386,
273-146-ª∆πœ≤‚ ‘_1463738063.csv,1.0,1.0,1.0,1.0,1.0,0.013698630136986356,0.013698630136986356,0.013698630136986356,0.013698630136986356,0.04109589041095896,0.027027027027027133,0.027027027027027133,0.027027027027027133,0.027027027027027133,0.07894736842105272,
274-149-bugª∆πœ≤‚ ‘_1470654456.csv,0.6190476190476191,0.6666666666666666,0.9523809523809523,0.9523809523809523,0.9523809523809523,0.11409395973154357,0.11409395973154357,0.11409395973154357,0.46308724832214765,0.46308724832214765,0.20377584656877426,0.20377584656877426,0.20377584656877426,0.5298287064382753,0.5465346534653466,
275-261-bugÃ‘∂˛ ÷≤‚ ‘_1470654455.csv,0.125,0.90625,0.96875,0.96875,0.96875,0.2183908045977011,0.2183908045977011,0.2183908045977011,0.3869731800766284,0.89272030651341,0.21929411764705883,0.35642965204236,0.35642965204236,0.5232590921905835,0.5423571891491529,
276-261-Ã‘∂˛ ÷≤‚ ‘_1463738066.csv,0.125,0.90625,0.96875,0.96875,0.96875,0.2183908045977011,0.2183908045977011,0.2183908045977011,0.3869731800766284,0.89272030651341,0.21929411764705883,0.35642965204236,0.35642965204236,0.35642965204236,0.5423571891491529,
277-262-3Dsousou≤‚ ‘_1463738072.csv,0.90625,1.0,1.0,1.0,1.0,0.17557251908396942,0.1984732824427481,0.1984732824427481,0.1984732824427481,0.4274809160305344,0.29870129870129863,0.33121019108280253,0.33121019108280253,0.33121019108280253,0.5809336433553927,
278-262-bug3Dsousou≤‚ ‘_1470654452.csv,0.90625,1.0,1.0,1.0,1.0,0.17557251908396942,0.1984732824427481,0.1984732824427481,0.1984732824427481,0.4274809160305344,0.29870129870129863,0.33121019108280253,0.33121019108280253,0.33121019108280253,0.5809336433553927,
283-184-∫£µ∑Õ¯≤‚ ‘_1463738074.csv,0.11538461538461539,0.9615384615384616,1.0,1.0,1.0,0.010869565217391353,0.08695652173913049,0.11956521739130432,0.11956521739130432,0.8913043478260869,0.021505376344086117,0.1594896331738438,0.21359223300970873,0.21359223300970873,0.21359223300970873,
284-184-bug∫£µ∑Õ¯≤‚ ‘_1470654451.csv,0.11538461538461539,0.9615384615384616,1.0,1.0,1.0,0.010869565217391353,0.08695652173913049,0.11956521739130432,0.11956521739130432,0.8913043478260869,0.021505376344086117,0.1594896331738438,0.21359223300970873,0.21359223300970873,0.21359223300970873,
285-116-bug÷©÷ÎÕ¯app≤‚ ‘_1470654446.csv,0.4,0.4666666666666667,0.4666666666666667,0.6,0.8666666666666667,0.5172413793103448,0.6379310344827587,0.7413793103448276,0.7413793103448276,0.7844827586206897,0.529839883551674,0.5727878211227404,0.5727878211227404,0.6183844011142062,0.6478405315614617,
286-116-÷©÷ÎÕ¯app≤‚ ‘_1463738077.csv,0.4,0.4666666666666667,0.4666666666666667,0.4666666666666667,0.8666666666666667,0.5172413793103448,0.7413793103448276,0.7413793103448276,0.7413793103448276,0.7844827586206897,0.529839883551674,0.5727878211227404,0.5727878211227404,0.5727878211227404,0.6478405315614617,
29-150-–°∞◊”√≥µ_1463737383.csv,0.3333333333333333,0.3333333333333333,0.3333333333333333,0.6666666666666666,0.9047619047619048,0.30000000000000004,0.5733333333333333,0.8,0.8,0.8,0.4505928853754941,0.47058823529411764,0.47058823529411764,0.6126126126126126,0.6164874551971326,
293-143-bug“ª∂»√€≤‚ ‘_1470654434.csv,0.4,0.45,0.5,0.5,1.0,0.3356643356643356,0.7482517482517482,0.7482517482517482,0.7552447552447552,0.7762237762237763,0.5026178010471204,0.5279429250891796,0.5994397759103641,0.5994397759103641,0.5994397759103641,
294-143-“ª∂»√€≤‚ ‘_1463738084.csv,0.4,0.5,0.5,0.5,1.0,0.3356643356643356,0.7482517482517482,0.7482517482517482,0.7482517482517482,0.7762237762237763,0.5026178010471204,0.5639686684073107,0.5994397759103641,0.5994397759103641,0.5994397759103641,
295-128-bug≥µµ‰APP≤‚ ‘_1470654436.csv,0.6,0.7333333333333333,0.8666666666666667,1.0,1.0,0.015625,0.015625,0.31640625,0.6484375,0.6875,0.03076923076923077,0.03076923076923077,0.33577296489917846,0.6702661010412648,0.6882774217866565,
296-128-≥µµ‰APP≤‚ ‘_1463738082.csv,0.6,0.7333333333333333,1.0,1.0,1.0,0.015625,0.015625,0.015625,0.6484375,0.6875,0.03076923076923077,0.03076923076923077,0.03076923076923077,0.6702661010412648,0.6882774217866565,
299-197-bug√øøÃºÊ÷∞≤‚ ‘_1470654441.csv,0.4642857142857143,0.4642857142857143,0.4642857142857143,0.8571428571428571,0.8571428571428571,0.4416243654822335,0.751269035532995,0.817258883248731,0.817258883248731,0.817258883248731,0.5829145728643216,0.592162965058707,0.592162965058707,0.592162965058707,0.6715601227812624,
3-145- ÷ª˙Œ¿ ø∂Ã–≈π¶ƒ‹_1463737156.csv,0.7,1.0,1.0,1.0,1.0,0.13103448275862073,0.13103448275862073,0.13103448275862073,0.22758620689655173,0.6896551724137931,0.2317073170731708,0.2317073170731708,0.2317073170731708,0.3707865168539326,0.6947890818858561,
300-197-√øøÃºÊ÷∞≤‚ ‘_1463738080.csv,0.4642857142857143,0.4642857142857143,0.4642857142857143,0.8571428571428571,0.8571428571428571,0.4416243654822335,0.47208121827411165,0.817258883248731,0.817258883248731,0.817258883248731,0.5829145728643216,0.592162965058707,0.592162965058707,0.592162965058707,0.6715601227812624,
307-137-UONE_1463738088.csv,0.16666666666666666,0.3333333333333333,0.3333333333333333,0.3333333333333333,0.7777777777777778,0.43795620437956206,0.781021897810219,0.781021897810219,0.781021897810219,0.8540145985401459,0.2789034564958283,0.46724890829694327,0.46724890829694327,0.46724890829694327,0.5726872246696035,
308-137-bugUONE_1470654431.csv,0.16666666666666666,0.3333333333333333,0.3333333333333333,0.3333333333333333,0.7777777777777778,0.43795620437956206,0.781021897810219,0.781021897810219,0.781021897810219,0.8540145985401459,0.2789034564958283,0.46724890829694327,0.46724890829694327,0.46724890829694327,0.5726872246696035,
309-170-ÀΩ»À∑…––≤‚ ‘_1463738093.csv,0.30434782608695654,0.34782608695652173,0.5217391304347826,0.5217391304347826,1.0,0.23529411764705888,0.6823529411764706,0.6823529411764706,0.7941176470588236,0.8117647058823529,0.38095238095238104,0.4427131072410633,0.5913338997451147,0.5913338997451147,0.5913338997451147,
310-170-bugÀΩ»À∑…––≤‚ ‘_1470654421.csv,0.30434782608695654,0.5217391304347826,0.5217391304347826,0.5217391304347826,1.0,0.23529411764705888,0.6823529411764706,0.6823529411764706,0.6823529411764706,0.8117647058823529,0.38095238095238104,0.4427131072410633,0.5913338997451147,0.5913338997451147,0.5913338997451147,
311-185-bug…Á«¯ª€…˙ªÓ≤‚ ‘_1470654424.csv,0.52,0.52,0.52,0.84,1.0,0.30810810810810807,0.6216216216216216,0.8054054054054054,0.8054054054054054,0.8054054054054054,0.4710743801652892,0.6319738988580751,0.6319738988580751,0.7112462006079027,0.7144970414201184,
312-185-…Á«¯ª€…˙ªÓ≤‚ ‘_1463738091.csv,0.52,0.52,0.52,0.72,1.0,0.30810810810810807,0.7027027027027026,0.8054054054054054,0.8054054054054054,0.8054054054054054,0.4710743801652892,0.6319738988580751,0.6319738988580751,0.6319738988580751,0.7144970414201184,
315-119-√»≥Ë¥Ô»À≤‚ ‘_1463738095.csv,0.7647058823529411,0.8235294117647058,0.8235294117647058,0.8235294117647058,0.8235294117647058,0.5294117647058824,0.5966386554621849,0.5966386554621849,0.6218487394957983,0.6470588235294117,0.6445012787723784,0.6859180035650624,0.691959624086321,0.691959624086321,0.7009803921568627,
316-119-bug√»≥Ë¥Ô»À≤‚ ‘_1470654419.csv,0.7647058823529411,0.8235294117647058,0.8235294117647058,0.8235294117647058,0.8235294117647058,0.5294117647058824,0.5966386554621849,0.5966386554621849,0.5966386554621849,0.6470588235294117,0.6445012787723784,0.6859180035650624,0.691959624086321,0.691959624086321,0.7009803921568627,
317-131-ª™∆Û∞Ô≤‚ ‘_1463738098.csv,0.9444444444444444,0.9444444444444444,1.0,1.0,1.0,0.3587786259541985,0.3587786259541985,0.3587786259541985,0.3893129770992366,0.3893129770992366,0.5200130165961602,0.5280898876404495,0.5280898876404495,0.5513513513513513,0.5604395604395604,
318-131-bugª™∆Û∞Ô≤‚ ‘_1470654417.csv,0.9444444444444444,1.0,1.0,1.0,1.0,0.3587786259541985,0.3587786259541985,0.3587786259541985,0.3893129770992366,0.3893129770992366,0.5200130165961602,0.5280898876404495,0.5280898876404495,0.5513513513513513,0.5604395604395604,
319-197-∞Ÿ“∂–°≥…≤‚ ‘_1463738097.csv,0.21428571428571427,1.0,1.0,1.0,1.0,0.14720812182741116,0.14720812182741116,0.14720812182741116,0.14720812182741116,0.8730964467005076,0.2566371681415929,0.2566371681415929,0.2566371681415929,0.2566371681415929,0.34411470490163387,
320-197-bug∞Ÿ“∂–°≥…≤‚ ‘_1470654418.csv,0.21428571428571427,1.0,1.0,1.0,1.0,0.14720812182741116,0.14720812182741116,0.14720812182741116,0.14720812182741116,0.8730964467005076,0.2566371681415929,0.2566371681415929,0.2566371681415929,0.2566371681415929,0.34411470490163387,
321-129-”––ΩøÏ∑√≤‚ ‘_1463738103.csv,0.4,0.4,0.4,0.4,0.9,0.03100775193798455,0.751937984496124,0.813953488372093,0.813953488372093,0.813953488372093,0.05995004163197346,0.5222072678331091,0.5363984674329502,0.5363984674329502,0.5363984674329502,
322-129-bug”––ΩøÏ∑√≤‚ ‘_1470654415.csv,0.4,0.4,0.4,0.4,0.9,0.03100775193798455,0.7829457364341086,0.813953488372093,0.813953488372093,0.813953488372093,0.05995004163197346,0.5294888597640892,0.5363984674329502,0.5363984674329502,0.5363984674329502,
325-231- ˝”¢≤‚ ‘_1463738102.csv,0.25925925925925924,1.0,1.0,1.0,1.0,0.09956709956709953,0.11255411255411252,0.11688311688311692,0.11688311688311692,0.8787878787878788,0.18110236220472437,0.2023346303501945,0.2093023255813954,0.2093023255813954,0.40039447731755423,
326-231-bug ˝”¢≤‚ ‘_1470654415.csv,0.25925925925925924,1.0,1.0,1.0,1.0,0.09956709956709953,0.11255411255411252,0.11688311688311692,0.11688311688311692,0.8787878787878788,0.18110236220472437,0.2023346303501945,0.2093023255813954,0.2093023255813954,0.40039447731755423,
327-239-∂Ø∆¿¥≤‚ ‘_1463738068.csv,0.06896551724137931,0.7586206896551724,0.7586206896551724,0.7586206896551724,0.8620689655172413,0.4769874476987448,0.5481171548117154,0.5481171548117154,0.5481171548117154,0.8828451882845189,0.12793694103380324,0.61415795711669,0.6364138235618857,0.6364138235618857,0.6690058479532164,
328-239-bug∂Ø∆¿¥≤‚ ‘_1470654454.csv,0.06896551724137931,0.7586206896551724,0.7586206896551724,0.7586206896551724,0.8620689655172413,0.4769874476987448,0.5481171548117154,0.5481171548117154,0.598326359832636,0.8828451882845189,0.12793694103380324,0.6364138235618857,0.6364138235618857,0.6364138235618857,0.6690058479532164,
329-102-bug–°Àµ‘ƒ∂¡Õ¯V1.0.8≤‚ ‘_1470654414.csv,0.42857142857142855,0.42857142857142855,0.42857142857142855,0.7142857142857143,0.9285714285714286,0.2941176470588235,0.5882352941176471,0.7058823529411764,0.7058823529411764,0.7549019607843137,0.44673539518900335,0.5333333333333333,0.5333333333333333,0.5333333333333333,0.6451612903225806,
330-102-–°Àµ‘ƒ∂¡Õ¯V1.0.8≤‚ ‘_1463738106.csv,0.42857142857142855,0.42857142857142855,0.42857142857142855,0.42857142857142855,0.9285714285714286,0.2941176470588235,0.7058823529411764,0.7058823529411764,0.7058823529411764,0.7549019607843137,0.44673539518900335,0.5333333333333333,0.5333333333333333,0.5333333333333333,0.6451612903225806,
336-179-bugRulane SportV1.2.8≤‚ ‘_1470654410.csv,1.0,1.0,1.0,1.0,1.0,0.06145251396648044,0.06145251396648044,0.06145251396648044,0.06145251396648044,0.07821229050279332,0.1157894736842105,0.1157894736842105,0.1157894736842105,0.1157894736842105,0.14507772020725393,
337-255-bug4399”Œœ∑∫–V3.3≤‚ ‘_1470654412.csv,0.13333333333333333,0.16666666666666666,1.0,1.0,1.0,0.0117647058823529,0.0117647058823529,0.0117647058823529,0.8745098039215686,0.9215686274509804,0.023255813953488292,0.023255813953488292,0.023255813953488292,0.23138780804150455,0.28228228228228225,
338-315-bug¡⁄¡⁄V1.3.4 build≤‚ ‘_1470654409.csv,0.7027027027027027,0.7027027027027027,0.7027027027027027,0.7837837837837838,0.9459459459459459,0.44126984126984126,0.7333333333333334,0.7333333333333334,0.7333333333333334,0.7333333333333334,0.6018060366155369,0.7176913425345045,0.7176913425345045,0.7176913425345045,0.7176913425345045,
339-308-bugWhatchAppV1.0≤‚ ‘_1470654408.csv,0.631578947368421,0.631578947368421,0.631578947368421,0.7894736842105263,0.7894736842105263,0.5454545454545454,0.5584415584415585,0.7077922077922079,0.7077922077922079,0.7077922077922079,0.6451612903225806,0.654158215010142,0.667517223781577,0.667517223781577,0.667517223781577,
340-266-bug∞¸Õ∑”≈…˙ªÓV1.20.160426≤‚ ‘_1470654405.csv,1.0,1.0,1.0,1.0,1.0,0.003759398496240629,0.007518796992481258,0.007518796992481258,0.007518796992481258,0.02631578947368418,0.007490636704119906,0.014925373134328467,0.014925373134328467,0.014925373134328467,0.05128205128205123,
343-115-bug100◊¨V1.4≤‚ ‘_1470654401.csv,0.25,0.625,0.625,0.625,0.625,0.6521739130434783,0.6869565217391305,0.6869565217391305,0.6869565217391305,0.8260869565217391,0.3838383838383838,0.6382978723404256,0.6545153272576636,0.6545153272576636,0.6545153272576636,
346-214-bug–ÏÀÆ»¶V1.0.160419≤‚ ‘_1470654402.csv,0.84,0.88,0.88,0.88,0.88,0.47663551401869164,0.4953271028037384,0.4953271028037384,0.5093457943925234,0.6074766355140186,0.6183521631303389,0.6338678988855668,0.6338678988855668,0.6341598559357251,0.7187735611962804,
347-370-bug÷∏º‚¥Û—ß≤‚ ‘_1470654404.csv,1.0,1.0,1.0,1.0,1.0,0.30810810810810807,0.3189189189189189,0.3189189189189189,0.3189189189189189,0.32432432432432434,0.4710743801652892,0.48360655737704916,0.48360655737704916,0.48360655737704916,0.489795918367347,
348-467-bug”—∑˛…Ã≥«V1.0≤‚ ‘_1470654398.csv,1.0,1.0,1.0,1.0,1.0,0.004282655246252709,0.0064239828693790635,0.010706638115631661,0.010706638115631661,0.010706638115631661,0.008528784648187697,0.012765957446808607,0.021186440677966042,0.021186440677966042,0.021186440677966042,
349-195-bug”≈”∆–£‘∞V2.1.0.2628≤‚ ‘_1470654399.csv,0.08,0.2,0.2,0.2,1.0,0.01538461538461533,0.7230769230769231,0.7230769230769231,0.7230769230769231,0.7948717948717949,0.030303030303030196,0.14536928487690504,0.3133333333333333,0.3133333333333333,0.3133333333333333,
350-324-bugdr.wineV3.1.2≤‚ ‘_1470654390.csv,0.95,0.95,0.95,0.95,0.95,0.2592592592592593,0.2592592592592593,0.2592592592592593,0.2592592592592593,0.26543209876543206,0.4073506891271057,0.4073506891271057,0.4073506891271057,0.4073506891271057,0.4149314372778059,
351-123-bugFolderExplorerV1.0≤‚ ‘_1470654387.csv,0.5294117647058824,0.7647058823529411,0.8823529411764706,0.8823529411764706,0.8823529411764706,0.34959349593495936,0.36585365853658536,0.36585365853658536,0.36585365853658536,0.6585365853658536,0.4798283261802575,0.5172413793103449,0.5172413793103449,0.5172413793103449,0.5869565217391303,
356-105-bug–“‘À‘∆π∫V0.1.0≤‚ ‘_1470654372.csv,0.8,0.8,0.8,0.9333333333333333,0.9333333333333333,0.3904761904761904,0.6,0.6,0.6,0.6190476190476191,0.550599520383693,0.6857142857142857,0.6857142857142857,0.6857142857142857,0.697986577181208,
357-134-bug÷˛“ΩÃ®V1.2≤‚ ‘_1470654365.csv,0.3157894736842105,1.0,1.0,1.0,1.0,0.007462686567164201,0.014925373134328401,0.014925373134328401,0.04477611940298509,0.8134328358208955,0.014814814814814855,0.029411764705882436,0.029411764705882436,0.08571428571428576,0.4549565217391305,
360-277-bug—∞µΩ±¶V1.0.0≤‚ ‘_1470654368.csv,1.0,1.0,1.0,1.0,1.0,0.09025270758122739,0.10469314079422387,0.15523465703971118,0.15523465703971118,0.15523465703971118,0.1655629139072847,0.18954248366013077,0.26875,0.26875,0.26875,
361-155-bugµ¬≥…¥˚V1.0≤‚ ‘_1470654375.csv,0.4090909090909091,0.5454545454545454,0.5454545454545454,0.5454545454545454,1.0,0.032258064516129004,0.7290322580645161,0.7290322580645161,0.7290322580645161,0.7419354838709677,0.062499999999999944,0.5273885350318471,0.6240220892774965,0.6240220892774965,0.6240220892774965,
362-172-bug“ª±»∑÷V1.1.0≤‚ ‘_1470654365.csv,0.17391304347826086,0.21739130434782608,1.0,1.0,1.0,0.023255813953488413,0.023255813953488413,0.023255813953488413,0.813953488372093,0.8837209302325582,0.04545454545454553,0.04545454545454553,0.04545454545454553,0.2906309751434034,0.3431372549019608,
366-206-bugÕ®¡…±Ãπ‘∞V2.07.160526≤‚ ‘_1470654364.csv,0.20833333333333334,0.25,0.25,0.2916666666666667,0.2916666666666667,0.7961165048543689,0.854368932038835,0.854368932038835,0.854368932038835,0.854368932038835,0.33498287019413786,0.3868131868131868,0.3868131868131868,0.4269245072517665,0.4283081459638777,
377-132-bug ¿ºÕø™‘™V1.0≤‚ ‘_1470654361.csv,1.0,1.0,1.0,1.0,1.0,0.1515151515151515,0.1515151515151515,0.18181818181818177,0.18181818181818177,0.20454545454545459,0.2631578947368421,0.2631578947368421,0.30769230769230765,0.30769230769230765,0.339622641509434,
382-101-bug≥ˆ”Œ±¶V0.9.2≤‚ ‘_1470654358.csv,1.0,1.0,1.0,1.0,1.0,0.00990099009900991,0.04950495049504955,0.04950495049504955,0.04950495049504955,0.04950495049504955,0.01960784313725492,0.09433962264150951,0.09433962264150951,0.09433962264150951,0.09433962264150951,
383-112-bug––÷™±¶V1.6.6≤‚ ‘_1470654355.csv,0.875,0.875,0.875,0.875,1.0,0.0714285714285714,0.3035714285714286,0.3035714285714286,0.3035714285714286,0.3303571428571429,0.13333333333333328,0.45075757575757575,0.45075757575757575,0.45075757575757575,0.47962962962962974,
389-141-bug∫√…∆¿÷π∫V2.1.0≤‚ ‘_1470654354.csv,1.0,1.0,1.0,1.0,1.0,0.25531914893617025,0.26241134751773054,0.276595744680851,0.276595744680851,0.276595744680851,0.40677966101694923,0.41573033707865176,0.43333333333333324,0.43333333333333324,0.43333333333333324,
397-149-bug∆Ê∫√‘∆±¶V1.0.0≤‚ ‘_1470654352.csv,0.85,0.85,0.85,0.85,0.9,0.2953020134228188,0.3557046979865772,0.3557046979865772,0.3557046979865772,0.36241610738255037,0.4446939921392477,0.501530754244364,0.501530754244364,0.501530754244364,0.5081649598671464,
4-399-∞Ÿ∂»‰Ø¿¿∆˜T7≥¢œ ∞Êµ⁄∂˛¬÷≤‚ ‘¿¥œÆ_1463737217.csv,1.0,1.0,1.0,1.0,1.0,0.007518796992481258,0.007518796992481258,0.007518796992481258,0.01754385964912286,0.01754385964912286,0.014925373134328467,0.014925373134328467,0.014925373134328467,0.03448275862068976,0.03448275862068976,
403-197-bugµ„∞Ô∞Ô≤‚ ‘_1470654349.csv,1.0,1.0,1.0,1.0,1.0,0.005076142131979711,0.025380710659898442,0.025380710659898442,0.025380710659898442,0.025380710659898442,0.01010101010101013,0.04950495049504944,0.04950495049504944,0.04950495049504944,0.04950495049504944,
404-270-bug√≈’Ô¥ÛÃ¸V2.6.5≤‚ ‘_1470654351.csv,0.9696969696969697,0.9696969696969697,0.9696969696969697,0.9696969696969697,0.9696969696969697,0.2962962962962963,0.3111111111111111,0.3111111111111111,0.3111111111111111,0.31851851851851853,0.4539007092198581,0.4710830704521557,0.4710830704521557,0.4710830704521557,0.479526049834466,
42-129-”≈∑ø”≈≈…≤‚ ‘_1463737427.csv,0.4444444444444444,0.5,0.5,0.5555555555555556,0.7777777777777778,0.5736434108527132,0.689922480620155,0.7674418604651163,0.7674418604651163,0.7829457364341086,0.5670175438596491,0.6055045871559633,0.6055045871559633,0.6154910096818811,0.6602931803696622,
426-122-bug∂˛æ∆Õ¯V1.0≤‚ ‘_1470654340.csv,1.0,1.0,1.0,1.0,1.0,0.08196721311475408,0.08196721311475408,0.11475409836065575,0.11475409836065575,0.11475409836065575,0.1515151515151515,0.1515151515151515,0.20588235294117652,0.20588235294117652,0.20588235294117652,
427-157-bug∆ﬂ≤ ¿÷æ”V1.1≤‚ ‘_1470654346.csv,0.7727272727272727,0.7727272727272727,0.7727272727272727,0.7727272727272727,0.8181818181818182,0.49044585987261147,0.5031847133757962,0.5031847133757962,0.5031847133757962,0.5222929936305732,0.6094849103698662,0.6094849103698662,0.6094849103698662,0.6132743362831858,0.6232953275206796,
441-113-bug‘∆∞Èƒ∏”§V3.6.0≤‚ ‘_1470654337.csv,0.7333333333333333,1.0,1.0,1.0,1.0,0.07964601769911506,0.09734513274336287,0.09734513274336287,0.1327433628318584,0.33628318584070793,0.1475409836065574,0.17741935483870977,0.17741935483870977,0.23437499999999997,0.46111417539988964,
442-124-bug…œ∫£»˝≈©»»œﬂV1.0≤‚ ‘_1470654332.csv,0.875,0.875,0.875,0.875,1.0,0.3548387096774194,0.467741935483871,0.467741935483871,0.467741935483871,0.49193548387096775,0.5238095238095238,0.6096096096096096,0.6096096096096096,0.6096096096096096,0.6297935103244837,
443-131-bugÓ¯º◊÷˙ ÷V1.0≤‚ ‘_1470654323.csv,0.7777777777777778,0.7777777777777778,1.0,1.0,1.0,0.3587786259541985,0.3587786259541985,0.3587786259541985,0.5114503816793894,0.5190839694656488,0.5280898876404495,0.5280898876404495,0.5280898876404495,0.6171052631578948,0.6226291693917594,
449-101-bugœÊ√Œπ∫…Ãº“V1.1.1≤‚ ‘_1470654326.csv,1.0,1.0,1.0,1.0,1.0,0.36633663366336633,0.37623762376237624,0.40594059405940597,0.40594059405940597,0.40594059405940597,0.5362318840579711,0.5467625899280576,0.5774647887323945,0.5774647887323945,0.5774647887323945,
450-101-bugÃÏ”ÚÃÏ∆¯V1.0≤‚ ‘_1470654313.csv,0.8333333333333334,0.8333333333333334,0.8333333333333334,0.8333333333333334,1.0,0.02970297029702973,0.28712871287128716,0.28712871287128716,0.28712871287128716,0.306930693069307,0.057692307692307744,0.427098674521355,0.427098674521355,0.427098674521355,0.44862518089725045,
451-109-bug’∆…œ110V1.0.0≤‚ ‘_1470654321.csv,0.7333333333333333,0.7333333333333333,0.7333333333333333,0.7333333333333333,0.8,0.4862385321100917,0.5596330275229358,0.5596330275229358,0.5596330275229358,0.5871559633027523,0.6048502139800286,0.6348155156102174,0.6348155156102174,0.6348155156102174,0.652153774895785,
452-126-bug‡À…˘V1.3.0≤‚ ‘_1470654315.csv,0.6111111111111112,0.6111111111111112,0.6111111111111112,0.8333333333333334,1.0,0.4444444444444444,0.5555555555555556,0.6666666666666667,0.6666666666666667,0.6666666666666667,0.6153846153846153,0.6376811594202899,0.6376811594202899,0.6376811594202899,0.6666666666666667,
456-103-bug¥¥ª›“◊π∫V0.0.2≤‚ ‘_1470654304.csv,1.0,1.0,1.0,1.0,1.0,0.009708737864077666,0.009708737864077666,0.009708737864077666,0.04854368932038833,0.06796116504854366,0.01923076923076922,0.01923076923076922,0.01923076923076922,0.09259259259259256,0.12727272727272723,
457-134-bug∫Õ“◊…˙ªÓV2.0.4≤‚ ‘_1470654307.csv,1.0,1.0,1.0,1.0,1.0,0.26865671641791045,0.28358208955223885,0.28358208955223885,0.28358208955223885,0.29104477611940294,0.42352941176470593,0.4418604651162791,0.4418604651162791,0.4418604651162791,0.4508670520231214,
464-186-bug—€◊®º“V1.3≤‚ ‘_1470654302.csv,1.0,1.0,1.0,1.0,1.0,0.005376344086021501,0.021505376344086002,0.032258064516129004,0.032258064516129004,0.032258064516129004,0.010695187165775392,0.0421052631578947,0.062499999999999944,0.062499999999999944,0.062499999999999944,
471-108-bugŒÔÕ®≈‰ªı–≈œ¢≤øV1.2.0≤‚ ‘_1470654300.csv,0.6,0.6,0.8,0.8,0.8,0.4444444444444444,0.4444444444444444,0.4444444444444444,0.5462962962962963,0.5555555555555556,0.5667752442996743,0.5714285714285714,0.5714285714285714,0.5718901453957996,0.576923076923077,
472-114-bug∞€÷∞Õ¯V1.2.1≤‚ ‘_1470654299.csv,0.625,0.8125,0.8125,0.875,0.875,0.4298245614035088,0.4385964912280702,0.4736842105263158,0.4736842105263158,0.5701754385964912,0.5764705882352942,0.5843071786310517,0.59846547314578,0.59846547314578,0.59846547314578,
478-103-bugITCV0.0.0≤‚ ‘_1470654295.csv,0.5714285714285714,0.6428571428571429,1.0,1.0,1.0,0.41747572815533984,0.41747572815533984,0.41747572815533984,0.6601941747572815,0.7087378640776699,0.589041095890411,0.589041095890411,0.589041095890411,0.6126126126126126,0.6741918932786044,
479-122-bug”–∏ˆ–‘V1.0.3≤‚ ‘_1470654296.csv,0.47058823529411764,0.47058823529411764,0.47058823529411764,0.7647058823529411,1.0,0.016393442622950838,0.5491803278688525,0.7049180327868853,0.7049180327868853,0.7131147540983607,0.032258064516129066,0.5643970467596391,0.5643970467596391,0.5643970467596391,0.6392660550458715,
48-118-∞Ÿ∂»≈¥√◊6.0.2≤‚ ‘_1463737445.csv,0.6153846153846154,0.6153846153846154,0.6153846153846154,0.6153846153846154,0.7692307692307693,0.6186440677966102,0.6440677966101696,0.6440677966101696,0.6440677966101696,0.6610169491525424,0.629399585921325,0.629399585921325,0.629399585921325,0.6373850868232891,0.6857679661813058,
487-111-bugº¯∂®±¶V1.0≤‚ ‘_1470654296.csv,0.8666666666666667,0.9333333333333333,0.9333333333333333,0.9333333333333333,1.0,0.36936936936936937,0.45945945945945943,0.45945945945945943,0.49549549549549554,0.49549549549549554,0.5394736842105263,0.6157826649417852,0.6157826649417852,0.6305114638447972,0.6473308112652376,
488-132-bug“◊√ÎŒ¢≈‰øÕªß∂ÀV1.0.0≤‚ ‘_1470654297.csv,0.6111111111111112,0.7777777777777778,0.7777777777777778,0.7777777777777778,0.7777777777777778,0.5454545454545454,0.5454545454545454,0.5454545454545454,0.5757575757575757,0.6818181818181819,0.6407263294422827,0.6412213740458015,0.6412213740458015,0.6412213740458015,0.7135325131810194,
499-130-bugÃ’ ¿ΩÁV1.0.1≤‚ ‘_1470654291.csv,1.0,1.0,1.0,1.0,1.0,0.3846153846153846,0.4,0.4,0.4,0.46153846153846156,0.5555555555555555,0.5714285714285715,0.5714285714285715,0.5714285714285715,0.631578947368421,
508-159-bug∫√‘∞«¯VV1.0.5≤‚ ‘_1470654289.csv,0.7272727272727273,0.7727272727272727,0.7727272727272727,0.7727272727272727,0.8181818181818182,0.5157232704402516,0.6226415094339622,0.6226415094339622,0.6226415094339622,0.6226415094339622,0.6326618088298328,0.6896127842655194,0.6896127842655194,0.6896127842655194,0.6896127842655194,
509-176-bug∫Ï–…–…V1.2≤‚ ‘_1470654287.csv,1.0,1.0,1.0,1.0,1.0,0.07954545454545459,0.07954545454545459,0.07954545454545459,0.09090909090909094,0.09090909090909094,0.14736842105263165,0.14736842105263165,0.14736842105263165,0.16666666666666674,0.16666666666666674,
521-125-bug≥« –»»œﬂV4.2≤‚ ‘_1470654282.csv,1.0,1.0,1.0,1.0,1.0,0.08799999999999997,0.08799999999999997,0.08799999999999997,0.10399999999999998,0.19999999999999996,0.16176470588235287,0.16176470588235287,0.16176470588235287,0.18840579710144922,0.33333333333333326,
527-132-bugæ£÷›–¬Œ≈V2.3.1≤‚ ‘_1470654284.csv,0.7222222222222222,0.7222222222222222,0.7222222222222222,0.7777777777777778,0.7777777777777778,0.5151515151515151,0.5227272727272727,0.6363636363636364,0.6363636363636364,0.6363636363636364,0.6197916666666667,0.625242718446602,0.6765799256505576,0.6765799256505576,0.690734055354994,
533-166-bug÷™”Ê±¶V1.3.0≤‚ ‘_1470654279.csv,1.0,1.0,1.0,1.0,1.0,0.030120481927710885,0.03614457831325302,0.06024096385542166,0.06024096385542166,0.06024096385542166,0.05847953216374278,0.06976744186046513,0.1136363636363636,0.1136363636363636,0.1136363636363636,
541-116-bug≈”÷–ª™ È∑®V1.0≤‚ ‘_1470654277.csv,1.0,1.0,1.0,1.0,1.0,0.10344827586206895,0.12068965517241381,0.12068965517241381,0.12068965517241381,0.15517241379310343,0.18749999999999997,0.21538461538461542,0.21538461538461542,0.21538461538461542,0.2686567164179104,
543-117-bugª™ ˝œÌø¥V2.1.0≤‚ ‘_1470654279.csv,1.0,1.0,1.0,1.0,1.0,0.017094017094017144,0.02564102564102566,0.02564102564102566,0.042735042735042694,0.042735042735042694,0.03361344537815136,0.050000000000000044,0.050000000000000044,0.08196721311475404,0.08196721311475404,
544-200-bug‘¡Õ®ø®V3.0.3≤‚ ‘_1470654280.csv,1.0,1.0,1.0,1.0,1.0,0.07999999999999996,0.09999999999999998,0.09999999999999998,0.09999999999999998,0.09999999999999998,0.14814814814814806,0.18181818181818177,0.18181818181818177,0.18181818181818177,0.18181818181818177,
557-106-bug≥…∂ºª˘≤„∆ΩÃ®V0.2.6≤‚ ‘_1470654272.csv,0.25,0.25,0.25,0.3333333333333333,0.3333333333333333,0.6981132075471699,0.7169811320754718,0.7169811320754718,0.7169811320754718,0.7358490566037736,0.37073170731707317,0.37073170731707317,0.37073170731707317,0.45121951219512196,0.45508982035928147,
559-116-bug∂´Œ˜ÀµV1.0≤‚ ‘_1470654273.csv,1.0,1.0,1.0,1.0,1.0,0.008620689655172376,0.017241379310344862,0.017241379310344862,0.03448275862068961,0.03448275862068961,0.01709401709401702,0.03389830508474583,0.03389830508474583,0.0666666666666666,0.0666666666666666,
6-144-∞Ÿ∂»ÃÏ—€≤‚ ‘∑¥¿°_1463737257.csv,0.15384615384615385,0.15384615384615385,0.15384615384615385,1.0,1.0,0.02777777777777779,0.05555555555555558,0.6666666666666667,0.6666666666666667,0.6666666666666667,0.054054054054054085,0.10526315789473689,0.25,0.25,0.25,
65-111-∂·±¶√®≤‚ ‘_1463737499.csv,0.26666666666666666,0.26666666666666666,0.26666666666666666,0.8,1.0,0.2792792792792793,0.49549549549549554,0.7837837837837838,0.7837837837837838,0.7837837837837838,0.39794168096054894,0.39794168096054894,0.39794168096054894,0.521193092621664,0.611961057023644,
67-138-∑®¬…“◊≤È≤‚ ‘_1463737508.csv,0.3888888888888889,0.7222222222222222,0.7222222222222222,0.7222222222222222,0.8333333333333334,0.536231884057971,0.6521739130434783,0.6521739130434783,0.6521739130434783,0.8188405797101449,0.5273333333333333,0.652557319223986,0.6854130052724078,0.6854130052724078,0.7344262295081967,
7-127-∞Ÿ∂» ÷ª˙Œ¿ ø∞≤»´∂Ã–≈π¶ƒ‹≤‚ ‘_1463737282.csv,0.3333333333333333,1.0,1.0,1.0,1.0,0.007874015748031482,0.007874015748031482,0.007874015748031482,0.17322834645669294,0.7480314960629921,0.015624999999999972,0.015624999999999972,0.015624999999999972,0.2953020134228188,0.46116504854368934,
72-213-ª®”—≤‚ ‘_1463737504.csv,0.9230769230769231,0.9230769230769231,0.9230769230769231,1.0,1.0,0.3615023474178404,0.3755868544600939,0.5211267605633803,0.5211267605633803,0.5305164319248826,0.5310344827586206,0.546075085324232,0.6661665416354088,0.6661665416354088,0.6737888198757764,
74-230-Õ®–«∑€≤‚ ‘_1463737520.csv,0.4074074074074074,0.4074074074074074,0.4074074074074074,0.4074074074074074,1.0,0.26086956521739135,0.7913043478260869,0.7913043478260869,0.7913043478260869,0.7913043478260869,0.4137931034482759,0.5378828586781301,0.5378828586781301,0.5378828586781301,0.5378828586781301,
76-113-≤ÈøÏµ›≤‚ ‘_1463737513.csv,0.9375,0.9375,0.9375,0.9375,1.0,0.2566371681415929,0.2566371681415929,0.2566371681415929,0.2920353982300885,0.33628318584070793,0.40296433534043535,0.40296433534043535,0.40296433534043535,0.452054794520548,0.49500651324359524,
81-153-worker≤‚ ‘_1463737532.csv,1.0,1.0,1.0,1.0,1.0,0.006535947712418277,0.019607843137254943,0.019607843137254943,0.019607843137254943,0.039215686274509776,0.012987012987012941,0.03846153846153855,0.03846153846153855,0.03846153846153855,0.0754716981132075,
83-132-«—◊”“Ω…˙≤‚ ‘_1463737528.csv,0.3888888888888889,1.0,1.0,1.0,1.0,0.09090909090909094,0.09090909090909094,0.09090909090909094,0.12878787878787878,0.7348484848484849,0.16666666666666674,0.16666666666666674,0.16666666666666674,0.22818791946308722,0.5086142322097379,
87-123-Ã˝ ¿ΩÁÃ˝ È≤‚ ‘_1463737540.csv,0.7058823529411765,0.8823529411764706,0.8823529411764706,0.8823529411764706,0.9411764705882353,0.31707317073170727,0.41463414634146345,0.41463414634146345,0.41463414634146345,0.5528455284552846,0.47434435575826667,0.5641592920353984,0.5641592920353984,0.5641592920353984,0.6200607902735562,
89-120-“ª∆∑…≤‚ ‘_1463737536.csv,0.8823529411764706,0.8823529411764706,0.8823529411764706,0.9411764705882353,0.9411764705882353,0.4666666666666667,0.5833333333333333,0.6,0.6,0.6,0.6239554317548747,0.7142857142857143,0.7142857142857143,0.7142857142857143,0.720257234726688,
92-133-ﬂ˜∂ﬂ¿≤≤‚ ‘_1463737548.csv,0.47368421052631576,0.8947368421052632,0.8947368421052632,0.8947368421052632,1.0,0.03759398496240607,0.4135338345864662,0.4135338345864662,0.4135338345864662,0.736842105263158,0.07246376811594213,0.5656382335148216,0.5656382335148216,0.5656382335148216,0.6140350877192983,
93-104-ΩÒ»’≥« –≤‚ ‘_1463737550.csv,0.2857142857142857,0.42857142857142855,0.42857142857142855,0.5714285714285714,0.6428571428571429,0.6153846153846154,0.6634615384615384,0.7692307692307692,0.7692307692307692,0.8076923076923077,0.42211055276381904,0.5504587155963302,0.5504587155963302,0.6140155728587319,0.62882096069869,
95-106-∞Æ≈„ª§≤‚ ‘_1463737556.csv,0.8571428571428571,0.8571428571428571,0.9285714285714286,0.9285714285714286,0.9285714285714286,0.4339622641509434,0.4339622641509434,0.4339622641509434,0.4716981132075472,0.4811320754716981,0.5914935707220574,0.5914935707220574,0.5914935707220574,0.6085192697768763,0.6338432122370937,
97-107-Ã‘Ãÿª›≤‚ ‘_1463737552.csv,0.4666666666666667,1.0,1.0,1.0,1.0,0.028037383177570097,0.04672897196261683,0.04672897196261683,0.04672897196261683,0.719626168224299,0.05454545454545456,0.08928571428571429,0.08928571428571429,0.08928571428571429,0.5661764705882354,
98-117-øÏ¿÷¬˙“‚≈ƒ≤‚ ‘_1463737558.csv,1.0,1.0,1.0,1.0,1.0,0.16239316239316237,0.17948717948717952,0.23076923076923073,0.23076923076923073,0.23076923076923073,0.27941176470588236,0.30434782608695654,0.3749999999999999,0.3749999999999999,0.3749999999999999,
99-156-—≈Àºæ˝≤‚ ‘_1463737564.csv,0.9090909090909091,0.9545454545454546,0.9545454545454546,0.9545454545454546,0.9545454545454546,0.5,0.5,0.5,0.5192307692307692,0.5961538461538461,0.65625,0.65625,0.65625,0.6725978647686832,0.7200929152148665,
